tree
version=v4
num_class=1
num_tree_per_iteration=1
label_index=0
max_feature_idx=23
objective=regression
feature_names=day_of_week is_weekend is_exam_week has_campus_event weather_code temp_max_c category_id price unit_cost discount_rate promotion_flag lag_1_sold lag_2_sold lag_3_sold lag_7_sold rolling_mean_3 rolling_mean_7 rolling_std_7 same_dow_last_4w_mean is_school_holiday is_state_holiday special_day comp_price_ratio recent_trend_3d
feature_infos=[0:6] [0:1] [0:1] none [0:3] [31:33] [1:4] [8:15] [3.2000000000000002:6] none none [0:124] [0:124] [0:124] [0:124] [0:118] [0:109.28571428571429] [0:32.899848023964879] [0:115] [0:1] none none none none
tree_sizes=1354 1463 1462 1455 1464 1455 1458 1458 1459 1456 1464 1462 1464 1473 1468 1476 1470 1471 1469 1466 1463 1471 1473 1472 1472 1468 1470 1480 1469 1469 1465 1466 1475 1473 1475 1475 1488 1472 1476 1476 1475 1471 1480 1478 1476 1495 1470 1476 1466 1476 1484 1477 1478 1477 1474 1488 1474 1488 1494 1476 1480 1481 1485 1490 1487 1482 1484 1478 1504 1488 1496 1484 1486 1491 1491 1493 1497 1490 1491 1499 1495 1498 1492 1509 1511 1513 1515 1513 1505 1501 1493 1517 1502 1500 1517 1514 1507 1517 1509 1503 1504 1510 1502 1506 1514 1503 1512 1507 1518 1519 1517 1510 1507 1503 1513 1512 1514 1524 1529 1524 1503 1513 1518 1516 1517 1522 1528 1512 1516 1519 1534 1536 1516 1511 1510 1524 1528 1522 1522 1525 1515 1514 1534 1511 1518 1523 1517 1514 1512 1514 1512 1525 1527 1525 1519 1509 1517 1535 1514 1513 1516 1519 1519 1522 1511 1511 1518 1513 1535 1519 1529 1512 1525 1527 1526 1521 1511 1527 1526 1529 1507 1510 1512 1507 1515 1521 1514 1510 1515 1510 1523 1536 1518 1520 1528 1520 1509 1515 1517 1516 1510 1524 1523 1517 1522 1523 1519 1527 1532 1529 1508 1515 1507 1506 1514 1517 1524 1517 1546 1542 1527 1533 1522 1528 1532 1517 1520 1526 1526 1537 1530 1525 1521 1522 1532 1515 1543 1527 1539 1529 1530 1541 1514 1526 1533 1531 1530 1533 1527 1525 1527 1525 1548 1529 1539 1523 1534 1536 1525 1543 1524 1517 1527 1531 1532 1525 1519 1537 1534 1527 1515 1520 1530 1521 1529 1522 1519 1523 1514 1512 1521 1543 1523 1538 1528 1526 1519 1522 1533 1519 1514 1509 1534 1514 1528 1534 1530 1528 1526 1515 1522 1516 1521 1535 1528 1537 1515 1531 1538 1524 1526 1534 1533 1526 1527 1520 1526 1539 1527 1525 1525 1530 1538 1523 1524 1512 1526 1528 1519 1534 1525 1531 1522 1526 1534 1520 1526 1520 1526 1540 1529 1527 1526 1525 1530 1525 1519 1528 1525 1529 1540 1548 1534 1519 1532 1513 1515 1527 1515 1518 1524 1519 1529 1528 1515 1535 1532 1529 1520 1520 1515 1514 1513 1531 1528 1514 1517 1518 1520 1512 1526 1517 1517 1536 1508 1518 1512 1538 1521 1539 1532 1533 1526 1530 1521 1512 1516 1517 1511 1506 1525 1519 1530 1516 1512 1516 1526 1512 1523 1523 1522 1534 1529 1526 1524 1513 1521 1522 1524 1526 1525 1516 1515 1517 1516 1513 1522 1527 1521 1527 1525 1529 1530 1530 1517 1519 1519 1523 1528 1514 1522 1510 1521 1527 1502 1540 1514 1515 1523 1509 1523 1530 1512 1520 1521 1521 1524 1515 1537 1522 1520 1536 1519 1524 1524 1519 1512 1521 1527 1521 1537 1525 1550 1524 1536 1509 1525 1518 1536 1510 1520 1520 1534 1523 1530 1523 1516 1534 1529 1514 1514 1516 1522 1510 1521 1518 1512 1514 1520 1522

Tree=0
num_leaves=15
num_cat=0
split_feature=17 17 0 0 16 14 11 11 17 17 17 17 17 11
split_gain=37.9713 10.4028 5.02449 2.58829 2.528 2.43228 1.61788 1.54692 1.59958 1.31111 1.19486 0.952594 0.853915 0.696434
threshold=14.72849519724395 18.610671930732096 4.5000000000000009 4.5000000000000009 68.071428571428584 76.500000000000014 69.500000000000014 51.500000000000007 11.513966674062187 11.180339887497938 21.92736928611237 15.42647598432376 16.188620191492088 74.500000000000014
decision_type=2 2 2 2 2 2 2 2 2 2 2 2 2 2
left_child=2 3 4 5 7 6 -2 -1 -9 -4 -3 -5 -8 -7
right_child=1 10 9 11 -6 13 12 8 -10 -11 -12 -13 -14 -15
leaf_value=4.2612478396696973 4.2665646195155187 4.2694051858832154 4.2500050674487833 4.2586405707007238 4.2639518774260043 4.2690133105884964 4.2599858344019683 4.2532985737853624 4.2587059559426015 4.2557708689110818 4.2735011460850947 4.2630352662766802 4.2638290887245889 4.2662274297771665
leaf_weight=160 117 344 45 54 106 138 90 62 250 209 82 231 121 204
leaf_count=160 117 344 45 54 106 138 90 62 250 209 82 231 121 204
internal_value=4.26327 4.26632 4.25821 4.26458 4.25977 4.2656 4.26375 4.25883 4.2576 4.2547 4.27022 4.26219 4.26218 4.26736
internal_weight=2213 1381 832 955 578 670 328 472 312 254 426 285 211 342
internal_count=2213 1381 832 955 578 670 328 472 312 254 426 285 211 342
is_linear=0
shrinkage=1


Tree=1
num_leaves=15
num_cat=0
split_feature=7 16 16 7 7 15 16 16 16 15 16 0 0 0
split_gain=89.6115 23.9238 12.7109 5.63161 3.96883 2.82862 2.54355 2.48568 1.82315 1.59998 1.52333 1.20309 1.07672 0.560497
threshold=11.000000000000002 68.071428571428584 73.309523809523824 14.500000000000002 14.500000000000002 62.166666666666679 85.500000000000014 85.928571428571445 86.928571428571445 55.500000000000007 55.071428571428577 4.5000000000000009 4.5000000000000009 4.5000000000000009
decision_type=2 2 2 2 2 2 2 2 2 2 2 2 2 2
left_child=2 4 5 7 10 -1 12 11 -4 -6 -2 -3 -5 -12
right_child=1 3 8 6 9 -7 -8 -9 -10 -11 13 -13 -14 -15
leaf_value=-0.015764000023115579 -0.007077131923288107 0.0047283557634404368 -0.0060022454822642934 0.0095797916941153683 -0.00092918996608403338 -0.010293299945552786 0.013967850509256419 0.0086024089560645528 -0.0014158416699427061 0.0036410803734625297 -0.00080163092655722928 0.00074842974671865902 0.0057918851825275591 -0.003979052973445505
leaf_weight=145 63 234 242 233 109 235 100 121 116 185 156 97 104 73
leaf_count=145 63 234 242 233 109 235 100 121 116 185 156 97 104 73
internal_value=-7.16344e-05 0.00419808 -0.00859941 0.00729728 -0.000508028 -0.0124167 0.00972733 0.00493158 -0.00452423 0.00194925 -0.00298035 0.0035678 0.00843142 -0.00182742
internal_weight=2213 1475 738 889 586 380 437 452 358 294 292 331 337 229
internal_count=2213 1475 738 889 586 380 437 452 358 294 292 331 337 229
is_linear=0
shrinkage=0.03


Tree=2
num_leaves=15
num_cat=0
split_feature=7 16 18 7 7 18 16 16 15 16 15 0 0 0
split_gain=84.3434 22.5347 12.4649 5.21629 3.82515 2.77042 2.28526 2.249 1.60603 1.5331 1.43525 1.07615 0.981338 0.593389
threshold=11.000000000000002 68.464285714285737 69.291666666666671 14.500000000000002 14.500000000000002 86.625000000000014 85.500000000000014 85.928571428571445 55.500000000000007 55.071428571428577 59.500000000000007 4.5000000000000009 4.5000000000000009 4.5000000000000009
decision_type=2 2 2 2 2 2 2 2 2 2 2 2 2 2
left_child=2 4 10 7 9 -4 12 11 -6 -2 -1 -3 -5 -11
right_child=1 3 5 6 8 -7 -8 -9 -10 13 -12 -13 -14 -15
leaf_value=-0.015857645869886472 -0.0068681353912688793 0.0046516990058107647 -0.0067414279088222487 0.009396430789699069 -0.00090156772379784591 -0.0015987017277770939 0.01355296393137167 0.0083464519862757342 0.0036299442014595504 -0.00060648210731927639 -0.011293253536368238 0.00082446923636292151 0.0057169249840080738 -0.0038037946654858623
leaf_weight=117 63 226 312 225 109 136 100 121 196 164 173 94 101 76
leaf_count=117 63 226 312 225 109 136 100 121 196 164 173 94 101 76
internal_value=-6.94746e-05 0.00407283 -0.00834278 0.00717523 -0.000355658 -0.00518728 0.00954466 0.00486997 0.00201283 -0.00273856 -0.0131829 0.00353352 0.00827743 -0.00163055
internal_weight=2213 1475 738 867 608 448 426 441 305 303 290 320 326 240
internal_count=2213 1475 738 867 608 448 426 441 305 303 290 320 326 240
is_linear=0
shrinkage=0.03


Tree=3
num_leaves=15
num_cat=0
split_feature=7 16 18 7 7 16 16 18 18 18 16 0 0 16
split_gain=79.3868 21.2253 11.7656 4.9884 3.51997 2.26236 2.20817 2.08851 1.77872 1.43864 1.34922 0.97416 0.864288 0.504747
threshold=11.000000000000002 68.071428571428584 71.583333333333357 14.500000000000002 14.500000000000002 84.214285714285737 81.785714285714292 86.625000000000014 59.583333333333336 56.125000000000007 55.071428571428577 4.5000000000000009 4.5000000000000009 91.464285714285737
decision_type=2 2 2 2 2 2 2 2 2 2 2 2 2 2
left_child=2 4 8 6 10 11 12 -4 -1 -6 -2 -5 -3 -8
right_child=1 3 7 5 9 -7 13 -9 -10 -11 -12 -13 -14 -15
leaf_value=-0.01525638530109109 -0.0066653107671299948 0.0040212160647321964 -0.0061415722618535671 0.0088969265257141418 -0.0010400713684977692 0.012740172743797303 0.0058100036914284165 -0.0015510907606221735 -0.010504676801328723 0.0033564238253150887 -0.001724659009226699 0.005175650116661084 0.00032889134542320864 0.0091988278884593752
leaf_weight=118 63 188 263 223 102 118 110 136 221 192 229 96 82 72
leaf_count=118 63 188 263 223 102 118 110 136 221 192 229 96 82 72
internal_value=-6.74114e-05 0.00395134 -0.00809394 0.00687052 -0.000481412 0.0091576 0.004644 -0.00458469 -0.0121987 0.00183275 -0.00280973 0.00779672 0.00290519 0.00719358
internal_weight=2213 1475 738 889 586 437 452 399 339 294 292 319 270 182
internal_count=2213 1475 738 889 586 437 452 399 339 294 292 319 270 182
is_linear=0
shrinkage=0.03


Tree=4
num_leaves=15
num_cat=0
split_feature=7 16 18 7 7 18 18 18 16 16 15 0 0 16
split_gain=74.7228 20.0875 11.0925 4.17496 3.69775 2.44449 2.17244 2.14141 1.45321 1.31503 1.29159 0.662303 0.644063 0.561876
threshold=11.000000000000002 72.642857142857153 69.291666666666671 14.500000000000002 14.500000000000002 86.625000000000014 57.125000000000007 58.291666666666679 87.357142857142875 85.928571428571445 59.500000000000007 4.5000000000000009 4.5000000000000009 67.071428571428584
decision_type=2 2 2 2 2 2 2 2 2 2 2 2 2 2
left_child=2 3 10 7 9 -4 -5 -2 12 11 -1 -3 -6 -9
right_child=1 4 5 6 8 -7 -8 13 -10 -11 -12 -13 -14 -15
leaf_value=-0.014953880387011094 -0.0051975277381582363 0.0050023353072269072 -0.0063356814389756788 -0.00077349863280339732 0.0095126098617911332 -0.0015048976880362272 0.004159336680158352 -0.0014143538620091541 0.013063900724053383 0.0078652406703741823 -0.010627507752385631 0.0014862951963607752 0.0060978550293172397 0.0013385968301774917
leaf_weight=117 112 168 312 114 179 136 269 162 89 121 173 69 80 112
leaf_count=117 112 168 312 114 179 136 269 162 89 121 173 69 80 112
internal_value=-6.5299e-05 0.00383361 -0.00785248 0.000477233 0.00748365 -0.00487581 0.00269289 -0.00172248 0.00969039 0.00531753 -0.0124184 0.00398922 0.00848537 -0.000288285
internal_weight=2213 1475 738 769 706 448 383 386 348 358 290 237 259 274
internal_count=2213 1475 738 769 706 448 383 386 348 358 290 237 259 274
is_linear=0
shrinkage=0.03


Tree=5
num_leaves=15
num_cat=0
split_feature=7 16 18 7 7 18 16 18 18 16 16 0 0 0
split_gain=70.246 19.2591 9.94382 4.32004 3.22339 2.01613 1.85661 1.82809 1.81029 1.50655 1.21498 0.646822 0.59022 0.580142
threshold=11.000000000000002 70.464285714285737 72.125000000000014 14.500000000000002 14.500000000000002 88.625000000000014 85.928571428571445 85.875000000000014 56.125000000000007 58.226190476190482 53.785714285714292 4.5000000000000009 4.5000000000000009 4.5000000000000009
decision_type=2 2 2 2 2 2 2 2 2 2 2 2 2 2
left_child=2 4 9 6 10 -4 11 12 -6 -1 -2 -3 -5 -12
right_child=1 3 5 7 8 -7 -8 -9 -10 -11 13 -13 -14 -15
leaf_value=-0.014836210148119977 -0.006702806403239568 0.004349656373534988 -0.0057380800962851227 0.0087518834492357651 -0.0012068059568160346 -0.001126266770765156 0.0078518859224934734 0.012420099774132604 0.0035406944247258184 -0.010041869415789842 -0.00046034027698624411 0.0012186828429328798 0.0056431529315357854 -0.0034674194773255161
leaf_weight=86 44 204 267 201 104 126 123 114 233 249 191 85 87 82
leaf_count=86 44 204 267 201 104 126 123 114 233 249 191 85 87 82
internal_value=9.32412e-05 0.00387128 -0.00751997 0.00694836 3.66419e-05 -0.00426609 0.00477027 0.00916325 0.00207635 -0.0113131 -0.00213147 0.00343616 0.00783556 -0.00137292
internal_weight=2196 1468 728 814 654 393 412 402 337 335 317 289 288 273
internal_count=2196 1468 728 814 654 393 412 402 337 335 317 289 288 273
is_linear=0
shrinkage=0.03


Tree=6
num_leaves=15
num_cat=0
split_feature=7 16 18 7 7 15 16 18 18 16 15 0 0 0
split_gain=66.1179 18.1309 9.39193 4.06668 3.03468 1.87392 1.74797 1.72143 1.7039 1.47433 1.20514 0.608677 0.555057 0.437702
threshold=11.000000000000002 70.464285714285737 74.875000000000014 14.500000000000002 14.500000000000002 62.166666666666679 85.928571428571445 85.875000000000014 56.125000000000007 92.642857142857153 55.833333333333336 4.5000000000000009 4.5000000000000009 4.5000000000000009
decision_type=2 2 2 2 2 2 2 2 2 2 2 2 2 2
left_child=2 4 5 6 10 -1 11 12 -6 -4 -2 -3 -5 -10
right_child=1 3 9 7 8 -7 -8 -9 13 -11 -12 -13 -14 -15
leaf_value=-0.013311163656885774 -0.0051275070271290402 0.0042198031884504526 -0.0047156866786848585 0.0084906267396884384 -0.0011709465476285132 -0.0088406050865139276 0.0076182290479060132 0.012050736634627633 0.0041810361085994037 1.8026713862434609e-05 -0.00094852152410357328 0.0011825474702481038 0.0054757820857180787 0.0011510285761570399
leaf_weight=141 84 204 267 201 104 244 123 114 175 76 233 85 87 58
leaf_count=141 84 204 267 201 104 244 123 114 175 76 233 85 87 58
internal_value=9.04467e-05 0.00375579 -0.00729568 0.00674139 3.51626e-05 -0.0105081 0.00462813 0.00889035 0.00201427 -0.00366981 -0.00206853 0.00333365 0.00760199 0.00343493
internal_weight=2196 1468 728 814 654 385 412 402 337 343 317 289 288 233
internal_count=2196 1468 728 814 654 385 412 402 337 343 317 289 288 233
is_linear=0
shrinkage=0.03


Tree=7
num_leaves=15
num_cat=0
split_feature=8 16 18 8 8 18 18 18 16 16 18 0 0 0
split_gain=62.232 17.1455 8.84457 3.28323 3.08688 2.06272 1.81121 1.61971 1.36644 1.27444 1.24569 0.570813 0.558863 0.429313
threshold=4.4000000000000012 72.642857142857153 72.125000000000014 5.8000000000000007 5.8000000000000007 59.375000000000007 87.375000000000014 59.583333333333336 58.226190476190482 87.357142857142875 85.875000000000014 4.5000000000000009 4.5000000000000009 4.5000000000000009
decision_type=2 2 2 2 2 2 2 2 2 2 2 2 2 2
left_child=2 4 8 9 7 -6 -4 -2 -1 11 -5 -3 -9 -7
right_child=1 3 6 10 5 13 -8 12 -10 -11 -12 -13 -14 -15
leaf_value=-0.014007660962384321 -0.0041869168251287186 0.0046936488365368727 -0.0054535437574368389 0.0077588215991854668 -0.00020471566510733841 0.0049918438228696849 -0.0011338429736355109 0.00086246281488706455 -0.0094460096275806437 0.0076538605133601272 0.011692358353863591 0.0015497938106552912 -0.00227565529143018 0.0019165905938777874
leaf_weight=86 125 168 261 239 160 170 132 181 249 108 114 77 70 56
leaf_count=86 125 168 261 239 160 170 132 181 249 108 114 77 70 56
internal_value=8.78736e-05 0.00364388 -0.00707791 0.00700866 0.00052128 0.00240282 -0.00400921 -0.00141155 -0.0106553 0.00493893 0.00905858 0.0037159 -1.8267e-05 0.00424163
internal_weight=2196 1468 728 706 762 386 393 376 335 353 353 245 251 226
internal_count=2196 1468 728 706 762 386 393 376 335 353 353 245 251 226
is_linear=0
shrinkage=0.03


Tree=8
num_leaves=15
num_cat=0
split_feature=7 16 16 6 7 7 16 16 7 16 16 16 0 16
split_gain=58.5759 16.1392 8.33903 3.66251 3.08991 1.69238 1.561 1.41673 1.2922 1.19997 1.18756 0.695063 0.578147 0.565397
threshold=11.000000000000002 72.642857142857153 73.309523809523824 3.5000000000000004 14.500000000000002 14.500000000000002 59.642857142857146 87.845238095238116 14.500000000000002 87.357142857142875 85.500000000000014 55.071428571428577 4.5000000000000009 53.357142857142868
decision_type=2 2 2 2 2 2 2 2 2 2 2 2 2 2
left_child=2 3 6 5 9 -2 -1 -4 13 -3 -6 -10 -7 -5
right_child=1 4 7 8 10 12 -8 -9 11 -11 -12 -13 -14 -15
leaf_value=-0.01318785988007273 0.00048700302365922162 0.0036051811408478675 -0.0047486718890441997 -0.006880627411760782 0.007544025517540214 0.0053434160602640127 -0.0087241874157440707 -0.00053431050623720968 -0.0022687260771635919 0.0074263512158612597 0.011410014000056045 0.0015296087165655771 0.0018279816396065025 -0.0026781275665958204
leaf_weight=104 207 245 256 37 242 146 268 100 71 108 111 108 61 132
leaf_count=104 207 245 256 37 242 146 268 100 71 108 111 108 61 132
internal_value=8.52976e-05 0.00353527 -0.00686681 0.000505685 0.00679981 0.00240991 -0.0100041 -0.00356968 -0.0017601 0.00479194 0.00878847 1.87726e-05 0.00432124 -0.00363326
internal_weight=2196 1468 728 762 706 414 372 356 348 353 353 179 207 169
internal_count=2196 1468 728 762 706 414 372 356 348 353 353 179 207 169
is_linear=0
shrinkage=0.03


Tree=9
num_leaves=15
num_cat=0
split_feature=8 16 16 8 8 15 16 16 16 16 6 0 0 0
split_gain=55.1324 15.2459 7.84952 3.38386 2.38907 1.56275 1.54364 1.51417 1.34003 1.33282 1.04029 0.680441 0.599999 0.575767
threshold=4.4000000000000012 69.928571428571445 73.309523809523824 5.8000000000000007 5.8000000000000007 62.166666666666679 83.928571428571445 85.928571428571445 92.642857142857153 56.071428571428577 3.5000000000000004 4.5000000000000009 4.5000000000000009 4.5000000000000009
decision_type=2 2 2 2 2 2 2 2 2 2 2 2 2 2
left_child=2 4 5 7 10 -1 11 12 13 -6 -2 -5 -3 -4
right_child=1 3 8 6 9 -7 -8 -9 -10 -11 -12 -13 -14 -15
leaf_value=-0.01225457395803421 -6.0613613977693594e-05 0.0038827045030378989 -0.0035114929093113495 0.0076780683063526643 -0.00151275905955802 -0.0081216660954154096 0.010732116091968422 0.0069704197211972168 7.025359053309861e-05 0.0028594683346064129 -0.0035377244778341177 0.004332626603813056 0.00092444120928606322 -0.0065412500267287331
leaf_weight=140 143 206 198 200 84 232 132 123 76 241 168 82 89 82
leaf_count=140 143 206 198 200 84 232 132 123 76 241 168 82 89 82
internal_value=8.27407e-05 0.00342977 -0.00666193 0.00610027 -6.78132e-05 -0.00970575 0.00802475 0.0041796 -0.00346303 0.00172824 -0.00194424 0.00672403 0.00299635 -0.0044189
internal_weight=2196 1468 728 832 636 372 414 418 356 325 311 282 295 280
internal_count=2196 1468 728 832 636 372 414 418 356 325 311 282 295 280
is_linear=0
shrinkage=0.03


Tree=10
num_leaves=15
num_cat=0
split_feature=7 18 18 7 7 18 18 6 15 15 18 0 18 0
split_gain=50.578 13.8195 7.62958 3.38585 2.63721 1.86225 1.51668 1.49411 1.21817 0.837177 0.831486 0.504525 0.448708 0.423709
threshold=11.000000000000002 68.291666666666671 69.125000000000014 14.500000000000002 14.500000000000002 84.291666666666671 81.125000000000014 1.5000000000000002 55.833333333333336 56.833333333333336 58.291666666666679 4.5000000000000009 90.291666666666671 4.5000000000000009
decision_type=2 2 2 2 2 2 2 2 2 2 2 2 2 2
left_child=2 4 9 6 10 13 -3 -5 -6 -1 -2 -9 -8 -4
right_child=1 3 5 7 8 -7 12 11 -10 -11 -12 -13 -14 -15
leaf_value=-0.013202551111013075 -0.0044343987381547136 0.0021497154989041979 -0.0048041557330849027 0.0099776759364043066 -0.00066567999050887519 -0.0016328674740272394 0.0044854045665726578 0.0070022539458522905 0.0031161190550253529 -0.0093008073147386305 -0.001112344044718231 0.0038290159115293887 0.007522698003798723 -0.0073791972480036997
leaf_weight=78 108 232 211 156 128 170 115 172 189 199 182 67 79 87
leaf_count=78 108 232 211 156 128 170 115 172 189 199 182 67 79 87
internal_value=-0.00017005 0.00313544 -0.00650165 0.00567064 -0.000297234 -0.00415154 0.00380095 0.00767237 0.00159179 -0.010443 -0.00236051 0.00613235 0.00575448 -0.00557809
internal_weight=2173 1428 745 821 607 468 426 395 317 277 290 239 194 298
internal_count=2173 1428 745 821 607 468 426 395 317 277 290 239 194 298
is_linear=0
shrinkage=0.03


Tree=11
num_leaves=15
num_cat=0
split_feature=7 16 18 7 7 15 18 18 6 16 16 0 0 0
split_gain=47.6105 13.4232 7.22835 2.90762 2.37428 1.58161 1.29082 1.26206 1.2316 1.10349 1.01211 0.48721 0.429236 0.418085
threshold=11.000000000000002 70.464285714285737 74.875000000000014 14.500000000000002 14.500000000000002 60.833333333333336 90.291666666666671 59.875000000000007 1.5000000000000002 90.785714285714292 57.642857142857146 4.5000000000000009 4.5000000000000009 4.5000000000000009
decision_type=2 2 2 2 2 2 2 2 2 2 2 2 2 2
left_child=2 4 5 6 10 -1 11 -6 -5 -4 -2 -3 -10 -12
right_child=1 3 9 8 7 -7 -8 -9 12 -11 13 -13 -14 -15
leaf_value=-0.01185039440866645 -0.0045469190253271266 0.0038158389741569879 -0.0041023547696984481 0.0096623672434399191 -0.00014392706275193526 -0.0077029194515621791 0.0072998380623757837 0.0035630390754426426 0.0069824118241667748 -0.00014533472663190748 3.9479078860669737e-05 0.0012845922536818531 0.0040333670120952384 -0.0027158628214729594
leaf_weight=130 96 216 269 154 172 263 79 158 159 83 150 102 69 73
leaf_count=130 96 216 269 154 172 263 79 158 159 83 150 102 69 73
internal_value=-0.000165009 0.00304205 -0.00630806 0.00569426 -0.000145292 -0.00910145 0.00388024 0.00163633 0.00756446 -0.00317236 -0.0019877 0.0030105 0.00611145 -0.000870592
internal_weight=2173 1428 745 779 649 393 397 330 382 352 319 318 228 223
internal_count=2173 1428 745 779 649 393 397 330 382 352 319 318 228 223
is_linear=0
shrinkage=0.03


Tree=12
num_leaves=15
num_cat=0
split_feature=7 16 18 6 7 16 7 7 18 6 15 15 0 16
split_gain=44.8122 12.6385 6.81122 2.67924 2.37256 1.66871 1.40299 1.11887 0.985857 0.957751 0.753943 0.622855 0.531835 0.531525
threshold=11.000000000000002 72.642857142857153 69.125000000000014 3.5000000000000004 14.500000000000002 85.500000000000014 14.500000000000002 14.500000000000002 90.291666666666671 1.5000000000000002 56.833333333333336 56.166666666666679 4.5000000000000009 58.226190476190482
decision_type=2 2 2 2 2 2 2 2 2 2 2 2 2 2
left_child=2 3 10 6 8 12 -2 13 -3 -6 -1 -9 -4 -5
right_child=1 4 5 7 9 -7 -8 11 -10 -11 -12 -13 -14 -15
leaf_value=-0.012460476794763456 0.00017973942184574938 0.0032488216296419556 -0.0042301464666767664 -0.0049449535623569494 0.009575560316443443 -0.00092254279015053597 0.0037656591739741903 -0.0015384871204554261 0.0070835803085938093 0.0062374055752944611 -0.0087608958587050423 0.001969231570294514 -0.0069522765951771891 -0.0016292160016934522
leaf_weight=78 196 265 251 88 146 125 196 100 79 188 199 82 92 88
leaf_count=78 196 265 251 88 146 125 196 100 79 188 199 82 92 88
internal_value=-0.000159984 0.0029514 -0.00611978 0.00026658 0.00591657 -0.00389936 0.00197772 -0.00160736 0.00414746 0.00772083 -0.00984373 4.40384e-05 -0.00497837 -0.00330566
internal_weight=2173 1428 745 750 678 468 392 358 344 334 277 182 343 176
internal_count=2173 1428 745 750 678 468 392 358 344 334 277 182 343 176
is_linear=0
shrinkage=0.03


Tree=13
num_leaves=15
num_cat=0
split_feature=7 16 18 7 7 18 18 18 16 16 18 1 1 6
split_gain=42.1815 11.9323 6.46139 2.57408 2.10636 1.41518 1.14209 1.13798 1.11547 0.985417 0.898897 0.49749 0.460939 0.370601
threshold=11.000000000000002 70.464285714285737 74.875000000000014 14.500000000000002 14.500000000000002 64.875000000000014 90.291666666666671 59.875000000000007 83.928571428571445 92.928571428571445 59.125000000000007 1.0000000180025095e-35 1.0000000180025095e-35 3.5000000000000004
decision_type=2 2 2 2 2 2 2 2 2 2 2 2 2 2
left_child=2 4 5 6 10 -1 12 13 11 -4 -2 -5 -3 -6
right_child=1 3 9 8 7 -7 -8 -9 -10 -11 -12 -13 -14 -15
leaf_value=-0.010446075713696257 -0.003812216248060035 0.0036220978112990027 -0.003754268554408221 0.0068371422374717047 0.0019676157961098046 -0.0067517228132242908 0.00687372921500355 0.0033658985924942173 0.0096395863022493266 0.00023939902754500504 -0.00056714633541560039 0.0038604309769107201 0.0011615310159050725 -0.0010570867314354322
leaf_weight=192 128 216 283 193 51 201 79 158 114 69 191 75 102 121
leaf_count=192 128 216 283 193 51 201 79 158 114 69 191 75 102 121
internal_value=-0.000155314 0.00286336 -0.00593753 0.00536395 -0.000141752 -0.00857853 0.00365711 0.00153634 0.00712363 -0.00297296 -0.00187709 0.00602156 0.00283897 -0.000154038
internal_weight=2173 1428 745 779 649 393 397 330 382 352 319 268 318 172
internal_count=2173 1428 745 779 649 393 397 330 382 352 319 268 318 172
is_linear=0
shrinkage=0.03


Tree=14
num_leaves=15
num_cat=0
split_feature=7 16 15 6 7 18 7 7 18 6 15 15 16 1
split_gain=39.7025 11.2588 6.09593 2.4078 2.10007 1.34889 1.23497 1.00153 0.869633 0.862433 0.838712 0.554277 0.483486 0.477928
threshold=11.000000000000002 72.642857142857153 71.166666666666671 3.5000000000000004 14.500000000000002 86.625000000000014 14.500000000000002 14.500000000000002 90.291666666666671 1.5000000000000002 56.833333333333336 56.166666666666679 53.357142857142868 1.0000000180025095e-35
decision_type=2 2 2 2 2 2 2 2 2 2 2 2 2 2
left_child=2 3 10 6 8 -4 -2 12 -3 -6 -1 -9 -5 -8
right_child=1 4 5 7 9 -7 13 11 -10 -11 -12 -13 -14 -15
leaf_value=-0.011781978785425803 0.00017930780232796529 0.0030681671147213727 -0.0045756838415295844 -0.0061062959180428434 0.0090336596646479195 -0.00095024247455702563 0.0045117061366529562 -0.0014627046271407109 0.0066700950460508463 0.0058674211245370173 -0.0080100032096671742 0.0018462767208931989 -0.0022840462895629514 0.0012583042546175419
leaf_weight=78 196 265 306 38 146 133 137 100 79 188 228 82 138 59
leaf_count=78 196 265 306 38 146 133 137 100 79 188 228 82 138 59
internal_value=-0.0001505 0.00277813 -0.00576023 0.000244097 0.00557678 -0.00348197 0.00186625 -0.00153237 0.00391229 0.0072743 -0.00900673 3.00973e-05 -0.00313914 0.00354372
internal_weight=2173 1428 745 750 678 439 392 358 344 334 306 182 176 196
internal_count=2173 1428 745 750 678 439 392 358 344 334 306 182 176 196
is_linear=0
shrinkage=0.03


Tree=15
num_leaves=15
num_cat=0
split_feature=7 16 16 7 7 16 16 16 16 16 1 1 1 16
split_gain=37.5661 10.4605 5.72009 2.38395 1.71943 1.53724 1.25738 1.09673 0.91653 0.802825 0.686128 0.57024 0.536885 0.490844
threshold=11.000000000000002 67.464285714285737 76.357142857142875 14.500000000000002 14.500000000000002 61.226190476190482 78.309523809523824 83.928571428571445 53.071428571428577 90.464285714285737 1.0000000180025095e-35 1.0000000180025095e-35 1.0000000180025095e-35 60.785714285714292
decision_type=2 2 2 2 2 2 2 2 2 2 2 2 2 2
left_child=2 4 5 6 8 -1 -3 11 -2 -4 13 -5 -7 -6
right_child=1 3 9 7 10 12 -8 -9 -10 -11 -12 -13 -14 -15
leaf_value=-0.010510692020708864 -0.0061781029420536621 0.0014894489590056312 -0.0033808672202955167 0.0062092712778892166 0.00077544732619603369 -0.0056557814680234094 0.0046804303752089093 0.0087638038087908821 -0.0013962773373049427 -1.8322995553414028e-06 -0.001069346016976686 0.0034168970066093605 -0.0085317536500784073 0.0037299139710629111
leaf_weight=131 42 208 218 227 114 210 241 122 231 89 87 99 90 91
leaf_count=131 42 208 218 227 114 210 241 122 231 89 87 99 90 91
internal_value=-3.17146e-05 0.00275321 -0.00554499 0.00476538 -0.000444114 -0.00777123 0.0032088 0.00631481 -0.00215181 -0.00240446 0.00115436 0.00537432 -0.00654405 0.00209868
internal_weight=2200 1462 738 897 565 431 449 448 273 307 292 326 300 205
internal_count=2200 1462 738 897 565 431 449 448 273 307 292 326 300 205
is_linear=0
shrinkage=0.03


Tree=16
num_leaves=15
num_cat=0
split_feature=7 18 18 7 7 16 17 16 16 18 15 0 0 0
split_gain=35.3596 9.98847 5.48769 2.13018 2.08265 1.21936 0.99874 0.970454 0.959795 0.932458 0.812252 0.404682 0.377314 0.356783
threshold=11.000000000000002 69.291666666666671 74.875000000000014 14.500000000000002 14.500000000000002 61.226190476190482 19.793573572239698 60.785714285714292 53.071428571428577 90.291666666666671 86.833333333333357 4.5000000000000009 4.5000000000000009 4.5000000000000009
decision_type=2 2 2 2 2 2 2 2 2 2 2 2 2 2
left_child=2 3 5 8 6 -1 11 -5 -2 -4 12 -3 -6 -7
right_child=1 4 9 7 10 13 -8 -9 -10 -11 -12 -13 -14 -15
leaf_value=-0.010197760005566206 -0.0059970699839813763 0.0031713168802163542 -0.0035866353349950754 -0.00014118521185393058 0.0064258151715848501 -0.0057053861324276242 0.0057707034098773684 0.0030055768053716746 -0.0011656476698312422 -0.00012879921701934301 0.0089876230735527838 0.00066702592862406525 0.0039774417114873117 -0.0081895743871337918
leaf_weight=131 42 210 247 163 204 174 117 191 272 98 94 81 88 88
leaf_count=131 42 210 247 163 204 174 117 191 272 98 94 81 88 88
internal_value=-3.08676e-05 0.00267103 -0.00537978 -3.31531e-05 0.00494326 -0.00780056 0.00343469 0.00156033 -0.00182888 -0.00260762 0.00652483 0.00247892 0.00570404 -0.00656774
internal_weight=2200 1462 738 668 794 393 408 354 314 345 386 291 292 262
internal_count=2200 1462 738 668 794 393 408 354 314 345 386 291 292 262
is_linear=0
shrinkage=0.03


Tree=17
num_leaves=15
num_cat=0
split_feature=17 17 0 6 0 11 14 4 17 0 6 15 11 6
split_gain=14.8684 3.80944 2.79881 1.93978 1.21017 0.729124 0.719839 0.672555 0.666924 0.596612 0.432821 0.40802 0.371193 0.367709
threshold=14.985707476506365 18.610671930732096 4.5000000000000009 3.5000000000000004 4.5000000000000009 64.500000000000014 76.500000000000014 1.5000000000000002 12.432675841161865 4.5000000000000009 1.5000000000000002 67.833333333333357 77.500000000000014 3.5000000000000004
decision_type=2 2 2 2 2 2 2 2 2 2 2 2 2 2
left_child=2 4 3 5 6 -1 13 11 -4 10 -3 -5 -8 -2
right_child=1 9 8 7 -6 -7 12 -9 -10 -11 -12 -13 -14 -15
leaf_value=0.0020447216341271997 0.00096248209245517954 0.0058799693669481833 -0.0076150678572875843 -0.0018146646248615895 -0.00081599691991785254 -0.0011298424260609823 0.0037565931703097055 -0.0051628683362329418 -0.0044143233659989355 0.0026183464511996134 0.003304059878302117 -0.0057430091280756251 0.001700651877290128 -0.0020742155182441433
leaf_weight=94 247 205 92 175 260 206 139 128 181 127 89 27 189 41
leaf_count=94 247 205 92 175 260 206 139 128 181 127 89 27 189 41
internal_value=-2.99839e-05 0.0020273 -0.00298389 -0.00187928 0.000898119 -0.000131657 0.00162176 -0.00346283 -0.00551682 0.00436916 0.00511403 -0.00236544 0.00258069 0.000524493
internal_weight=2200 1297 903 630 876 300 616 330 273 421 294 202 328 288
internal_count=2200 1297 903 630 876 300 616 330 273 421 294 202 328 288
is_linear=0
shrinkage=0.03


Tree=18
num_leaves=15
num_cat=0
split_feature=8 18 18 8 8 18 17 16 16 18 15 0 0 0
split_gain=33.0456 8.93467 4.9113 2.00192 1.97462 1.10186 0.884564 0.870248 0.860065 0.830683 0.731083 0.361084 0.333286 0.315217
threshold=4.4000000000000012 69.291666666666671 74.875000000000014 5.8000000000000007 5.8000000000000007 64.875000000000014 19.793573572239698 60.785714285714292 53.071428571428577 88.125000000000014 86.833333333333357 4.5000000000000009 4.5000000000000009 4.5000000000000009
decision_type=2 2 2 2 2 2 2 2 2 2 2 2 2 2
left_child=2 3 5 8 6 -1 11 13 -2 -4 12 -3 -6 -5
right_child=1 4 9 7 10 -7 -8 -9 -10 -11 -12 -13 -14 -15
leaf_value=-0.0091630634744896688 -0.005661379954842634 0.0030177102843782274 -0.0037178265399860615 0.00082287188069692443 0.0061715410294510969 -0.0059035615807444576 0.0054619455101142115 0.002938410911519895 -0.0010880068304662588 -0.00067654843215087695 0.0086095895210379046 0.00065179156240291621 0.0038654817099515555 -0.002030347934598103
leaf_weight=189 42 210 215 114 204 204 117 191 272 130 94 81 88 49
leaf_count=189 42 210 215 114 204 204 117 191 272 130 94 81 88 49
internal_value=-2.92003e-05 0.00258279 -0.00520012 2.51458e-05 0.00473182 -0.00749039 0.00326331 0.00156982 -0.00171576 -0.00257711 0.00627159 0.00236364 0.00549213 -4.19947e-05
internal_weight=2200 1462 738 668 794 393 408 354 314 345 386 291 292 163
internal_count=2200 1462 738 668 794 393 408 354 314 345 386 291 292 163
is_linear=0
shrinkage=0.03


Tree=19
num_leaves=15
num_cat=0
split_feature=7 16 18 6 7 7 16 7 18 16 15 16 15 4
split_gain=31.1029 8.4458 4.62252 2.20201 1.48252 1.28506 1.0526 0.871593 0.790554 0.582535 0.441357 0.414598 0.373769 0.357604
threshold=11.000000000000002 74.214285714285737 74.875000000000014 3.5000000000000004 14.500000000000002 14.500000000000002 61.226190476190482 14.500000000000002 90.291666666666671 91.464285714285737 56.166666666666679 90.464285714285737 51.500000000000007 1.5000000000000002
decision_type=2 2 2 2 2 2 2 2 2 2 2 2 2 2
left_child=2 3 6 5 9 -2 -1 10 -4 -3 -5 -6 -9 -7
right_child=1 4 8 7 11 13 -8 12 -10 -11 -12 -13 -14 -15
leaf_value=-0.0094943446361205799 0.00021443769213059065 0.0029987094051950676 -0.0034016419818245565 -0.0046651399012943599 0.0059371188711532848 0.0044805835178349076 -0.0061211951080879668 -0.0018169995360076427 -0.00021669345874353451 0.0061252150753779069 -0.0015204662035733039 0.008656680050331194 0.0010636386950081214 0.0021771180918085521
leaf_weight=131 231 256 247 70 235 122 262 59 98 69 96 73 124 127
leaf_count=131 231 256 247 70 235 122 262 59 98 69 96 73 124 127
internal_value=-2.82793e-05 0.00250577 -0.00504491 0.000511756 0.00511228 0.00182855 -0.00726682 -0.00129936 -0.00250017 0.00367924 -0.00286653 0.00660762 0.000130081 0.00331913
internal_weight=2200 1462 738 829 633 480 393 349 345 325 166 308 183 249
internal_count=2200 1462 738 829 633 480 393 349 345 325 166 308 183 249
is_linear=0
shrinkage=0.03


Tree=20
num_leaves=15
num_cat=0
split_feature=7 16 16 18 7 7 18 7 16 0 0 16 0 0
split_gain=30.3995 8.65513 4.45779 2.04282 1.30777 1.21028 0.863115 0.852434 0.771284 0.568632 0.567882 0.404268 0.4031 0.366113
threshold=11.000000000000002 73.785714285714292 73.309523809523824 59.125000000000007 14.500000000000002 14.500000000000002 57.583333333333336 14.500000000000002 85.928571428571445 4.5000000000000009 4.5000000000000009 84.214285714285737 4.5000000000000009 4.5000000000000009
decision_type=2 2 2 2 2 2 2 2 2 2 2 2 2 2
left_child=2 3 6 7 9 12 -1 -2 -4 11 -6 -3 -5 -8
right_child=1 4 8 5 10 -7 13 -9 -10 -11 -12 -13 -14 -15
leaf_value=-0.0099124120535521668 -0.0034194048419808045 0.003346692503657826 -0.0035446079510844265 0.00079304798156388861 0.0071497233528064266 0.0029590178867354268 -0.0056856698703540622 -0.00017261368423615668 -0.00060932473598246568 0.0016308716336559308 0.0043911358618310518 0.005937102632597089 -0.0018241194945246568 -0.00815151548560928
leaf_weight=86 130 140 243 192 232 259 214 164 121 94 104 95 72 84
leaf_count=86 130 140 243 192 232 259 214 164 121 94 104 95 72 84
internal_value=-3.60142e-05 0.00245216 -0.00496248 0.000382419 0.00499059 0.00150619 -0.00721475 -0.00161499 -0.00257321 0.0036266 0.00631144 0.0044146 7.5085e-05 -0.00640568
internal_weight=2230 1482 748 817 665 523 384 294 364 329 336 235 264 298
internal_count=2230 1482 748 817 665 523 384 294 364 329 336 235 264 298
is_linear=0
shrinkage=0.03


Tree=21
num_leaves=15
num_cat=0
split_feature=7 16 16 7 7 15 16 16 16 0 16 0 16 0
split_gain=28.6151 8.15673 4.19715 1.70776 1.39533 0.884417 0.871229 0.772299 0.725846 0.714851 0.643668 0.417051 0.414648 0.340083
threshold=11.000000000000002 68.642857142857153 73.309523809523824 14.500000000000002 14.500000000000002 62.166666666666679 79.357142857142875 83.928571428571445 85.928571428571445 4.5000000000000009 57.642857142857146 4.5000000000000009 60.785714285714292 4.5000000000000009
decision_type=2 2 2 2 2 2 2 2 2 2 2 2 2 2
left_child=2 4 5 6 10 -1 -3 11 -4 12 -2 -5 -6 -8
right_child=1 3 8 7 9 -7 13 -9 -10 -11 -12 -13 -14 -15
leaf_value=-0.0089213292547304871 -0.0037544285060186885 0.0015292878371198817 -0.003438705531780066 0.0054862949654903856 0.00076495544912177135 -0.0058534061257965037 0.0049452472944890528 0.0075833150580173403 -0.00059119480228830184 -0.0010648593992916677 -0.00076353178623302825 0.0030363651758671039 0.0033285077019509939 0.0022254537274129689
leaf_weight=141 97 213 243 213 119 243 161 126 121 97 193 95 109 59
leaf_count=141 97 213 243 213 119 243 161 126 121 97 193 95 109 59
internal_value=-3.50294e-05 0.00237901 -0.00481473 0.0042518 -0.000263774 -0.00700016 0.00290766 0.00558308 -0.00249636 0.00108458 -0.0017734 0.00474291 0.0019997 0.00422922
internal_weight=2230 1482 748 867 615 384 433 434 364 325 290 308 228 220
internal_count=2230 1482 748 867 615 384 433 434 364 325 290 308 228 220
is_linear=0
shrinkage=0.03


Tree=22
num_leaves=15
num_cat=0
split_feature=7 18 18 7 7 17 6 18 18 18 18 0 0 0
split_gain=26.9334 7.62553 3.92874 1.59141 1.3913 0.834234 0.830468 0.70839 0.690547 0.671573 0.66963 0.33496 0.333677 0.292257
threshold=11.000000000000002 68.583333333333357 74.416666666666671 14.500000000000002 14.500000000000002 13.171034927656972 1.5000000000000002 58.291666666666679 56.125000000000007 86.625000000000014 78.125000000000014 4.5000000000000009 4.5000000000000009 4.5000000000000009
decision_type=2 2 2 2 2 2 2 2 2 2 2 2 2 2
left_child=2 4 5 6 7 -1 12 -2 -6 -4 -5 -8 -3 -12
right_child=1 3 9 10 8 -7 11 -9 -10 -11 13 -13 -14 -15
leaf_value=-0.0083717167249621714 -0.0035178472264246505 0.0052566630211333893 -0.0034055875568659013 0.0041506546144955787 -0.00080394269590941048 -0.0054937857614410935 0.0023661686540155293 -0.00050928252323363709 0.0020787453830416781 -0.00072428188528049812 0.0072957456602769739 -0.00023654416223871518 0.0023387787932418022 0.0046650683013722298
leaf_weight=168 109 128 222 184 108 222 178 197 239 136 169 59 52 59
leaf_count=168 109 128 222 184 108 222 178 197 239 136 169 59 52 59
internal_value=-3.39178e-05 0.00230812 -0.00467104 0.00421623 -0.000117021 -0.00675175 0.00289813 -0.00158893 0.00118181 -0.00239185 0.00554008 0.00171996 0.0044313 0.00663834
internal_weight=2230 1482 748 829 653 390 417 306 347 358 412 237 180 228
internal_count=2230 1482 748 829 653 390 417 306 347 358 412 237 180 228
is_linear=0
shrinkage=0.03


Tree=23
num_leaves=15
num_cat=0
split_feature=7 16 16 6 7 0 17 0 0 7 16 0 7 0
split_gain=25.3506 7.32144 3.74433 2.00852 1.08746 0.82739 0.761431 0.734789 0.668327 0.533624 0.505538 0.494034 0.490683 0.48302
threshold=11.000000000000002 73.785714285714292 73.309523809523824 3.5000000000000004 14.500000000000002 4.5000000000000009 13.171034927656972 4.5000000000000009 4.5000000000000009 14.500000000000002 87.845238095238116 4.5000000000000009 14.500000000000002 4.5000000000000009
decision_type=2 2 2 2 2 2 2 2 2 2 2 2 2 2
left_child=2 3 6 5 13 9 -1 12 10 -2 -4 -6 -5 -3
right_child=1 4 8 7 11 -7 -8 -9 -10 -11 -12 -13 -14 -15
leaf_value=-0.0081604201041431314 0.001216276422187787 0.0040562726610036317 -0.0023761702722385372 -0.0017782667950946125 0.0065597263579716489 -0.0002745173421546655 -0.0053852052669972174 -0.0033954337571049111 -0.0043933420950203264 0.0036961928909136489 0.0005085661704652011 0.0039901295615626239 0.00082955565616922599 0.0014908833770252959
leaf_weight=165 151 235 185 126 232 137 219 107 102 164 77 104 132 94
leaf_count=165 151 235 185 126 232 137 219 107 102 164 77 104 132 94
internal_value=-3.28319e-05 0.00223934 -0.00453163 0.000335754 0.00457402 0.00167078 -0.00659578 -0.00131753 -0.00234196 0.00251502 -0.00152966 0.00577858 -0.000445981 0.00333004
internal_weight=2230 1482 748 817 665 452 384 365 364 315 262 336 258 329
internal_count=2230 1482 748 817 665 452 384 365 364 315 262 336 258 329
is_linear=0
shrinkage=0.03


Tree=24
num_leaves=15
num_cat=0
split_feature=7 15 18 7 7 15 18 6 18 15 6 0 0 0
split_gain=23.8605 6.89027 3.50181 1.5184 1.27925 0.798472 0.754693 0.701663 0.698905 0.665127 0.547457 0.352216 0.280914 0.266896
threshold=11.000000000000002 70.166666666666671 74.416666666666671 14.500000000000002 14.500000000000002 56.833333333333336 56.375000000000007 1.5000000000000002 58.291666666666679 98.500000000000014 1.5000000000000002 4.5000000000000009 4.5000000000000009 4.5000000000000009
decision_type=2 2 2 2 2 2 2 2 2 2 2 2 2 2
left_child=2 3 5 8 7 -1 -5 12 -2 11 -6 -4 -3 -7
right_child=1 4 9 6 10 13 -8 -9 -10 -11 -12 -13 -14 -15
leaf_value=-0.0091143271515641017 -0.0033564539301706559 0.0051512411824097071 -0.0021233238806691005 -0.00065508125694192375 0.0067775959983144111 -0.0050192451846510682 0.0022200512788693449 0.0018096864517535714 -0.00044042122762843252 0.00087801080403568323 0.0043863312647980301 -0.0044039084325576648 0.0023475290623900945 -0.0070513975247740741
leaf_weight=78 109 123 220 117 160 219 272 217 227 52 210 86 47 93
leaf_count=78 109 123 220 117 160 219 272 217 227 52 210 86 47 93
internal_value=-3.18929e-05 0.00217249 -0.00439647 8.14717e-05 0.00417237 -0.00636086 0.00135583 0.00295347 -0.00139355 -0.00224474 0.00543587 -0.00277653 0.00439436 -0.00564558
internal_weight=2230 1482 748 725 757 390 389 387 336 358 370 306 170 312
internal_count=2230 1482 748 725 757 390 389 387 336 358 370 306 170 312
is_linear=0
shrinkage=0.03


Tree=25
num_leaves=15
num_cat=0
split_feature=7 15 16 7 7 15 16 17 16 15 0 16 0 0
split_gain=22.2866 6.26054 3.57527 1.45769 1.25162 0.999219 0.763379 0.659091 0.652197 0.635113 0.536102 0.310936 0.306649 0.258717
threshold=11.000000000000002 70.166666666666671 75.785714285714292 14.500000000000002 14.500000000000002 60.833333333333336 60.785714285714292 20.014280615886229 57.642857142857146 84.833333333333357 4.5000000000000009 90.464285714285737 2.5000000000000004 4.5000000000000009
decision_type=2 2 2 2 2 2 2 2 2 2 2 2 2 2
left_child=2 3 5 8 7 -1 12 13 -2 -6 11 -4 -5 -3
right_child=1 4 10 6 9 -7 -8 -9 -10 -11 -12 -13 -14 -15
leaf_value=-0.0082641248626168819 -0.0033505700335125298 0.0026161355474716608 -0.0017646952749277322 0.0011330614967155271 0.0044957135617203839 -0.0050286230920568954 0.002548189545771933 0.0048783479704640207 -0.00044710160235762823 0.0073212910017796924 -0.003818034413424167 0.00064008657929987944 -0.0014938028967953869 0.00052493149998329887
leaf_weight=127 98 210 176 79 263 295 220 105 236 104 90 66 79 72
leaf_count=127 98 210 176 79 263 295 220 105 236 104 90 66 79 72
internal_value=-1.59042e-06 0.00215382 -0.00418965 0.000135513 0.004057 -0.00601958 0.00140974 0.0028542 -0.00130648 0.00531414 -0.00185257 -0.00110891 -0.000181505 0.00208595
internal_weight=2220 1466 754 712 754 422 378 387 334 367 332 242 158 282
internal_count=2220 1466 754 712 754 422 378 387 334 367 332 242 158 282
is_linear=0
shrinkage=0.03


Tree=26
num_leaves=15
num_cat=0
split_feature=7 16 16 15 0 7 16 6 0 0 7 16 4 4
split_gain=20.977 5.91395 3.38033 1.37633 1.11809 0.995818 0.811477 0.645341 0.516189 0.473868 0.46346 0.396789 0.384624 0.382075
threshold=11.000000000000002 68.071428571428584 67.785714285714292 84.166666666666671 4.5000000000000009 14.500000000000002 83.357142857142875 3.5000000000000004 4.5000000000000009 4.5000000000000009 14.500000000000002 58.226190476190482 1.5000000000000002 1.5000000000000002
decision_type=2 2 2 2 2 2 2 2 2 2 2 2 2 2
left_child=2 4 8 5 7 -3 9 12 -1 -4 -5 -6 -2 -9
right_child=1 3 6 10 11 -7 -8 13 -10 -11 -12 -13 -14 -15
leaf_value=-0.0058408264564498071 0.0045046739306214244 0.001556534134589413 -0.0026699290581450965 0.0042076204975711401 -0.0040820458165698632 0.0039599266633837341 -0.00090835417291663327 0.00055128659005276859 -0.0088404636636928279 -0.0052185334957071706 0.0067791432803196291 -0.0011458710556564091 0.0011583295145740165 -0.001911203027690214
leaf_weight=188 42 296 216 147 67 330 173 147 80 97 123 109 114 91
leaf_count=188 42 296 216 147 67 330 173 147 80 97 123 109 114 91
internal_value=-1.54283e-06 0.00208958 -0.00406469 0.00360799 -0.000299398 0.00282779 -0.00256436 0.000589034 -0.00676578 -0.00347386 0.00539978 -0.00228037 0.00208222 -0.000394311
internal_weight=2220 1466 754 896 570 626 486 394 268 313 270 176 156 238
internal_count=2220 1466 754 896 570 626 486 394 268 313 270 176 156 238
is_linear=0
shrinkage=0.03


Tree=27
num_leaves=15
num_cat=0
split_feature=7 18 16 7 6 6 7 1 18 6 1 7 18 4
split_gain=19.7455 5.60907 3.19627 1.22639 1.21179 0.892939 0.707612 0.564941 0.531318 0.509144 0.488268 0.379294 0.356578 0.317164
threshold=11.000000000000002 68.583333333333357 75.785714285714292 14.500000000000002 1.5000000000000002 3.5000000000000004 14.500000000000002 1.0000000180025095e-35 59.583333333333336 3.5000000000000004 1.0000000180025095e-35 14.500000000000002 54.125000000000007 1.5000000000000002
decision_type=2 2 2 2 2 2 2 2 2 2 2 2 2 2
left_child=2 3 5 9 7 -1 -6 11 -5 -2 -4 -3 -7 -11
right_child=1 4 10 8 6 12 -8 -9 -10 13 -12 -13 -14 -15
leaf_value=-0.0043771865038660825 -0.000145584542379174 0.0045522005275490073 -0.0010245034783894632 -7.4408792905870081e-05 0.0014687651606390061 -0.0095758678391575803 0.0038171043269043439 0.0029896047120829194 0.0022958238662633876 -0.0015695757869839018 -0.0036095959030009888 0.0069439428627490994 -0.0063649188466880415 -0.0043457271108636626
leaf_weight=230 142 136 242 163 233 47 232 98 177 102 90 124 145 59
leaf_count=230 142 136 242 163 233 47 232 98 177 102 90 124 145 59
internal_value=-1.60325e-06 0.00202721 -0.00394368 -7.26319e-05 0.00366589 -0.00567388 0.00264609 0.00497943 0.00116262 -0.00145799 -0.00173402 0.00571511 -0.00719648 -0.00260747
internal_weight=2220 1466 754 643 823 422 465 358 340 303 332 260 192 161
internal_count=2220 1466 754 643 823 422 465 358 340 303 332 260 192 161
is_linear=0
shrinkage=0.03


Tree=28
num_leaves=15
num_cat=0
split_feature=7 16 16 6 7 16 0 0 0 0 7 18 0 4
split_gain=18.587 5.31613 3.01508 1.67925 0.855256 0.742492 0.73174 0.656668 0.503697 0.48224 0.475598 0.441717 0.400676 0.345526
threshold=11.000000000000002 74.214285714285737 67.785714285714292 3.5000000000000004 14.500000000000002 87.845238095238116 4.5000000000000009 4.5000000000000009 4.5000000000000009 4.5000000000000009 14.500000000000002 89.625000000000014 4.5000000000000009 1.5000000000000002
decision_type=2 2 2 2 2 2 2 2 2 2 2 2 2 2
left_child=2 3 9 6 12 8 10 13 -4 -1 -2 -6 -3 -5
right_child=1 4 5 7 11 -7 -8 -9 -10 -11 -12 -13 -14 -15
leaf_value=-0.0054858141748737243 0.0010879433669464113 0.003575739764821458 -0.0022959049148120183 0.00054442603483330452 0.0044973995193797762 -0.00017345636395544236 -0.00020967555900674084 -0.0031841633630502434 -0.0046931559498543315 -0.0083787776916115358 0.0033881230112697397 0.0072834683060646055 0.0012221557029425316 -0.0017758135502276189
leaf_weight=188 153 234 267 149 247 105 150 105 114 80 174 69 92 93
leaf_count=188 153 234 267 149 247 105 150 105 114 80 174 69 92 93
internal_value=-1.67699e-06 0.00196672 -0.00382636 0.000370933 0.00401113 -0.00240945 0.00152469 -0.0012149 -0.0030236 -0.00637732 0.00231849 0.00512681 0.00291731 -0.000350875
internal_weight=2220 1466 754 824 642 486 477 347 381 268 327 316 326 242
internal_count=2220 1466 754 824 642 486 477 347 381 268 327 316 326 242
is_linear=0
shrinkage=0.03


Tree=29
num_leaves=15
num_cat=0
split_feature=7 15 16 7 6 15 16 7 6 0 0 0 7 16
split_gain=17.4958 5.02352 2.86691 1.24326 1.00775 0.823376 0.604638 0.58419 0.530328 0.517293 0.440183 0.31903 0.303245 0.270268
threshold=11.000000000000002 70.166666666666671 75.785714285714292 14.500000000000002 1.5000000000000002 58.833333333333336 60.785714285714292 14.500000000000002 3.5000000000000004 4.5000000000000009 4.5000000000000009 4.5000000000000009 14.500000000000002 90.464285714285737
decision_type=2 2 2 2 2 2 2 2 2 2 2 2 2 2
left_child=2 3 5 8 9 -1 -5 -6 -2 12 13 -10 -3 -4
right_child=1 4 10 6 7 -7 -8 -9 11 -11 -12 -13 -14 -15
leaf_value=-0.0076286933133634955 -2.7001059466337193e-05 0.0044686960660700872 -0.001557802199760957 -0.00013934945107771542 0.0015129069289419972 -0.0045458738787011021 0.002290134731701489 0.0037657674986460218 -0.0015168453795530905 0.0028424043665962436 -0.0034005007702488819 -0.0043506512045860292 0.0066835138909205668 0.0006834168769002183
leaf_weight=108 166 128 176 158 214 314 220 204 116 90 90 52 118 66
leaf_count=108 166 128 176 158 214 314 220 204 116 90 90 52 118 66
internal_value=-1.68878e-06 0.00190805 -0.0037124 0.000100138 0.00361287 -0.00535101 0.00127695 0.00261875 -0.00123154 0.00483816 -0.00161978 -0.00241453 0.00555385 -0.000946264
internal_weight=2220 1466 754 712 754 422 378 418 334 336 332 168 246 242
internal_count=2220 1466 754 712 754 422 378 418 334 336 332 168 246 242
is_linear=0
shrinkage=0.03


Tree=30
num_leaves=15
num_cat=0
split_feature=7 18 18 6 7 11 15 7 17 0 11 0 0 18
split_gain=16.6125 4.6684 2.65588 1.00673 0.97356 0.686137 0.551905 0.530459 0.520545 0.487996 0.441703 0.309679 0.27649 0.271935
threshold=11.000000000000002 70.125000000000014 69.125000000000014 1.5000000000000002 14.500000000000002 97.500000000000014 51.166666666666679 14.500000000000002 15.123302410513341 4.5000000000000009 65.500000000000014 4.5000000000000009 4.5000000000000009 79.875000000000014
decision_type=2 2 2 2 2 2 2 2 2 2 2 2 2 2
left_child=2 4 10 9 8 -4 -6 -5 11 13 -1 -2 -8 -3
right_child=1 3 5 7 6 -7 12 -9 -10 -11 -12 -13 -14 -15
leaf_value=-0.006978672132297547 -0.0011403418437435499 0.0034160695779216687 -0.002977775707326592 0.0014002993245085236 -0.0014793567332089877 -0.00036136612404137847 0.0022754997908697879 0.003541313364420194 0.0005883535033862511 0.0027758080668507084 -0.004518283956572413 -0.0034868367031216621 0.00024027677225815349 0.0059556319949127011
leaf_weight=166 161 54 333 214 59 124 206 206 112 92 124 74 85 185
leaf_count=166 161 54 333 214 59 124 206 206 112 92 124 74 85 185
internal_value=-7.23621e-05 0.00180198 -0.00370317 0.00344135 3.31901e-05 -0.00227019 0.00114795 0.00245633 -0.00109128 0.00468006 -0.00594579 -0.00189088 0.00168388 0.00539846
internal_weight=2195 1448 747 751 697 457 350 420 347 331 290 235 291 239
internal_count=2195 1448 747 751 697 457 350 420 347 331 290 235 291 239
is_linear=0
shrinkage=0.03


Tree=31
num_leaves=15
num_cat=0
split_feature=7 18 15 6 7 6 15 7 17 0 15 0 0 0
split_gain=15.6359 4.39466 2.52349 0.947895 0.916391 0.752064 0.519626 0.499261 0.490084 0.459249 0.33441 0.315171 0.291682 0.260214
threshold=11.000000000000002 70.125000000000014 76.500000000000014 1.5000000000000002 14.500000000000002 3.5000000000000004 51.166666666666679 14.500000000000002 15.123302410513341 4.5000000000000009 98.500000000000014 4.5000000000000009 4.5000000000000009 4.5000000000000009
decision_type=2 2 2 2 2 2 2 2 2 2 2 2 2 2
left_child=2 4 5 9 8 -1 -6 -5 12 -3 -4 -7 -2 -8
right_child=1 3 10 7 6 11 13 -9 -10 -11 -12 -13 -14 -15
leaf_value=-0.0039467380606965892 -0.0011063427670402839 0.0052376816457253882 -0.001968740527831519 0.0013584857437499733 -0.0014357157087601989 -0.0055812309933609737 0.0022075645729521479 0.0034355871745324488 0.00057085909661259992 0.0026934292552722315 0.00075752479169750582 -0.0083712359037130118 -0.0033836262977216393 0.00023315228638239204
leaf_weight=239 161 239 272 214 59 128 206 206 112 92 47 61 74 85
leaf_count=239 161 239 272 214 59 128 206 206 112 92 47 61 74 85
internal_value=-7.02015e-05 0.00174821 -0.00359267 0.00333879 3.20653e-05 -0.00509607 0.0011136 0.002383 -0.00105889 0.00454076 -0.00156595 -0.00652103 -0.00183474 0.00163362
internal_weight=2195 1448 747 751 697 428 350 420 347 331 319 189 235 291
internal_count=2195 1448 747 751 697 428 350 420 347 331 319 189 235 291
is_linear=0
shrinkage=0.03


Tree=32
num_leaves=15
num_cat=0
split_feature=8 16 16 0 0 16 0 16 0 8 17 8 16 8
split_gain=14.7173 4.36629 2.37982 1.05186 0.739146 0.721718 0.614371 0.545675 0.490615 0.451509 0.449718 0.408931 0.38898 0.224222
threshold=4.4000000000000012 74.214285714285737 67.785714285714292 4.5000000000000009 4.5000000000000009 60.619047619047628 4.5000000000000009 91.464285714285737 4.5000000000000009 5.8000000000000007 14.350211522494932 5.8000000000000007 87.071428571428584 5.8000000000000007
decision_type=2 2 2 2 2 2 2 2 2 2 2 2 2 2
left_child=2 3 8 5 7 13 12 9 -1 -3 -5 -7 -4 -2
right_child=1 4 6 10 -6 11 -8 -9 -10 -11 -12 -13 -14 -15
leaf_value=-0.004776814777622789 -0.0013919066869291579 0.0025861665683858575 -0.0020236175298601025 -0.0028414464907837102 0.0019052943549240553 0.00073391513795192747 -0.0038374607131371032 0.0062118283229670966 -0.0075753628719469586 0.0047433565014175002 -0.0002667416835574328 0.0027736751697343457 0.00038806152922916227 0.000555894950138671
leaf_weight=197 107 185 248 107 178 174 137 97 86 174 141 181 79 104
leaf_count=197 107 185 248 107 178 174 137 97 86 174 141 181 79 104
internal_value=-6.82225e-05 0.00169597 -0.00348566 0.000241145 0.00356051 0.000954651 -0.00215571 0.00420104 -0.00565094 0.00364198 -0.00138455 0.00177878 -0.00144157 -0.000433759
internal_weight=2195 1448 747 814 634 566 464 456 283 359 248 355 327 211
internal_count=2195 1448 747 814 634 566 464 456 283 359 248 355 327 211
is_linear=0
shrinkage=0.03


Tree=33
num_leaves=15
num_cat=0
split_feature=7 16 15 6 1 16 7 7 1 4 16 1 1 16
split_gain=13.8532 4.11587 2.26496 1.2663 0.719797 0.681544 0.627522 0.433892 0.426722 0.321298 0.320562 0.319506 0.290397 0.255423
threshold=11.000000000000002 75.785714285714292 75.500000000000014 3.5000000000000004 1.0000000180025095e-35 58.071428571428577 14.500000000000002 14.500000000000002 1.0000000180025095e-35 1.5000000000000002 94.214285714285737 1.0000000180025095e-35 1.0000000180025095e-35 91.214285714285737
decision_type=2 2 2 2 2 2 2 2 2 2 2 2 2 2
left_child=2 3 5 4 7 -1 11 -2 9 -5 -4 13 -8 -3
right_child=1 6 10 8 -6 -7 12 -9 -10 -11 -12 -13 -14 -15
leaf_value=-0.0070563447555261 0.00095982893546242435 0.0026552022543590991 -0.0019297397473653996 0.00049361427661512563 -0.00033698674725376787 -0.004148428003376242 0.0053715685634739335 0.0030256604101334002 -0.0027010127389105036 -0.0017127621587251826 0.000537977356680444 0.0010839775110965213 0.0030805935533594728 0.0050103690443655188
leaf_weight=97 180 163 269 150 170 324 186 188 99 97 57 82 75 58
leaf_count=97 180 163 269 150 170 324 186 188 99 97 57 82 75 58
internal_value=-6.62143e-05 0.0016454 -0.0033818 0.00036671 0.00127635 -0.00483356 0.00364539 0.00202054 -0.00104731 -0.00037627 -0.00149794 0.00270077 0.00472751 0.00329309
internal_weight=2195 1448 747 884 538 421 564 368 346 247 326 303 261 221
internal_count=2195 1448 747 884 538 421 564 368 346 247 326 303 261 221
is_linear=0
shrinkage=0.03


Tree=34
num_leaves=15
num_cat=0
split_feature=7 15 18 7 11 18 7 17 0 0 17 0 18 18
split_gain=13.039 3.72985 2.14497 1.16601 0.668132 0.642687 0.585729 0.57685 0.299533 0.288416 0.27679 0.245252 0.245121 0.222018
threshold=11.000000000000002 75.166666666666671 66.583333333333357 14.500000000000002 97.500000000000014 59.583333333333336 14.500000000000002 14.487268421052997 4.5000000000000009 4.5000000000000009 20.014280615886229 4.5000000000000009 88.875000000000014 48.375000000000007
decision_type=2 2 2 2 2 2 2 2 2 2 2 2 2 2
left_child=2 3 9 7 11 13 10 8 -2 -1 -3 -4 -8 -5
right_child=1 6 4 5 -6 -7 12 -9 -10 -11 -12 -13 -14 -15
leaf_value=-0.0047716723774656553 -0.0011179105042577471 0.0019626298609126988 -0.0022482333063942798 -0.0025640664586777952 -0.00025366942092776296 0.002264079169338587 0.0039685953717120553 0.00032250273396864515 -0.0036773862909718321 -0.0070597136894176744 0.0038935426977097501 -0.0038923838675022126 0.0061055882389728835 0.00041789179225408806
leaf_weight=153 147 191 260 26 124 308 165 238 57 86 106 124 77 133
leaf_count=153 147 191 260 26 124 308 165 238 57 86 106 124 77 133
internal_value=-6.41686e-05 0.00159639 -0.00328085 0.000422755 -0.00217101 0.0014666 0.00357122 -0.00068095 -0.00184751 -0.00562097 0.00266253 -0.00278789 0.00467088 -8.27018e-05
internal_weight=2195 1448 747 909 508 467 539 442 204 239 297 384 242 159
internal_count=2195 1448 747 909 508 467 539 442 204 239 297 384 242 159
is_linear=0
shrinkage=0.03


Tree=35
num_leaves=15
num_cat=0
split_feature=7 16 17 16 0 16 0 7 7 11 7 16 16 0
split_gain=11.9293 3.85662 2.23448 1.06631 0.702728 0.573717 0.467133 0.451239 0.402918 0.389997 0.279197 0.274195 0.241054 0.23042
threshold=11.000000000000002 66.845238095238116 15.130385679469173 78.928571428571445 4.5000000000000009 54.928571428571438 4.5000000000000009 14.500000000000002 14.500000000000002 97.500000000000014 14.500000000000002 53.500000000000007 74.464285714285737 4.5000000000000009
decision_type=2 2 2 2 2 2 2 2 2 2 2 2 2 2
left_child=2 4 5 6 8 -1 10 -5 -2 -4 -3 -6 -7 -9
right_child=1 3 9 7 11 12 -8 13 -10 -11 -12 -13 -14 -15
leaf_value=-0.0075178104687909607 -0.00073421324118366142 0.0014708301039821248 -0.0021547349104328001 0.0028279400501793504 -0.0044986233673989769 -0.0046746001088132077 0.00027368511203106945 0.0053715471677714954 0.0012228521471694979 -9.5906428769459864e-05 0.0031911616453676132 -0.0014436261449550648 -0.0024107153430630111 0.0031774312181069566
leaf_weight=60 184 172 262 233 33 233 138 159 193 121 173 128 56 67
leaf_count=60 184 172 262 233 33 233 138 159 193 121 173 128 56 67
internal_value=3.56901e-05 0.0015849 -0.00309447 0.00274126 -0.000441145 -0.00482815 0.00175157 0.00377663 0.000268264 -0.00150624 0.00234022 -0.00209371 -0.00424575 0.00473794
internal_weight=2212 1480 732 942 538 349 483 459 377 383 345 161 289 226
internal_count=2212 1480 732 942 538 349 483 459 377 383 345 161 289 226
is_linear=0
shrinkage=0.03


Tree=36
num_leaves=15
num_cat=0
split_feature=7 16 17 16 7 1 1 16 7 1 17 1 16 17
split_gain=11.2287 3.63063 2.10772 1.02156 0.699905 0.661855 0.544383 0.408392 0.379228 0.372784 0.33267 0.304212 0.25863 0.22517
threshold=11.000000000000002 66.845238095238116 14.350211522494932 91.464285714285737 14.500000000000002 1.0000000180025095e-35 1.0000000180025095e-35 54.071428571428577 14.500000000000002 1.0000000180025095e-35 19.114316923106305 1.0000000180025095e-35 53.500000000000007 12.688577540449309
decision_type=2 2 2 2 2 2 2 2 2 2 2 2 2 2
left_child=2 5 7 4 9 8 10 -1 -2 -3 -4 -6 -7 -10
right_child=1 3 6 -5 11 12 -8 -9 13 -11 -12 -13 -14 -15
leaf_value=-0.0074595398726788427 -0.00071230590744950886 0.0019265997367061086 -0.0016503945030887535 0.0050307990870039378 0.0036585076224104453 -0.0043676340021193026 -0.0034842786673564188 -0.0044696806952759446 -3.3297536472134568e-05 -9.8387722262566017e-05 0.00056559367773297703 0.001810513811263566 -0.001400653088660261 0.0020425447470379847
leaf_weight=54 184 288 260 139 285 33 120 219 80 114 79 116 128 113
leaf_count=54 184 288 260 139 285 33 120 219 80 114 79 116 128 113
internal_value=3.45381e-05 0.00153757 -0.00300233 0.00265954 0.00224333 -0.000428214 -0.00175457 -0.00508615 0.000260255 0.00135353 -0.00113384 0.00312976 -0.002032 0.00118636
internal_weight=2212 1480 732 942 803 538 459 273 377 402 339 401 161 193
internal_count=2212 1480 732 942 803 538 459 273 377 402 339 401 161 193
is_linear=0
shrinkage=0.03


Tree=37
num_leaves=15
num_cat=0
split_feature=7 16 18 16 0 11 0 18 7 7 7 16 0 0
split_gain=10.5691 3.41752 1.97164 0.98049 0.623395 0.486756 0.485147 0.390723 0.381264 0.356981 0.288409 0.243947 0.215523 0.189293
threshold=11.000000000000002 66.845238095238116 69.125000000000014 80.500000000000014 4.5000000000000009 92.500000000000014 4.5000000000000009 54.125000000000007 14.500000000000002 14.500000000000002 14.500000000000002 53.500000000000007 4.5000000000000009 4.5000000000000009
decision_type=2 2 2 2 2 2 2 2 2 2 2 2 2 2
left_child=2 4 7 6 9 12 10 -1 -5 -2 -3 -6 -4 -10
right_child=1 3 5 8 11 -7 -8 -9 13 -11 -12 -13 -14 -15
leaf_value=-0.0073215794778214056 -0.00069105223797393867 0.0014654204940673001 -0.0018387445431937454 0.002785721997464402 -0.0042404587577809299 -0.00027454798809501243 0.00030562875109870792 -0.0043390201630691683 0.0053214104172648559 0.0011510757197591129 0.0031054129386262502 -0.0013589592419055744 -0.0035819178631905702 0.0031805936054738818
leaf_weight=51 184 193 217 205 33 147 152 224 133 193 199 128 93 60
leaf_count=51 184 193 217 205 33 147 152 224 133 193 199 128 93 60
internal_value=3.33848e-05 0.0014916 -0.00291294 0.00258015 -0.000415617 -0.00169908 0.00174704 -0.00491667 0.00371164 0.00025255 0.00230375 -0.00197211 -0.00237153 0.0046757
internal_weight=2212 1480 732 942 538 457 544 275 398 377 392 161 310 193
internal_count=2212 1480 732 942 538 457 544 275 398 377 392 161 310 193
is_linear=0
shrinkage=0.03


Tree=38
num_leaves=15
num_cat=0
split_feature=7 16 17 16 7 0 16 16 7 0 0 16 0 17
split_gain=9.94884 3.21732 1.90639 0.935354 0.596181 0.587136 0.488372 0.346072 0.335993 0.326466 0.254724 0.230099 0.220444 0.212253
threshold=11.000000000000002 66.845238095238116 15.130385679469173 90.154761904761912 14.500000000000002 4.5000000000000009 58.071428571428577 85.928571428571445 14.500000000000002 4.5000000000000009 4.5000000000000009 53.500000000000007 4.5000000000000009 12.432675841161865
decision_type=2 2 2 2 2 2 2 2 2 2 2 2 2 2
left_child=2 5 6 4 9 8 -1 -4 -2 -3 -6 -7 -5 -10
right_child=1 3 7 12 10 11 -8 -9 13 -11 -12 -13 -14 -15
leaf_value=-0.0063480655065031493 -0.00067043273346624466 0.0017766593470713889 -0.0019518889265470274 0.0052911440816161958 0.0033950851181820643 -0.0041169866168981085 -0.0037383607252715872 9.4648863141162272e-06 -0.00018685212770786091 -0.00014802570652603677 0.001678799728948721 -0.0013185064855023546 0.0027501820723409764 0.0018707098569380254
leaf_weight=90 184 282 267 115 275 33 259 116 71 110 113 128 47 122
leaf_count=90 184 282 267 115 275 33 259 116 71 110 113 128 47 122
internal_value=3.22975e-05 0.00144708 -0.00282626 0.00250326 0.00206759 -0.000403434 -0.00442756 -0.00135937 0.00024501 0.00123757 0.00290084 -0.00191398 0.00457535 0.00111672
internal_weight=2212 1480 732 942 780 538 349 383 377 392 388 161 162 193
internal_count=2212 1480 732 942 780 538 349 383 377 392 388 161 162 193
is_linear=0
shrinkage=0.03


Tree=39
num_leaves=15
num_cat=0
split_feature=8 16 17 6 0 16 16 4 0 8 2 6 8 0
split_gain=9.36403 3.06873 1.79458 1.12267 0.509582 0.470493 0.460514 0.420384 0.339712 0.33048 0.306885 0.294121 0.263898 0.225654
threshold=4.4000000000000012 75.785714285714292 15.130385679469173 3.5000000000000004 2.5000000000000004 91.464285714285737 54.928571428571438 1.5000000000000002 4.5000000000000009 5.8000000000000007 1.0000000180025095e-35 1.5000000000000002 5.8000000000000007 4.5000000000000009
decision_type=2 2 2 2 2 2 2 2 2 2 2 2 2 2
left_child=2 3 6 4 -2 9 -1 -5 11 -3 -9 -4 -6 -8
right_child=1 5 8 7 12 -7 13 10 -10 -11 -12 -13 -14 -15
leaf_value=-0.0067047009916334855 0.002131212672765248 0.0017958068332479646 0.00031278294238557171 -0.00019572285328370829 -0.00065488788711777685 0.004634927308918642 -0.0031641853205164714 -0.0035027621741755863 -0.0028876960887127814 0.0034573889757868728 -0.00057937554124561877 -0.0016179054341201129 0.0011632574869785458 -0.0050120175302900529
leaf_weight=60 258 224 122 224 137 139 196 79 93 215 55 168 149 93
leaf_count=60 258 224 122 224 137 139 196 79 93 215 55 168 149 93
internal_value=3.13054e-05 0.00140387 -0.00274196 0.000309407 0.00116715 0.00310836 -0.0042956 -0.000993603 -0.00131874 0.00261557 -0.00231604 -0.000807401 0.00029308 -0.00377405
internal_weight=2212 1480 732 902 544 578 349 358 383 439 134 290 286 289
internal_count=2212 1480 732 902 544 578 349 358 383 439 134 290 286 289
is_linear=0
shrinkage=0.03


Tree=40
num_leaves=15
num_cat=0
split_feature=8 16 15 6 0 0 16 16 11 4 17 8 8 6
split_gain=8.59101 2.91731 1.51857 0.956269 0.52436 0.438095 0.383373 0.367236 0.345364 0.310908 0.306216 0.25492 0.210198 0.204876
threshold=4.4000000000000012 75.785714285714292 73.166666666666671 3.5000000000000004 4.5000000000000009 4.5000000000000009 53.071428571428577 91.464285714285737 100.50000000000001 1.5000000000000002 11.828335492684399 5.8000000000000007 5.8000000000000007 1.5000000000000002
decision_type=2 2 2 2 2 2 2 2 2 2 2 2 2 2
left_child=2 3 10 5 7 9 -5 12 -4 -2 -1 -8 -3 -11
right_child=1 4 8 6 -6 -7 11 -9 -10 13 -12 -13 -14 -15
leaf_value=-0.0058869213119149208 0.002509358860091898 0.0022439370297572827 -0.001917624787082263 -0.0026297573496703989 0.0015649348752124531 -0.00021230350233708393 -0.0012805901276259249 0.0050894169815165809 8.5859463170681217e-05 0.0026394755712577274 -0.0036347733354209575 0.00053685998286140694 0.0038377694850488613 0.00027342053776937387
leaf_weight=74 182 164 310 89 173 170 138 105 103 41 250 138 147 154
leaf_count=74 182 164 310 89 173 170 138 105 103 41 250 138 147 154
internal_value=2.00123e-05 0.00132231 -0.00263049 0.000258587 0.00296613 0.00105136 -0.000929117 0.00354369 -0.00141897 0.00162024 -0.00416568 -0.000373208 0.00300718 0.000781827
internal_weight=2238 1501 737 912 589 547 365 416 413 377 324 276 311 195
internal_count=2238 1501 737 912 589 547 365 416 413 377 324 276 311 195
is_linear=0
shrinkage=0.03


Tree=41
num_leaves=15
num_cat=0
split_feature=7 16 11 6 7 6 7 16 7 6 18 6 6 15
split_gain=8.08646 2.74613 1.43395 0.90028 0.455837 0.420417 0.396221 0.360978 0.239961 0.228383 0.217907 0.215395 0.175926 0.141336
threshold=11.000000000000002 75.785714285714292 81.500000000000014 3.5000000000000004 14.500000000000002 3.5000000000000004 14.500000000000002 53.071428571428577 14.500000000000002 1.5000000000000002 88.875000000000014 1.5000000000000002 1.5000000000000002 56.833333333333336
decision_type=2 2 2 2 2 2 2 2 2 2 2 2 2 2
left_child=2 3 5 6 11 12 -2 -5 -9 -4 -6 -3 -1 -7
right_child=1 4 9 7 10 13 -8 8 -10 -11 -12 -13 -14 -15
leaf_value=-0.0011228164539947598 0.00017658155340354527 0.0028259716594974246 -0.0001373454530052173 -0.0025517411981515275 0.0031591008142082587 -0.0059709692959274566 0.0017922303242950009 -0.0012424488063451915 0.0005208700588065126 -0.0017495345619868736 0.0050266581673300663 0.0012416797668060549 -0.0032671904468991411 -0.0040611946955323216
leaf_weight=43 262 167 142 89 186 69 285 138 138 178 88 148 205 100
leaf_count=43 262 167 142 89 186 69 285 138 138 178 88 148 205 100
internal_value=1.94551e-05 0.00128293 -0.00255203 0.00025089 0.00287779 -0.00370955 0.00102011 -0.00090152 -0.000362092 -0.00103678 0.003775 0.00208789 -0.00290139 -0.00487146
internal_weight=2238 1501 737 912 589 417 547 365 276 320 274 315 248 169
internal_count=2238 1501 737 912 589 417 547 365 276 320 274 315 248 169
is_linear=0
shrinkage=0.03


Tree=42
num_leaves=15
num_cat=0
split_feature=7 16 11 6 0 0 6 4 16 4 2 6 0 0
split_gain=7.61215 2.58518 1.3501 0.847415 0.492589 0.41195 0.396095 0.360431 0.335695 0.292643 0.224173 0.214959 0.195255 0.194098
threshold=11.000000000000002 75.785714285714292 81.500000000000014 3.5000000000000004 4.5000000000000009 4.5000000000000009 3.5000000000000004 1.5000000000000002 91.464285714285737 1.5000000000000002 1.0000000180025095e-35 1.5000000000000002 4.5000000000000009 4.5000000000000009
decision_type=2 2 2 2 2 2 2 2 2 2 2 2 2 2
left_child=2 3 6 5 8 9 -1 12 -3 -2 -9 -4 -5 -8
right_child=1 4 11 7 -6 -7 13 10 -10 -11 -12 -13 -14 -15
leaf_value=-0.0028148735086545797 0.0024037943773694932 0.0028390482505290912 -0.00013325390384430342 0.00039283479367572524 0.0014348424854387272 -0.00023561455749522632 -0.0039605543205257637 -0.0031926254566611817 0.0048290846824979861 0.00072807674664452824 -0.00066322800915388921 -0.001697341745050088 -0.0014871259915730981 -0.0062578312673351984
leaf_weight=248 182 311 142 165 173 170 115 75 105 195 55 178 70 54
leaf_count=248 182 311 142 165 173 170 115 75 105 195 55 178 70 54
internal_value=1.87996e-05 0.00124466 -0.00247614 0.000243321 0.00279208 0.000989612 -0.0035993 -0.000874742 0.00335172 0.00154126 -0.00213573 -0.00100586 -0.000171082 -0.00472709
internal_weight=2238 1501 737 912 589 547 417 365 416 377 130 320 235 169
internal_count=2238 1501 737 912 589 547 417 365 416 377 130 320 235 169
is_linear=0
shrinkage=0.03


Tree=43
num_leaves=15
num_cat=0
split_feature=7 16 15 6 0 0 4 0 16 4 17 6 2 6
split_gain=7.16523 2.43344 1.28839 0.79783 0.463629 0.387734 0.339395 0.323881 0.316223 0.275443 0.269247 0.263243 0.211079 0.192983
threshold=11.000000000000002 75.785714285714292 73.166666666666671 3.5000000000000004 4.5000000000000009 4.5000000000000009 1.5000000000000002 4.5000000000000009 91.464285714285737 1.5000000000000002 11.828335492684399 1.5000000000000002 1.0000000180025095e-35 1.5000000000000002
decision_type=2 2 2 2 2 2 2 2 2 2 2 2 2 2
left_child=2 3 10 5 8 9 -5 11 -3 -2 -1 -4 -8 -11
right_child=1 4 7 6 -6 -7 12 -9 -10 13 -12 -13 -14 -15
leaf_value=-0.0054285831674933428 0.0023320746004627255 0.0027541497903159607 0.00022778928585215068 -0.00016608871866021402 0.0013920446024236173 -0.00022858745894362135 -0.0030981069154375671 -0.0027850585549392482 0.004685578828181671 0.0025091402781462031 -0.0033195877273828954 -0.0015323199773671723 -0.0006436864642975187 0.00021328968723161867
leaf_weight=74 182 311 129 235 173 170 75 98 105 41 250 186 55 154
leaf_count=74 182 311 129 235 173 170 75 98 105 41 250 186 55 154
internal_value=1.81309e-05 0.00120746 -0.00240246 0.000235953 0.00270878 0.000960082 -0.000848906 -0.0012866 0.00325172 0.00149527 -0.00381649 -0.000813074 -0.00207254 0.000706346
internal_weight=2238 1501 737 912 589 547 365 413 416 377 324 315 130 195
internal_count=2238 1501 737 912 589 547 365 413 416 377 324 315 130 195
is_linear=0
shrinkage=0.03


Tree=44
num_leaves=15
num_cat=0
split_feature=7 16 17 6 0 7 0 0 4 16 6 16 0 7
split_gain=6.74453 2.29042 1.22615 0.751179 0.436371 0.371764 0.329005 0.321327 0.319625 0.29788 0.235293 0.204153 0.201633 0.186544
threshold=11.000000000000002 75.785714285714292 15.130385679469173 3.5000000000000004 4.5000000000000009 14.500000000000002 4.5000000000000009 4.5000000000000009 1.5000000000000002 91.464285714285737 1.5000000000000002 58.773809523809533 4.5000000000000009 14.500000000000002
decision_type=2 2 2 2 2 2 2 2 2 2 2 2 2 2
left_child=2 3 7 5 9 12 10 -1 -5 13 -4 -10 -2 -3
right_child=1 4 6 8 -6 -7 -8 -9 11 -11 -12 -13 -14 -15
leaf_value=-0.0029527112237328532 0.00068561231103522822 0.0019550759294070306 0.00035948502309558354 -0.000161127166938968 0.0013505232584229189 0.0016794394459292517 -0.0026400969839553432 -0.0049212314489369205 -0.0026427767332643272 0.0045463375336016127 -0.0013731899911571027 0.00020311605883762239 -0.0010889207988991126 0.0034527769602012799
leaf_weight=233 178 164 121 235 173 285 100 116 101 105 167 29 84 147
leaf_count=233 178 164 121 235 173 285 100 116 101 105 167 29 84 147
internal_value=1.75456e-05 0.00117143 -0.0023309 0.000228905 0.00262797 0.000931544 -0.00116578 -0.0036192 -0.000823759 0.0031547 -0.000646501 -0.00201122 0.000114701 0.00267179
internal_weight=2238 1501 737 912 589 547 388 349 365 416 288 130 262 311
internal_count=2238 1501 737 912 589 547 388 349 365 416 288 130 262 311
is_linear=0
shrinkage=0.03


Tree=45
num_leaves=15
num_cat=0
split_feature=7 6 6 16 7 6 1 1 7 1 1 1 7 1
split_gain=6.35087 2.30525 1.29576 1.22217 0.563061 0.543143 0.355733 0.321734 0.273837 0.264988 0.211403 0.185903 0.177641 0.17352
threshold=11.000000000000002 1.5000000000000002 3.5000000000000004 60.785714285714292 14.500000000000002 1.5000000000000002 1.0000000180025095e-35 1.0000000180025095e-35 14.500000000000002 1.0000000180025095e-35 1.0000000180025095e-35 1.0000000180025095e-35 14.500000000000002 1.0000000180025095e-35
decision_type=2 2 2 2 2 2 2 2 2 2 2 2 2 2
left_child=2 7 5 8 6 13 -5 12 -3 -7 -6 -4 -2 -1
right_child=1 3 11 4 10 9 -8 -9 -10 -11 -12 -13 -14 -15
leaf_value=0.0003402283350537207 0.0029598056353513065 -0.0021143092942098795 -0.0037538909496165301 0.00083601428321111542 0.0023016837197285993 -0.001667667385112445 -0.001118954994027124 0.0018058497398737324 -0.00030148864193016867 -0.0034564821973132589 0.00077655160257008747 -0.0059308974724262952 0.0045876064154158703 -0.0017382136992254882
leaf_weight=137 136 145 132 288 282 256 117 112 155 107 117 55 125 48
leaf_count=137 136 145 132 288 282 256 117 112 155 107 117 55 125 48
internal_value=5.84868e-06 0.00113968 -0.00227107 0.000449647 0.00105911 -0.00153026 0.00026988 0.00317538 -0.0011818 -0.002203 0.00185752 -0.00442233 0.00375394 -0.000205489
internal_weight=2212 1477 735 1104 804 548 405 373 300 363 399 187 261 185
internal_count=2212 1477 735 1104 804 548 405 373 300 363 399 187 261 185
is_linear=0
shrinkage=0.03


Tree=46
num_leaves=15
num_cat=0
split_feature=7 6 6 18 6 7 7 0 0 18 0 4 7 0
split_gain=5.97864 2.17023 1.22021 1.06071 0.511146 0.437131 0.36769 0.302842 0.24955 0.230306 0.224575 0.195824 0.167238 0.16345
threshold=11.000000000000002 1.5000000000000002 3.5000000000000004 64.291666666666671 1.5000000000000002 14.500000000000002 14.500000000000002 4.5000000000000009 4.5000000000000009 51.291666666666679 4.5000000000000009 1.5000000000000002 14.500000000000002 4.5000000000000009
decision_type=2 2 2 2 2 2 2 2 2 2 2 2 2 2
left_child=2 7 4 6 13 10 9 12 -6 -3 -5 -4 -2 -1
right_child=1 3 11 5 8 -7 -8 -9 -10 -11 -12 -13 -14 -15
leaf_value=0.00033009544875391795 0.0028716596151191409 -0.0037675846321508287 -0.003463627443375901 0.00090771573914430828 -0.0016178320404089481 0.0019983787431923461 0.0001434117214273701 0.0017521536890087665 -0.0033537479017912925 -0.0011271890294862162 -0.00085810515712099998 -0.0055474737276361413 0.0044510705283721018 -0.0016871314975955732
leaf_weight=137 136 35 115 246 256 320 234 112 107 182 87 72 125 48
leaf_count=137 136 35 115 246 256 320 234 112 107 182 87 72 125 48
internal_value=5.58545e-06 0.00110569 -0.0022036 0.000436168 -0.00148471 0.00120821 -0.000681874 0.00308087 -0.00213733 -0.00156839 0.000445187 -0.0042912 0.00364218 -0.00019955
internal_weight=2212 1477 735 1104 548 653 451 373 363 217 333 187 261 185
internal_count=2212 1477 735 1104 548 653 451 373 363 217 333 187 261 185
is_linear=0
shrinkage=0.03


Tree=47
num_leaves=15
num_cat=0
split_feature=7 6 6 18 7 6 7 0 0 0 17 4 0 4
split_gain=5.62794 2.04324 1.14902 0.999388 0.529464 0.481035 0.287066 0.285059 0.277007 0.235011 0.19503 0.184516 0.179214 0.162073
threshold=11.000000000000002 1.5000000000000002 3.5000000000000004 59.583333333333336 14.500000000000002 1.5000000000000002 14.500000000000002 4.5000000000000009 4.5000000000000009 4.5000000000000009 16.606079798082614 1.5000000000000002 4.5000000000000009 1.5000000000000002
decision_type=2 2 2 2 2 2 2 2 2 2 2 2 2 2
left_child=2 7 5 6 8 -1 -3 13 10 -7 -5 -4 -6 -2
right_child=1 3 11 4 12 9 -8 -9 -10 -11 -12 -13 -14 -15
leaf_value=-0.00019378223408503183 0.0040893916092943723 -0.002118907030777667 -0.0033606143766644826 5.2379435666345408e-05 0.0021359208204707225 -0.0015694859253712803 -0.00022731854314318392 0.0017000542448201799 -0.0010441051841725744 -0.0032540670394599954 0.0015880162473520499 -0.0053833293700463148 0.00068086218087869978 0.0024625913476262686
leaf_weight=185 170 131 115 180 289 256 160 112 113 107 126 72 105 91
leaf_count=185 170 131 115 180 289 256 160 112 113 107 126 72 105 91
internal_value=5.29631e-06 0.00107265 -0.00213812 0.000423009 0.0009628 -0.00144051 -0.0010832 0.00298917 0.000219359 -0.00207362 0.000687813 -0.00416391 0.00175086 0.00353376
internal_weight=2212 1477 735 1104 813 548 291 373 419 363 306 187 394 261
internal_count=2212 1477 735 1104 813 548 291 373 419 363 306 187 394 261
is_linear=0
shrinkage=0.03


Tree=48
num_leaves=15
num_cat=0
split_feature=7 15 6 16 6 7 7 0 0 17 0 0 0 17
split_gain=5.29788 1.94211 1.08203 0.693626 0.452787 0.434306 0.37031 0.312314 0.221319 0.187733 0.179338 0.17707 0.1767 0.158474
threshold=11.000000000000002 75.166666666666671 3.5000000000000004 60.785714285714292 1.5000000000000002 14.500000000000002 14.500000000000002 2.5000000000000004 4.5000000000000009 19.41158220778323 1.5000000000000002 4.5000000000000009 1.5000000000000002 21.353598648620114
decision_type=2 2 2 2 2 2 2 2 2 2 2 2 2 2
left_child=2 3 4 7 -1 12 13 -2 -6 -8 -7 -4 -5 -3
right_child=1 6 11 5 8 10 9 -9 -10 -11 -12 -13 -14 -15
leaf_value=-0.00018800001890931816 4.1872187918367365e-05 0.0013284938207548998 -0.0033935447088687828 0.0011887190755390164 -0.0015225845648307382 0.0027835943598795354 0.0026512458479641897 -0.0018843589216125088 -0.0031573489382086943 0.0043939344591082449 0.0011262364706186574 -0.005504477691969701 -0.00047721321358039858 0.003001671143696268
leaf_weight=185 143 231 132 76 256 78 168 160 107 90 242 55 223 66
leaf_count=185 143 231 132 76 256 78 168 160 107 90 242 55 223 66
internal_value=5.0772e-06 0.00104066 -0.00207454 0.000195951 -0.00139757 0.000771315 0.00244106 -0.000978132 -0.00201181 0.00327378 0.00153763 -0.00404038 -5.12146e-05 0.00170914
internal_weight=2212 1477 735 922 548 619 555 303 363 258 320 187 299 297
internal_count=2212 1477 735 922 548 619 555 303 363 258 320 187 299 297
is_linear=0
shrinkage=0.03


Tree=49
num_leaves=15
num_cat=0
split_feature=7 6 16 16 0 0 7 0 0 7 15 7 7 0
split_gain=4.98758 1.84046 1.02006 0.987497 0.467413 0.315393 0.26884 0.265024 0.252459 0.226473 0.201683 0.18299 0.148661 0.145635
threshold=11.000000000000002 1.5000000000000002 67.785714285714292 60.785714285714292 4.5000000000000009 4.5000000000000009 14.500000000000002 4.5000000000000009 4.5000000000000009 14.500000000000002 98.500000000000014 14.500000000000002 14.500000000000002 4.5000000000000009
decision_type=2 2 2 2 2 2 2 2 2 2 2 2 2 2
left_child=2 7 8 9 6 10 -5 12 -1 13 -4 -6 -2 -3
right_child=1 3 5 4 11 -7 -8 -9 -10 -11 -12 -13 -14 -15
leaf_value=-0.0028686166549603894 0.0026287378413589113 -0.0013027479586528766 -0.00095829021204509306 0.00075513862288981159 -0.0010221316429620639 -0.002402105561619068 0.0020612565043148694 0.0015865724246827391 -0.0049397104775792434 -0.00027272523998152996 0.0012015113220550119 0.000648786830350804 0.0041150629660669001 -0.0034220054652541873
leaf_weight=189 136 104 292 288 117 132 282 112 78 155 44 117 125 41
leaf_count=189 136 104 292 288 117 132 282 112 78 155 44 117 125 41
internal_value=4.93014e-06 0.00100973 -0.00201286 0.000393175 0.000941014 -0.00116459 0.0014038 0.00282866 -0.00348983 -0.00107328 -0.000672733 -0.000187467 0.00335357 -0.00192132
internal_weight=2212 1477 735 1104 804 468 570 373 267 300 336 234 261 145
internal_count=2212 1477 735 1104 804 468 570 373 267 300 336 234 261 145
is_linear=0
shrinkage=0.03


Tree=50
num_leaves=15
num_cat=0
split_feature=7 16 16 0 7 7 17 17 0 4 6 16 0 0
split_gain=4.70825 1.82091 0.997607 0.588759 0.362552 0.334796 0.320294 0.268146 0.199589 0.192863 0.188657 0.167221 0.166008 0.157228
threshold=11.000000000000002 75.785714285714292 76.357142857142875 4.5000000000000009 14.500000000000002 14.500000000000002 13.171034927656972 14.487268421052997 4.5000000000000009 1.5000000000000002 3.5000000000000004 91.464285714285737 4.5000000000000009 2.5000000000000004
decision_type=2 2 2 2 2 2 2 2 2 2 2 2 2 2
left_child=2 3 6 4 10 12 -1 -5 -4 -6 -2 -7 -3 -8
right_child=1 5 8 7 9 11 13 -9 -10 -11 -12 -13 -14 -15
leaf_value=-0.0039236281819204849 0.00056403011323458607 0.0020316926168634721 -0.00016846965329719041 -0.0020150082725499878 0.0020611013414255515 0.0026199649479524511 -0.0014463365454073275 -0.00014912265756956674 -0.0018572758567511455 0.0005482086563954404 -0.00095677216548754971 0.0043864784962428151 0.00043780817052753397 -0.0028995752073377882
leaf_weight=160 173 213 229 126 170 216 131 153 86 138 126 66 82 145
leaf_count=160 173 213 229 126 170 216 131 153 86 138 126 66 82 145
internal_value=6.17009e-06 0.000997238 -0.00192326 0.000142514 0.00066658 0.00230717 -0.00285116 -0.000995968 -0.000633959 0.00138721 -7.78961e-05 0.00304744 0.00159162 -0.00221752
internal_weight=2214 1463 751 886 607 577 436 279 315 308 299 282 295 276
internal_count=2214 1463 751 886 607 577 436 279 315 308 299 282 295 276
is_linear=0
shrinkage=0.03


Tree=51
num_leaves=15
num_cat=0
split_feature=7 16 16 0 7 0 17 17 7 0 17 17 0 16
split_gain=4.43189 1.71409 0.938976 0.554198 0.341266 0.32242 0.301459 0.252423 0.23039 0.187936 0.178417 0.174634 0.147992 0.129138
threshold=11.000000000000002 75.785714285714292 76.357142857142875 4.5000000000000009 14.500000000000002 4.5000000000000009 13.171034927656972 14.487268421052997 14.500000000000002 4.5000000000000009 17.176534353350416 12.688577540449309 2.5000000000000004 91.464285714285737
decision_type=2 2 2 2 2 2 2 2 2 2 2 2 2 2
left_child=2 3 6 4 10 8 -1 -5 -3 -4 -2 -6 -8 -10
right_child=1 5 9 7 11 -7 12 -9 13 -11 -12 -13 -14 -15
leaf_value=-0.0038066504625834936 -0.00036539481905100937 0.0019710266713007288 -0.00016343753448429355 -0.0019550340151433523 0.00016688516201351634 0.0010841048077395641 -0.0014032751648284662 -0.00014467803481663878 0.0029282533657561697 -0.0018021980227083609 0.0017639782517600419 0.0017780963553802628 -0.002813183771357042 0.0047410198498087433
leaf_weight=160 259 213 229 126 83 160 131 153 153 86 40 225 145 51
leaf_count=160 259 213 229 126 83 160 131 153 153 86 40 225 145 51
internal_value=5.9746e-06 0.000967516 -0.00186597 0.00013824 0.000646692 0.00223845 -0.0027662 -0.00096632 0.00267771 -0.000615132 -7.55985e-05 0.00134585 -0.00215147 0.00340236
internal_weight=2214 1463 751 886 607 577 436 279 417 315 299 308 276 204
internal_count=2214 1463 751 886 607 577 436 279 417 315 299 308 276 204
is_linear=0
shrinkage=0.03


Tree=52
num_leaves=15
num_cat=0
split_feature=7 16 17 0 6 0 17 17 4 16 4 0 16 7
split_gain=4.17192 1.6136 0.890628 0.521705 0.332041 0.303557 0.294279 0.237622 0.234512 0.217254 0.199046 0.189889 0.138693 0.134975
threshold=11.000000000000002 75.785714285714292 16.690459207925468 4.5000000000000009 3.5000000000000004 4.5000000000000009 13.171034927656972 14.487268421052997 1.5000000000000002 90.464285714285737 1.5000000000000002 4.5000000000000009 64.773809523809533 14.500000000000002
decision_type=2 2 2 2 2 2 2 2 2 2 2 2 2 2
left_child=2 3 6 4 8 9 -1 -5 12 13 -6 -4 -2 -3
right_child=1 5 11 7 10 -7 -8 -9 -10 -11 -12 -13 -14 -15
leaf_value=-0.0035922520480265742 0.0040345091229447945 0.0015047388858454044 4.6688133990392089e-05 -0.0018968448147918353 0.00043552304439085845 0.0010517836706696573 -0.0020235244080435912 -0.00014036587931218786 0.00045236927230346693 0.0036696863047233439 -0.001314002210875192 -0.0017419115338978446 0.0016263288656543744 0.0028083193463195738
leaf_weight=170 25 152 199 126 157 160 310 153 182 122 92 72 151 143
leaf_count=170 25 152 199 126 157 160 310 153 182 122 92 72 151 143
internal_value=5.82217e-06 0.000938736 -0.00181039 0.000134135 0.000627456 0.00217185 -0.00258543 -0.000937556 0.00121137 0.00259807 -0.000213558 -0.000433169 0.00198926 0.002144
internal_weight=2214 1463 751 886 607 577 480 279 358 417 249 271 176 295
internal_count=2214 1463 751 886 607 577 480 279 358 417 249 271 176 295
is_linear=0
shrinkage=0.03


Tree=53
num_leaves=15
num_cat=0
split_feature=7 6 16 16 0 0 0 7 7 0 4 5 4 7
split_gain=3.92695 1.52695 0.84747 0.701195 0.410097 0.285878 0.260987 0.225461 0.205813 0.168916 0.161602 0.202099 0.157722 0.148966
threshold=11.000000000000002 1.5000000000000002 76.357142857142875 60.785714285714292 4.5000000000000009 4.5000000000000009 4.5000000000000009 14.500000000000002 14.500000000000002 4.5000000000000009 1.5000000000000002 31.500000000000004 1.5000000000000002 14.500000000000002
decision_type=2 2 2 2 2 2 2 2 2 2 2 2 2 2
left_child=2 6 5 8 7 12 10 -5 -3 -4 -2 -12 -1 -6
right_child=1 3 9 4 13 -7 -8 -9 -10 -11 11 -13 -14 -15
leaf_value=-0.0014710406934533861 0.003609109110759825 -0.001702735093008759 -0.00013995146013020648 0.00064825634171049285 -0.00093421742725435515 -0.0038140573368582406 0.0013000107818192594 0.0018656421984784997 -0.00013183360054397919 -0.0016934901485616011 0.0034978930636980505 0.00064918134214204492 -0.002848326388293956 0.0005526353742849702
leaf_weight=168 175 144 229 273 125 127 107 277 156 86 42 48 141 116
leaf_count=168 175 144 229 273 125 127 107 277 156 86 42 48 141 116
internal_value=5.71416e-06 0.000910824 -0.00175637 0.000343977 0.000812144 -0.0026116 0.00256789 0.00126365 -0.000889018 -0.000568109 0.00307302 0.00200241 -0.00210667 -0.000219228
internal_weight=2214 1463 751 1091 791 436 372 550 300 315 265 90 309 241
internal_count=2214 1463 751 1091 791 436 372 550 300 315 265 90 309 241
is_linear=0
shrinkage=0.03


Tree=54
num_leaves=15
num_cat=0
split_feature=7 16 16 0 16 7 0 7 7 16 4 16 0 0
split_gain=3.69656 1.44726 0.797693 0.483204 0.348536 0.285056 0.269139 0.226088 0.189318 0.159621 0.148477 0.140835 0.134974 0.128048
threshold=11.000000000000002 75.785714285714292 76.357142857142875 2.5000000000000004 57.500000000000007 14.500000000000002 4.5000000000000009 14.500000000000002 14.500000000000002 94.214285714285737 1.5000000000000002 91.464285714285737 4.5000000000000009 1.5000000000000002
decision_type=2 2 2 2 2 2 2 2 2 2 2 2 2 2
left_child=2 3 6 8 -5 12 10 -6 -2 13 -1 -7 -3 -4
right_child=1 5 9 4 7 11 -8 -9 -10 -11 -12 -13 -14 -15
leaf_value=-0.0014271705935054084 0.00026112852282197832 0.0017885575412824818 0.00038087962523356754 -0.0020729950984125028 -0.00081901206925931317 0.0023427046112634918 -0.0037005295484414092 0.00059385245610206743 0.0015984945871720187 0.0007281007571145892 -0.00276347835930671 0.0039617933021552521 0.0003520689637495586 -0.001264840930054617
leaf_weight=168 192 213 54 99 198 216 127 208 189 68 141 66 82 193
leaf_count=168 192 213 54 99 198 216 127 208 189 68 141 66 82 193
internal_value=5.53443e-06 0.000883691 -0.00170408 0.000121696 -0.000486498 0.00205152 -0.00253381 -9.54994e-05 0.000926994 -0.00055124 -0.00204389 0.0027343 0.0013918 -0.000904963
internal_weight=2214 1463 751 886 505 577 436 406 381 315 309 282 295 247
internal_count=2214 1463 751 886 505 577 436 406 381 315 309 282 295 247
is_linear=0
shrinkage=0.03


Tree=55
num_leaves=15
num_cat=0
split_feature=8 6 4 6 2 6 6 1 16 4 5 4 1 8
split_gain=3.67087 1.34672 0.715362 0.699847 0.357408 0.354174 0.331239 0.227515 0.193171 0.190372 0.224374 0.18348 0.15412 0.14385
threshold=4.4000000000000012 1.5000000000000002 1.5000000000000002 3.5000000000000004 1.0000000180025095e-35 3.5000000000000004 1.5000000000000002 1.0000000180025095e-35 52.071428571428577 1.5000000000000002 31.500000000000004 1.5000000000000002 1.0000000180025095e-35 5.8000000000000007
decision_type=2 2 2 2 2 2 2 2 2 2 2 2 2 2
left_child=3 7 5 6 8 13 -1 9 -4 -2 -11 -8 -5 -3
right_child=1 2 4 12 -6 -7 11 -9 -10 10 -12 -13 -14 -15
leaf_value=-0.00010404297103004128 0.0034596335263764062 0.00087294090180977562 -0.0029031494491001857 -0.0026511658202646535 0.00045875202009862891 -6.7677020002673288e-05 -0.0011565290470814758 0.0012535677883305397 -0.00089491705750073644 0.0034010779452712638 0.00061344013816016097 -0.0025682931116387561 -0.0045597950356491539 0.0019328813073144818
leaf_weight=184 175 232 55 133 162 213 235 116 195 45 61 130 58 234
leaf_count=184 175 232 55 133 162 213 235 116 195 45 61 130 58 234
internal_value=3.45726e-05 0.000893205 0.000347927 -0.00169085 -0.000637297 0.000945793 -0.00114297 0.00238705 -0.00134653 0.00284886 0.0018176 -0.00166499 -0.00325148 0.00140818
internal_weight=2228 1488 1091 740 412 679 549 397 250 281 106 365 191 466
internal_count=2228 1488 1091 740 412 679 549 397 250 281 106 365 191 466
is_linear=0
shrinkage=0.03


Tree=56
num_leaves=15
num_cat=0
split_feature=7 6 4 16 2 6 0 0 16 4 5 0 4 7
split_gain=3.4556 1.268 0.673403 0.663484 0.336492 0.333331 0.274496 0.2142 0.18202 0.17899 0.211414 0.171385 0.161802 0.135384
threshold=11.000000000000002 1.5000000000000002 1.5000000000000002 75.785714285714292 1.0000000180025095e-35 3.5000000000000004 4.5000000000000009 4.5000000000000009 52.071428571428577 1.5000000000000002 31.500000000000004 4.5000000000000009 1.5000000000000002 14.500000000000002
decision_type=2 2 2 2 2 2 2 2 2 2 2 2 2 2
left_child=3 7 5 6 8 13 12 9 -4 -2 -11 -5 -1 -3
right_child=1 2 4 11 -6 -7 -8 -9 -10 10 -12 -13 -14 -15
leaf_value=-0.0012906950708277544 0.0033564342385877599 0.00084686506370456227 -0.0028176102050097795 -0.00018185406435245217 0.0004450738984120844 -6.5656196518184249e-05 -0.0036109997995197774 0.0012162821833044291 -0.00086820652358719785 0.003301263758406529 0.00059533376368739075 -0.0017367660044031005 -0.0027191569364283146 0.0018751416213084703
leaf_weight=168 175 232 55 233 162 213 124 116 195 45 61 87 128 234
leaf_count=168 175 232 55 233 162 213 124 116 195 45 61 87 128 234
internal_value=3.34962e-05 0.000866572 0.000337472 -0.00164057 -0.00061842 0.00091754 -0.00242345 0.0023161 -0.00130659 0.00276419 0.00176419 -0.000608689 -0.00191548 0.00136612
internal_weight=2228 1488 1091 740 412 679 420 397 250 281 106 320 296 466
internal_count=2228 1488 1091 740 412 679 420 397 250 281 106 320 296 466
is_linear=0
shrinkage=0.03


Tree=57
num_leaves=15
num_cat=0
split_feature=7 6 17 4 16 6 17 7 2 4 11 7 7 16
split_gain=3.25283 1.19387 0.64987 0.633905 0.319779 0.313714 0.264502 0.205532 0.187949 0.129876 0.128522 0.127416 0.123416 0.0999801
threshold=11.000000000000002 1.5000000000000002 13.670266373057801 1.5000000000000002 53.357142857142868 3.5000000000000004 17.588550416371355 14.500000000000002 1.0000000180025095e-35 1.5000000000000002 65.500000000000014 14.500000000000002 14.500000000000002 73.785714285714292
decision_type=2 2 2 2 2 2 2 2 2 2 2 2 2 2
left_child=2 7 10 5 -5 11 -4 -2 12 -9 -1 -3 -6 -10
right_child=1 3 6 4 8 -7 -8 9 13 -11 -12 -13 -14 -15
leaf_value=-0.0035988833003382128 0.0015601187941366775 0.00082156815245949171 -0.0014951192614742986 -0.0024323818927243822 -0.0016075956038334163 -6.3695720355864185e-05 -6.7011845239903784e-05 0.0035674104450736195 -1.0068258234241512e-05 0.0019381141369768345 -0.0021180418388685213 0.0018191267524380237 -9.2939840251347042e-05 0.0015970660950776865
leaf_weight=122 201 232 335 70 94 213 179 119 95 77 104 234 99 54
leaf_count=122 201 232 335 70 94 213 179 119 95 77 104 234 99 54
internal_value=3.24691e-05 0.000840734 -0.00159174 0.000327332 -0.000600103 0.000890131 -0.000998878 0.00224725 -0.000219077 0.00294042 -0.00292977 0.00132531 -0.000835132 0.000579147
internal_weight=2228 1488 740 1091 412 679 514 397 342 196 226 466 193 149
internal_count=2228 1488 740 1091 412 679 514 397 342 196 226 466 193 149
is_linear=0
shrinkage=0.03


Tree=58
num_leaves=15
num_cat=0
split_feature=7 6 17 4 2 6 17 1 4 5 7 1 7 1
split_gain=3.06173 1.12396 0.611897 0.596687 0.300028 0.295252 0.248914 0.201037 0.162998 0.199446 0.159546 0.151619 0.119917 0.110095
threshold=11.000000000000002 1.5000000000000002 13.670266373057801 1.5000000000000002 1.0000000180025095e-35 3.5000000000000004 17.588550416371355 1.0000000180025095e-35 1.5000000000000002 31.500000000000004 14.500000000000002 1.0000000180025095e-35 14.500000000000002 1.0000000180025095e-35
decision_type=2 2 2 2 2 2 2 2 2 2 2 2 2 2
left_child=2 7 11 5 10 12 -4 8 -2 -10 -5 -1 -3 -7
right_child=1 3 6 4 -6 13 -8 -9 9 -11 -12 -13 -14 -15
leaf_value=-0.0022727766300222893 0.0031793241530315504 0.00079702688830998584 -0.0014503991738927522 -0.001998175243554156 0.00042192676001759762 0.00036576011834319155 -6.5012663893867283e-05 0.0011158383027232515 0.0031531692977043112 0.0005262261172831659 -0.00048034399970674712 -0.0039672268452122803 0.0017647851802745555 -0.0011401791019044572
leaf_weight=152 175 232 335 123 162 153 179 116 45 61 127 74 234 60
leaf_count=152 175 232 335 123 162 153 179 116 45 61 127 74 234 60
internal_value=3.14926e-05 0.000815655 -0.00154428 0.000317513 -0.000582285 0.000863541 -0.000969003 0.00218037 0.0026143 0.00166048 -0.0012321 -0.00284263 0.00128572 -6.17938e-05
internal_weight=2228 1488 740 1091 412 679 514 397 281 106 250 226 466 213
internal_count=2228 1488 740 1091 412 679 514 397 281 106 250 226 466 213
is_linear=0
shrinkage=0.03


Tree=59
num_leaves=15
num_cat=0
split_feature=7 6 6 16 6 0 7 7 0 4 7 4 4 0
split_gain=2.88196 1.05824 0.587954 0.56198 0.283434 0.277087 0.23818 0.193428 0.16634 0.154616 0.134166 0.129914 0.116778 0.115548
threshold=11.000000000000002 1.5000000000000002 3.5000000000000004 62.619047619047628 1.5000000000000002 4.5000000000000009 14.500000000000002 14.500000000000002 4.5000000000000009 1.5000000000000002 14.500000000000002 1.5000000000000002 1.5000000000000002 4.5000000000000009
decision_type=2 2 2 2 2 2 2 2 2 2 2 2 2 2
left_child=2 7 4 6 13 10 8 -2 -3 -6 -5 -4 -9 -1
right_child=1 3 11 5 9 -7 -8 12 -10 -11 -12 -13 -14 -15
leaf_value=0.00040563962397003624 0.0014496374412844334 -0.00087237673167105492 -0.0023187397674378006 0.0006885296927557034 -0.0010127322572015592 -0.00011740391554143536 7.4635852501419968e-05 0.0033821712347562424 -0.0029517238245022541 -0.0023080255556496157 0.0016599866136211895 -0.0040065056584118039 0.0018372344259226408 -0.0013032032239425461
leaf_weight=137 201 123 124 266 235 216 188 119 48 130 250 67 77 47
leaf_count=137 201 123 124 266 235 216 188 119 48 130 250 67 77 47
internal_value=3.05471e-05 0.000791341 -0.00149827 0.00030798 -0.000996239 0.000784471 -0.000663064 0.00211556 -0.00146982 -0.00147912 0.0011615 -0.00292857 0.00278764 -3.55432e-05
internal_weight=2228 1488 740 1091 549 732 359 397 171 365 516 191 196 184
internal_count=2228 1488 740 1091 549 732 359 397 171 365 516 191 196 184
is_linear=0
shrinkage=0.03


Tree=60
num_leaves=15
num_cat=0
split_feature=8 6 16 6 0 4 0 16 8 4 2 5 0 4
split_gain=2.53561 1.0302 0.593588 0.416406 0.263269 0.20285 0.19145 0.181202 0.178342 0.157296 0.144632 0.134878 0.125262 0.103272
threshold=4.4000000000000012 3.5000000000000004 67.785714285714292 1.5000000000000002 4.5000000000000009 1.5000000000000002 2.5000000000000004 94.214285714285737 5.8000000000000007 1.5000000000000002 1.0000000180025095e-35 31.500000000000004 1.5000000000000002 1.5000000000000002
decision_type=2 2 2 2 2 2 2 2 2 2 2 2 2 2
left_child=2 3 6 8 9 -3 13 12 -2 -5 -7 -11 -4 -1
right_child=1 5 7 4 -6 10 -8 -9 -10 11 -12 -13 -14 -15
leaf_value=-0.00072098486480842293 0.0013383876180995515 -0.00011225098330922062 -0.00011613664693431929 0.0015087566170124034 -0.00011219109472126308 -0.0023594690240536101 -0.0033232482209348598 0.00071448739629513655 0.0026543411727202532 0.001267962198563213 -0.00040805951558976923 -0.00033500149067909699 -0.0013465329102141954 -0.0025529424949107984
leaf_weight=56 201 215 99 328 227 84 147 60 178 88 58 100 302 56
leaf_count=56 201 215 99 328 227 84 147 60 178 88 58 100 302 56
internal_value=-3.66563e-06 0.00070704 -0.00146253 0.00115342 0.000738998 -0.000695186 -0.00260944 -0.000813916 0.00196179 0.00111295 -0.00157084 0.000418061 -0.00104381 -0.00165145
internal_weight=2199 1479 720 1122 743 357 259 461 379 516 142 188 401 112
internal_count=2199 1479 720 1122 743 357 259 461 379 516 142 188 401 112
is_linear=0
shrinkage=0.03


Tree=61
num_leaves=15
num_cat=0
split_feature=7 6 16 6 0 16 15 0 7 7 7 0 16 0
split_gain=2.3866 0.969761 0.558965 0.391943 0.247775 0.189734 0.188279 0.180086 0.167867 0.15699 0.134657 0.111777 0.0938858 0.08893
threshold=11.000000000000002 3.5000000000000004 67.785714285714292 1.5000000000000002 4.5000000000000009 53.071428571428577 98.500000000000014 2.5000000000000004 14.500000000000002 14.500000000000002 14.500000000000002 4.5000000000000009 54.071428571428577 4.5000000000000009
decision_type=2 2 2 2 2 2 2 2 2 2 2 2 2 2
left_child=2 3 7 8 9 -3 11 -1 13 -5 -7 -4 -9 -2
right_child=1 5 6 4 -6 10 -8 12 -10 -11 -12 -13 -14 -15
leaf_value=-0.0016027757707429494 0.0016981512830049419 -0.001857831055873488 -0.00067701206287767112 0.0005572380161082811 -0.00010884012471682294 -0.00093323722120818692 0.0009160656386386388 -0.0048983358426226507 0.0025751557964545429 0.0016060961448593535 0.0004096706866044783 -0.0017621942752086353 -0.0028272962438889216 0.00030084811569333582
leaf_weight=112 143 90 288 260 227 135 51 26 178 256 132 122 121 58
leaf_count=112 143 90 288 260 227 135 51 26 178 256 132 122 121 58
internal_value=-3.60888e-06 0.000685899 -0.00141896 0.00111899 0.000716922 -0.000674572 -0.000789548 -0.00253192 0.00190325 0.0010797 -0.000270276 -0.00100342 -0.00322422 0.00129843
internal_weight=2199 1479 720 1122 743 357 461 259 379 516 267 410 147 201
internal_count=2199 1479 720 1122 743 357 461 259 379 516 267 410 147 201
is_linear=0
shrinkage=0.03


Tree=62
num_leaves=15
num_cat=0
split_feature=7 15 16 16 7 7 15 0 0 0 0 4 4 4
split_gain=2.24674 0.891108 0.52654 0.377709 0.292689 0.239446 0.177286 0.169693 0.143021 0.138046 0.106859 0.102504 0.0974396 0.0969993
threshold=11.000000000000002 75.166666666666671 67.785714285714292 55.071428571428577 14.500000000000002 14.500000000000002 98.500000000000014 2.5000000000000004 1.5000000000000002 4.5000000000000009 1.5000000000000002 1.5000000000000002 1.5000000000000002 1.0000000180025095e-35
decision_type=2 2 2 2 2 2 2 2 2 2 2 2 2 2
left_child=2 3 7 11 9 13 10 12 -6 -5 -4 -2 -1 -3
right_child=1 5 6 4 8 -7 -8 -9 -10 -11 -12 -13 -14 -15
leaf_value=-0.0006524950723274072 -0.00011605964337345646 0.0021047687352316255 -0.00010206486954284256 0.00015231115015154728 0.0018384232315867114 0.0022858763128022594 0.00088911217612733782 -0.0031290636445093596 0.00056381417292574744 -0.0010577815658995868 -0.0012423726440905808 -0.0018958920231671073 -0.0024304581747243278 0.00075803542362953239
leaf_weight=56 42 60 97 255 108 256 51 147 296 126 313 95 56 241
leaf_count=56 42 60 97 255 108 256 51 147 296 126 313 95 56 241
internal_value=-3.59067e-06 0.000665408 -0.00137684 9.26307e-05 0.000346685 0.00161166 -0.00076596 -0.00245704 0.000908249 -0.000249598 -0.000973497 -0.00135504 -0.00155512 0.00103257
internal_weight=2199 1479 720 922 785 557 461 259 404 381 410 137 112 301
internal_count=2199 1479 720 922 785 557 461 259 404 381 410 137 112 301
is_linear=0
shrinkage=0.03


Tree=63
num_leaves=15
num_cat=0
split_feature=7 17 17 1 7 17 16 7 16 1 17 15 1 7
split_gain=2.11475 0.879522 0.504283 0.34924 0.289793 0.21631 0.200668 0.159335 0.134465 0.127552 0.117462 0.105927 0.104536 0.101793
threshold=11.000000000000002 16.485202030547203 16.690459207925468 1.0000000180025095e-35 14.500000000000002 11.729084728631261 55.071428571428577 14.500000000000002 53.071428571428577 1.0000000180025095e-35 21.460372359596725 87.416666666666671 1.0000000180025095e-35 14.500000000000002
decision_type=2 2 2 2 2 2 2 2 2 2 2 2 2 2
left_child=2 3 5 6 9 -1 -2 -8 -5 10 -3 -6 -4 -10
right_child=1 4 12 8 11 -7 7 -9 13 -11 -12 -13 -14 -15
leaf_value=-0.0032511070384886502 -0.00089507231217698729 0.00092147950421591913 9.9522717632537108e-05 -0.0029438524746239697 0.0017664769701794003 -0.0015992056722392417 1.169974048668298e-05 0.0011302150915139372 -0.0014914606451722128 1.9140627478727289e-05 0.0025536672702553319 0.0030659733226970783 -0.0012868507639822464 -0.00013379491934854839
leaf_weight=89 94 224 189 28 233 377 211 250 90 113 48 78 65 110
leaf_count=89 94 224 189 28 233 377 211 250 90 113 48 78 65 110
internal_value=-3.51068e-06 0.00064554 -0.00133581 -4.44049e-05 0.00142068 -0.00192098 0.000361749 0.000619403 -0.00103033 0.000866955 0.00121781 0.00210118 -0.000258913 -0.000749125
internal_weight=2199 1479 720 783 696 466 555 461 228 385 272 311 254 200
internal_count=2199 1479 720 783 696 466 555 461 228 385 272 311 254 200
is_linear=0
shrinkage=0.03


Tree=64
num_leaves=15
num_cat=0
split_feature=8 6 6 17 0 17 16 0 8 16 8 0 8 8
split_gain=1.99045 0.834101 0.477113 0.364749 0.3092 0.202519 0.156567 0.140475 0.134061 0.131484 0.116375 0.110897 0.100877 0.0893017
threshold=4.4000000000000012 3.5000000000000004 3.5000000000000004 18.859821136845582 2.5000000000000004 17.588550416371355 53.071428571428577 4.5000000000000009 5.8000000000000007 58.071428571428577 5.8000000000000007 2.5000000000000004 5.8000000000000007 5.8000000000000007
decision_type=2 2 2 2 2 2 2 2 2 2 2 2 2 2
left_child=2 3 5 4 12 11 -3 13 -6 -4 -8 -1 -2 -5
right_child=1 6 9 7 8 -7 10 -9 -10 -11 -12 -13 -14 -15
leaf_value=-0.00059691756614176463 0.00083953840323543812 -0.0017103760692567288 -0.0035435699835070409 0.0017900882689492227 -0.0003381936635813339 -2.4730621713628112e-05 -0.00088437592321149755 0.00096976550186381606 0.00067996142935017551 -0.001883433975146285 0.00036410105045967125 -0.001684723332699731 0.0018687109575342658 0.0030817074445861109
leaf_weight=141 171 90 79 121 226 181 135 101 238 104 132 215 177 88
leaf_count=141 171 90 79 121 226 181 135 101 238 104 132 215 177 88
internal_value=-3.43309e-06 0.000626255 -0.00129599 0.00102792 0.000692216 -0.000842311 -0.000635458 0.00190218 0.000184389 -0.00261547 -0.000268096 -0.00125676 0.00136685 0.00234601
internal_weight=2199 1479 720 1122 812 537 357 310 464 183 267 356 348 209
internal_count=2199 1479 720 1122 812 537 357 310 464 183 267 356 348 209
is_linear=0
shrinkage=0.03


Tree=65
num_leaves=15
num_cat=0
split_feature=7 17 6 0 0 7 6 4 6 17 0 4 5 17
split_gain=2.00482 0.800709 0.554745 0.434249 0.260822 0.239739 0.227941 0.222186 0.191945 0.128474 0.122848 0.119001 0.114811 0.103133
threshold=11.000000000000002 16.532795690182663 3.5000000000000004 4.5000000000000009 4.5000000000000009 14.500000000000002 1.5000000000000002 1.5000000000000002 1.5000000000000002 14.008500820504624 4.5000000000000009 1.5000000000000002 32.500000000000007 21.483104182233792
decision_type=2 2 2 2 2 2 2 2 2 2 2 2 2 2
left_child=2 3 4 6 8 10 -2 -8 -1 -5 13 -4 -9 -3
right_child=1 5 11 9 -6 -7 7 12 -10 -11 -12 -13 -14 -15
leaf_value=0.00057535441697557238 0.002412242423267845 0.0009664738781910273 -0.002021157362214897 -0.001844802557277704 -0.0018082663366130872 0.0020398446257363576 0.00080229460897273763 0.00016547055280360796 -0.00083346517220806251 -0.00043310772364477351 3.6029942760554455e-05 -0.0035945418662113415 -0.0011640519995125941 0.0026155608706176282
leaf_weight=129 48 199 114 105 159 304 310 133 263 130 107 76 103 41
leaf_count=129 48 199 114 105 159 304 310 133 263 130 107 76 103 41
internal_value=8.80728e-07 0.000638576 -0.00127193 1.99265e-05 -0.000787249 0.00142514 0.000451807 0.000275366 -0.000369564 -0.00106901 0.000882298 -0.00266604 -0.00041725 0.00125788
internal_weight=2221 1480 741 829 551 651 594 546 392 235 347 190 236 240
internal_count=2221 1480 741 829 551 651 594 546 392 235 347 190 236 240
is_linear=0
shrinkage=0.03


Tree=66
num_leaves=15
num_cat=0
split_feature=7 6 6 17 0 0 6 0 7 7 0 0 0 7
split_gain=1.8872 0.756292 0.522401 0.39988 0.295133 0.24552 0.180661 0.157748 0.141484 0.140725 0.113774 0.086845 0.0728214 0.0695946
threshold=11.000000000000002 1.5000000000000002 3.5000000000000004 14.487268421052997 4.5000000000000009 4.5000000000000009 1.5000000000000002 3.5000000000000004 14.500000000000002 14.500000000000002 4.5000000000000009 4.5000000000000009 3.5000000000000004 14.500000000000002
decision_type=2 2 2 2 2 2 2 2 2 2 2 2 2 2
left_child=2 7 5 4 9 6 -1 -2 11 -3 -4 -5 -10 -6
right_child=1 3 10 8 13 -7 -8 -9 12 -11 -12 -13 -14 -15
leaf_value=0.00055822655971412758 0.0023198915959808386 -0.00066231703564381249 -0.0020715009584616785 0.00057223281338515154 -0.0023383844109690364 -0.0017543573996281338 -0.00080855593803190375 0.0010776649615672257 0.0016072412511566653 0.0005719326305756899 -0.0037050047996690714 -0.00051396174066241894 0.00069300554453070613 -0.0009119616849104622
leaf_weight=129 211 150 132 230 67 159 263 168 159 184 58 92 159 60
leaf_count=129 211 150 132 230 67 159 263 168 159 184 58 92 159 60
internal_value=8.26136e-07 0.000619532 -0.00123409 0.000221039 -0.000452039 -0.000763744 -0.000358497 0.00177353 0.000705814 1.73065e-05 -0.00258694 0.000261261 0.00115373 -0.00167687
internal_weight=2221 1480 741 1101 461 551 392 379 640 334 190 322 318 127
internal_count=2221 1480 741 1101 461 551 392 379 640 334 190 322 318 127
is_linear=0
shrinkage=0.03


Tree=67
num_leaves=15
num_cat=0
split_feature=7 17 16 0 7 4 17 6 4 16 5 0 0 7
split_gain=1.77638 0.719865 0.494274 0.394724 0.220254 0.208421 0.208194 0.17021 0.149264 0.142524 0.115676 0.112526 0.109862 0.108812
threshold=11.000000000000002 16.532795690182663 76.500000000000014 2.5000000000000004 14.500000000000002 1.5000000000000002 13.12667219774354 1.5000000000000002 1.5000000000000002 54.071428571428577 32.500000000000007 4.5000000000000009 4.5000000000000009 14.500000000000002
decision_type=2 2 2 2 2 2 2 2 2 2 2 2 2 2
left_child=2 3 5 7 12 -1 -5 -2 -9 -7 -10 -4 -3 -8
right_child=1 4 11 6 -6 9 13 8 10 -11 -12 -13 -14 -15
leaf_value=-0.0012299601747545238 0.0027307682445804988 0.0011817484935919495 8.8013503117113047e-05 -0.0015023560828066784 0.0019359426867640503 -0.0042074916111484451 -0.00072582409471244906 0.0010557565070499549 0.00057955868178396488 -0.0021395367887080503 -0.0011375934224766256 -0.0012239307671479765 2.6360730860485798e-05 0.0003982574558637968
leaf_weight=239 34 240 222 147 304 38 146 199 75 163 65 79 107 163
leaf_count=239 34 240 222 147 304 38 146 199 75 163 65 79 107 163
internal_value=7.28907e-07 0.000600995 -0.00119738 1.44131e-05 0.0013468 -0.00183711 -0.000577091 0.000737148 0.000529755 -0.00254939 -0.000220104 -0.00025923 0.000826576 -0.00013349
internal_weight=2221 1480 741 829 651 440 456 373 339 201 140 301 347 309
internal_count=2221 1480 741 829 651 440 456 373 339 201 140 301 347 309
is_linear=0
shrinkage=0.03


Tree=68
num_leaves=15
num_cat=0
split_feature=7 6 6 17 1 1 6 1 7 1 1 7 17 5
split_gain=1.67225 0.683386 0.473922 0.352509 0.267495 0.223103 0.16473 0.143773 0.130244 0.129557 0.107181 0.0910326 0.0749233 0.0891954
threshold=11.000000000000002 1.5000000000000002 3.5000000000000004 14.487268421052997 1.0000000180025095e-35 1.0000000180025095e-35 1.5000000000000002 1.0000000180025095e-35 14.500000000000002 1.0000000180025095e-35 1.0000000180025095e-35 14.500000000000002 20.138804050176944 31.500000000000004
decision_type=2 2 2 2 2 2 2 2 2 2 2 2 2 2
left_child=2 7 5 4 8 6 -1 12 -3 11 -4 -5 13 -2
right_child=1 3 10 9 -6 -7 -8 -9 -10 -11 -12 -13 -14 -15
leaf_value=0.00054770592628763275 0.0026972522828817508 -0.00063469639183452861 -0.0019510768627066467 0.00053233518638623901 -0.0015937608736271613 -0.0016581432705934274 -0.0007573777679780588 0.00076268188907956103 0.00055270136619376873 2.82479662132348e-05 -0.0035342331716822365 0.0014000670492215637 0.0027197270658798514 0.0011828470100382607
leaf_weight=129 51 150 132 230 127 159 263 111 184 201 58 209 99 118
leaf_count=129 51 150 132 230 127 159 263 111 184 201 58 209 99 118
internal_value=6.50734e-07 0.000583057 -0.00116181 0.000204264 -0.000427686 -0.000713857 -0.000327598 0.00168002 1.91361e-05 0.000659422 -0.00245033 0.00094769 0.00205572 0.00165303
internal_weight=2221 1480 741 1101 461 551 392 379 334 640 190 439 268 169
internal_count=2221 1480 741 1101 461 551 392 379 334 640 190 439 268 169
is_linear=0
shrinkage=0.03


Tree=69
num_leaves=15
num_cat=0
split_feature=7 17 6 0 0 7 17 6 6 16 0 0 0 7
split_gain=1.57426 0.645668 0.446316 0.359414 0.210014 0.204321 0.186593 0.155046 0.1546 0.109663 0.102129 0.101031 0.0984465 0.0982255
threshold=11.000000000000002 16.532795690182663 3.5000000000000004 2.5000000000000004 4.5000000000000009 14.500000000000002 13.12667219774354 1.5000000000000002 1.5000000000000002 50.071428571428577 1.0000000180025095e-35 4.5000000000000009 4.5000000000000009 14.500000000000002
decision_type=2 2 2 2 2 2 2 2 2 2 2 2 2 2
left_child=2 3 4 8 7 12 -5 -1 -2 -10 -11 -4 -3 -8
right_child=1 5 11 6 -6 -7 13 -9 9 10 -12 -13 -14 -15
leaf_value=0.00053140114971364917 0.0025998394993200363 0.0011073297255749077 -0.0018929846443260382 -0.001430184846988079 -0.0016087098832049378 0.0018394175531537286 -0.00069700889342092691 -0.00073474249301150177 -0.0012661363049570856 0.0013956199874794676 0.00026016752749338855 -0.0034300032624248731 1.3721137527479893e-05 0.00037100523351066999
leaf_weight=129 34 240 132 147 159 304 146 263 28 110 201 58 107 163
leaf_count=129 34 240 132 147 159 304 146 263 28 110 201 58 107 163
internal_value=6.35186e-07 0.00056572 -0.00112725 1.01943e-05 -0.000692542 0.00127204 -0.000554229 -0.000317786 0.000699851 0.000502205 0.00066496 -0.00237768 0.000771116 -0.000134243
internal_weight=2221 1480 741 829 551 651 456 392 373 339 311 190 347 309
internal_count=2221 1480 741 829 551 651 456 392 373 339 311 190 347 309
is_linear=0
shrinkage=0.03


Tree=70
num_leaves=15
num_cat=0
split_feature=7 6 6 6 4 4 14 4 0 2 0 18 0 7
split_gain=1.47063 0.667805 0.396579 0.326605 0.247759 0.204363 0.152724 0.158724 0.139832 0.128819 0.114934 0.0921656 0.0873909 0.0829465
threshold=11.000000000000002 3.5000000000000004 1.5000000000000002 1.5000000000000002 1.5000000000000002 1.5000000000000002 54.500000000000007 1.0000000180025095e-35 4.5000000000000009 1.0000000180025095e-35 2.5000000000000004 56.125000000000007 4.5000000000000009 14.500000000000002
decision_type=2 2 2 2 2 2 2 2 2 2 2 2 2 2
left_child=2 3 12 6 -4 10 -2 -8 -3 -7 -5 -6 -1 -9
right_child=1 8 4 5 11 9 7 13 -10 -11 -12 -13 -14 -15
leaf_value=0.00051847657454131603 0.0036831945790007947 -0.00017587887985187026 -0.00099092574315644538 0.0015327367676833932 -0.0036341720743803306 -0.00062820216932939655 0.0030145914633484447 0.00068186773266589568 -0.0014742899265670149 0.00068989752596079388 0.00056017990044035417 -0.0019783432406838982 -0.00089879783882166849 0.0016992117777980605
leaf_weight=135 30 248 349 181 39 162 50 148 106 112 279 164 54 144
leaf_count=135 30 248 349 181 39 162 50 148 106 112 279 164 54 144
internal_value=1.28046e-05 0.000565184 -0.00107485 0.000927983 -0.00148032 0.000559687 0.00165123 0.00146276 -0.000567726 -8.88674e-05 0.000945355 -0.00231271 0.000110942 0.00118766
internal_weight=2201 1460 741 1106 552 734 372 342 354 274 460 203 189 292
internal_count=2201 1460 741 1106 552 734 372 342 354 274 460 203 189 292
is_linear=0
shrinkage=0.03


Tree=71
num_leaves=15
num_cat=0
split_feature=7 6 17 4 2 0 4 0 16 4 18 18 6 7
split_gain=1.38455 0.628723 0.381542 0.312117 0.283135 0.205293 0.1564 0.13165 0.123286 0.100893 0.0995082 0.0902359 0.0859622 0.0826169
threshold=11.000000000000002 3.5000000000000004 16.690459207925468 1.5000000000000002 1.0000000180025095e-35 2.5000000000000004 1.5000000000000002 4.5000000000000009 95.071428571428584 2.5000000000000004 56.125000000000007 89.375000000000014 1.5000000000000002 14.500000000000002
decision_type=2 2 2 2 2 2 2 2 2 2 2 2 2 2
left_child=2 3 6 5 -5 12 -1 -3 -7 -6 -8 -4 -2 -9
right_child=1 7 11 4 9 8 10 13 -10 -11 -12 -13 -14 -15
leaf_value=-0.0010539670004201878 0.0025831322533200348 -0.00017062370261424278 -0.00052168953069419582 -0.00042746279353656315 0.0018648688886314629 0.00066534234949417663 -0.0035278725614771244 -0.0022739291582300485 0.0023020682052927134 0.00038458496807684643 -0.0018271438541289952 0.00064624152705073355 0.0014870073048047373 -0.00059168244906785815
leaf_weight=264 106 248 175 238 89 368 39 52 46 78 174 89 181 54
leaf_count=264 106 248 175 238 89 368 39 52 46 78 174 89 181 54
internal_value=1.24559e-05 0.000548426 -0.00104289 0.000900448 0.000236593 0.0012831 -0.00154847 -0.000550834 0.00085231 0.00117988 -0.00215358 -0.000127002 0.00189941 -0.00143047
internal_weight=2201 1460 741 1106 405 701 477 354 414 167 213 264 287 106
internal_count=2201 1460 741 1106 405 701 477 354 414 167 213 264 287 106
is_linear=0
shrinkage=0.03


Tree=72
num_leaves=15
num_cat=0
split_feature=7 6 17 4 2 6 4 14 4 4 0 6 0 16
split_gain=1.30335 0.593237 0.359209 0.316563 0.200474 0.155248 0.147333 0.14574 0.143579 0.112659 0.102657 0.101594 0.0868683 0.0854518
threshold=11.000000000000002 1.5000000000000002 16.690459207925468 1.5000000000000002 1.0000000180025095e-35 3.5000000000000004 1.5000000000000002 54.500000000000007 1.0000000180025095e-35 2.5000000000000004 2.5000000000000004 3.5000000000000004 4.5000000000000009 53.500000000000007
decision_type=2 2 2 2 2 2 2 2 2 2 2 2 2 2
left_child=2 7 6 5 11 10 -1 -2 -9 -6 -3 -5 -4 -8
right_child=1 3 12 4 9 -7 13 8 -10 -11 -12 -13 -14 -15
leaf_value=-0.0010224673078633748 0.0035485259065453352 0.0014426422005539739 0.00021388826383372361 -0.00059672651011632473 0.0010408913338712106 -8.3710911508641809e-05 -0.0036368916196555922 0.002856507371453678 0.001119114977282338 -0.00050203438852568748 0.00052354553629083969 -0.0019096235281904227 -0.00099606433310671827 -0.0018372576160641807
leaf_weight=264 30 181 191 162 89 218 28 50 292 80 279 79 73 185
leaf_count=264 30 181 191 162 89 218 28 50 292 80 279 79 73 185
internal_value=1.20759e-05 0.000532092 -0.00101185 0.000177961 -0.00047937 0.000575583 -0.00150241 0.00156458 0.00138071 0.000311855 0.000887535 -0.00103321 -0.000123178 -0.00208972
internal_weight=2201 1460 741 1088 410 678 477 372 342 169 460 241 264 213
internal_count=2201 1460 741 1088 410 678 477 372 342 169 460 241 264 213
is_linear=0
shrinkage=0.03


Tree=73
num_leaves=15
num_cat=0
split_feature=7 6 6 4 2 4 6 7 17 4 4 4 7 18
split_gain=1.22706 0.560517 0.349202 0.280054 0.258841 0.20903 0.178957 0.12616 0.0945702 0.0914372 0.0808321 0.0804545 0.0801271 0.0773873
threshold=11.000000000000002 3.5000000000000004 1.5000000000000002 1.5000000000000002 1.0000000180025095e-35 1.5000000000000002 1.5000000000000002 14.500000000000002 12.742877948736886 2.5000000000000004 1.0000000180025095e-35 1.5000000000000002 14.500000000000002 55.125000000000007
decision_type=2 2 2 2 2 2 2 2 2 2 2 2 2 2
left_child=2 3 11 6 -5 -4 12 8 -3 -6 -8 -1 -2 -7
right_child=1 7 5 4 9 13 10 -9 -10 -11 -12 -13 -14 -15
leaf_value=0.00063618741449317901 0.0013143715440585254 -0.0020557850638984656 -0.00091274523472030912 -0.00041506405920673124 0.0017738594882345448 -0.0034652513955884118 0.0016700212817328671 2.650480027232729e-05 -0.00057728010477993451 0.00036467706227212365 0.00066300024580648884 -0.00061916673158910786 0.0024300636870902962 -0.001848306789373358
leaf_weight=113 122 60 349 238 89 33 89 183 111 78 371 76 119 170
leaf_count=113 122 60 349 238 89 33 89 183 111 78 371 76 119 170
internal_value=1.17158e-05 0.000516282 -0.000981793 0.000848663 0.000219844 -0.00136228 0.00121113 -0.000521638 -0.00110499 0.00112177 0.000861037 0.000130787 0.00187304 -0.00212686
internal_weight=2201 1460 741 1106 405 552 701 354 171 167 460 189 241 203
internal_count=2201 1460 741 1106 405 552 701 354 171 167 460 189 241 203
is_linear=0
shrinkage=0.03


Tree=74
num_leaves=15
num_cat=0
split_feature=7 6 6 4 4 2 14 7 4 4 6 6 0 7
split_gain=1.15511 0.533179 0.328719 0.289173 0.196912 0.179229 0.138964 0.138846 0.132305 0.101312 0.0941748 0.080436 0.0788458 0.0755353
threshold=11.000000000000002 1.5000000000000002 1.5000000000000002 1.5000000000000002 1.5000000000000002 1.0000000180025095e-35 54.500000000000007 14.500000000000002 1.0000000180025095e-35 2.5000000000000004 3.5000000000000004 3.5000000000000004 4.5000000000000009 14.500000000000002
decision_type=2 2 2 2 2 2 2 2 2 2 2 2 2 2
left_child=2 6 12 7 -4 10 -2 11 -8 -7 -5 -3 -1 -10
right_child=1 3 4 5 -6 9 8 -9 13 -11 -12 -13 -14 -15
leaf_value=0.00051386507332234241 0.0034160378739057527 0.00043451898810482296 -0.00088544110839720814 -0.00056655901565075067 -0.0020638335526831828 0.00097649203252512954 0.0027167709478560613 0.0009660905795994501 0.00056768819711139047 -0.00048662210904661113 -0.0018304887515259904 -0.00055316470176802713 -0.00083238360254009336 0.001537239084570219
leaf_weight=135 30 223 349 162 203 89 50 345 148 80 79 110 54 144
leaf_count=135 30 223 349 162 203 89 50 345 148 80 79 110 54 144
internal_value=1.13505e-05 0.000500901 -0.00095259 0.000165177 -0.00132175 -0.000463066 0.00147973 0.000545211 0.00130041 0.000285105 -0.000986728 0.000107578 0.000126866 0.00104944
internal_weight=2201 1460 741 1088 552 410 372 678 342 169 241 333 189 292
internal_count=2201 1460 741 1088 552 410 372 678 342 169 241 333 189 292
is_linear=0
shrinkage=0.03


Tree=75
num_leaves=15
num_cat=0
split_feature=8 17 1 15 4 5 1 18 4 6 17 12 6 6
split_gain=1.06638 0.709211 0.361992 0.258022 0.144791 0.151264 0.138894 0.120925 0.104824 0.09497 0.0937929 0.0771916 0.0608739 0.0602159
threshold=5.8000000000000007 16.994396835708091 1.0000000180025095e-35 75.166666666666671 1.5000000000000002 32.500000000000007 1.0000000180025095e-35 51.291666666666679 1.5000000000000002 1.5000000000000002 21.92736928611231 100.50000000000001 3.5000000000000004 3.5000000000000004
decision_type=2 2 2 2 2 2 2 2 2 2 2 2 2 2
left_child=1 2 4 8 13 9 10 -4 -2 -6 -3 -5 -7 -1
right_child=3 6 7 11 5 12 -8 -9 -10 -11 -12 -13 -14 -15
leaf_value=0.00014719447732310019 0.00092364501774600742 0.00049713843302589872 -0.0037413984215978915 0.0013602450838550518 0.0011577707494931624 -0.0014803847358155163 -0.00038315717753951165 -0.001660525760165218 3.5640787775628263e-05 -0.00078915392008455955 0.0018355978620556098 0.0025482803476708274 -0.0030837093062441923 -0.00062135503959408103
leaf_weight=206 256 341 28 190 26 102 151 246 224 138 54 69 28 164
leaf_count=206 256 341 28 190 26 102 151 246 224 138 54 69 28 164
internal_value=-6.61997e-06 -0.000470239 -0.000970228 0.00092376 -0.000590066 -0.0010859 0.00038892 -0.001886 0.000510179 -0.000475349 0.000684291 0.00168533 -0.00184662 -0.000194217
internal_weight=2223 1484 938 739 664 294 546 274 480 164 395 259 130 370
internal_count=2223 1484 938 739 664 294 546 274 480 164 395 259 130 370
is_linear=0
shrinkage=0.03


Tree=76
num_leaves=15
num_cat=0
split_feature=7 17 1 17 4 5 1 16 1 6 17 11 4 6
split_gain=1.00389 0.66773 0.340803 0.244151 0.136356 0.142563 0.13075 0.118073 0.104744 0.0894956 0.0883804 0.0766852 0.067545 0.0574881
threshold=14.500000000000002 16.994396835708091 1.0000000180025095e-35 16.552226133028132 1.5000000000000002 32.500000000000007 1.0000000180025095e-35 56.357142857142868 1.0000000180025095e-35 1.5000000000000002 21.92736928611231 59.500000000000007 1.5000000000000002 3.5000000000000004
decision_type=2 2 2 2 2 2 2 2 2 2 2 2 2 2
left_child=1 2 4 8 -1 9 10 -4 12 -6 -3 -5 -2 -7
right_child=3 6 7 11 5 13 -8 -9 -10 -11 -12 -13 -14 -15
leaf_value=-0.000188428356670012 0.0011195311390217871 0.00048226788427360078 -0.0031469954922795293 0.00064819999919563998 0.0011243240239046928 -0.0014364043771949351 -0.000371738088376189 -0.0015233608553729332 -0.00027424399056361011 -0.00076564962413914084 0.0017815311624964868 0.0018480626517840711 0.00025288729799574172 -0.0029943881004021082
leaf_weight=370 186 341 50 63 26 102 151 224 125 138 54 221 144 28
leaf_count=370 186 341 50 63 26 102 151 224 125 138 54 221 144 28
internal_value=-6.46527e-06 -0.000456296 -0.000941443 0.000896245 -0.000572575 -0.00105375 0.000377359 -0.00183001 0.000463742 -0.000461022 0.000663939 0.0015851 0.000743266 -0.00179227
internal_weight=2223 1484 938 739 664 294 546 274 455 164 395 284 330 130
internal_count=2223 1484 938 739 664 294 546 274 455 164 395 284 330 130
is_linear=0
shrinkage=0.03


Tree=77
num_leaves=15
num_cat=0
split_feature=7 15 17 7 0 7 0 0 18 16 4 0 12 4
split_gain=0.954157 0.432057 0.278645 0.214472 0.144453 0.132427 0.124215 0.112395 0.108158 0.0834783 0.0792877 0.073065 0.0716817 0.0557179
threshold=11.000000000000002 75.166666666666671 16.690459207925468 14.500000000000002 2.5000000000000004 14.500000000000002 4.5000000000000009 1.5000000000000002 54.625000000000007 64.071428571428584 1.5000000000000002 4.5000000000000009 100.50000000000001 1.5000000000000002
decision_type=2 2 2 2 2 2 2 2 2 2 2 2 2 2
left_child=2 3 4 6 13 -3 -2 -5 -6 -8 -9 -4 -7 -1
right_child=1 5 11 7 8 12 9 10 -10 -11 -12 -13 -14 -15
leaf_value=-0.00027664679444997626 -8.8638907692903127e-05 0.00065762643922456755 0.00018577540044643684 0.0011863976383162005 -0.0035168444214324496 0.001278056476770471 -0.0020661416293920151 0.00061509659462777484 -0.0015500425616365616 -0.00057789150569199899 -0.00030115758488709278 -0.00095898133123974638 0.0024220019742913013 -0.0012837859586512042
leaf_weight=118 303 294 199 141 28 190 55 178 247 89 161 66 69 85
leaf_count=118 303 294 199 141 28 190 55 178 247 89 161 66 69 85
internal_value=-6.31777e-06 0.000434012 -0.000882826 3.78479e-05 -0.00131467 0.00109684 -0.00043451 0.00047772 -0.00176232 -0.00115665 0.000180338 -0.000101867 0.00159096 -0.000702581
internal_weight=2223 1480 743 927 478 553 447 480 275 144 339 265 259 203
internal_count=2223 1480 743 927 478 553 447 480 275 144 339 265 259 203
is_linear=0
shrinkage=0.03


Tree=78
num_leaves=15
num_cat=0
split_feature=7 17 0 17 7 0 7 7 4 17 12 0 0 5
split_gain=0.898275 0.41577 0.286923 0.262323 0.139393 0.136779 0.117858 0.0979978 0.0751024 0.0719979 0.0711922 0.0688034 0.0662466 0.0583148
threshold=11.000000000000002 16.994396835708091 2.5000000000000004 16.690459207925468 14.500000000000002 4.5000000000000009 14.500000000000002 14.500000000000002 1.5000000000000002 13.12667219774354 97.500000000000014 4.5000000000000009 2.5000000000000004 32.500000000000007
decision_type=2 2 2 2 2 2 2 2 2 2 2 2 2 2
left_child=3 2 7 5 9 8 12 -2 -1 -4 -8 -5 -3 -10
right_child=1 6 4 11 -6 -7 10 -9 13 -11 -12 -13 -14 -15
leaf_value=-0.00053648404254100137 0.00010967763364268232 0.0012712236499116002 -0.0018263504383807529 0.00018023001799592748 1.3699334798399252e-05 -0.0020364597206345347 0.0012202271652828223 0.0010207412733858369 -0.00091461094013549923 -0.00065445891068520716 0.0023599704952600104 -0.00093064128348270233 0.0003508488743123254 -0.0021605236316863141
leaf_weight=189 198 108 66 199 263 147 176 229 82 167 71 66 202 60
leaf_count=189 198 108 66 199 263 147 176 229 82 167 71 66 202 60
internal_value=-6.1859e-06 0.000421055 3.01931e-05 -0.000856639 -0.000460157 -0.00127564 0.00106753 0.000599524 -0.00093264 -0.000992797 0.00155604 -9.88984e-05 0.000674552 -0.00145248
internal_weight=2223 1480 923 743 496 478 557 427 331 233 247 265 310 142
internal_count=2223 1480 923 743 496 478 557 427 331 233 247 265 310 142
is_linear=0
shrinkage=0.03


Tree=79
num_leaves=15
num_cat=0
split_feature=7 17 0 16 0 11 7 7 18 16 0 18 0 4
split_gain=0.845645 0.393024 0.283157 0.25474 0.152736 0.140049 0.120194 0.114643 0.090105 0.0765669 0.0664285 0.0662801 0.067801 0.0630315
threshold=11.000000000000002 16.552226133028132 1.5000000000000002 77.500000000000014 2.5000000000000004 50.500000000000007 14.500000000000002 14.500000000000002 54.625000000000007 50.642857142857146 4.5000000000000009 102.37500000000001 1.5000000000000002 1.5000000000000002
decision_type=2 2 2 2 2 2 2 2 2 2 2 2 2 2
left_child=3 2 9 4 -1 -3 10 -7 -6 -2 -4 12 -5 -8
right_child=1 5 6 11 8 7 13 -9 -10 -11 -12 -13 -14 -15
leaf_value=-0.00065169946900556068 -0.00067564638235188758 -0.0010021078920004994 -0.00045260348574216051 0.00062908265347543521 -0.0033569000780197052 0.00069229681155047733 0.00041160641526794711 0.0015262775289106435 -0.0015476127654428917 0.00096331104401278507 -0.0014048076167819091 0.0011827749305314595 -0.00054393148457274401 -0.00045427683152404551
leaf_weight=203 28 30 164 56 28 329 168 274 226 240 111 30 200 136
leaf_count=203 28 30 164 56 28 329 168 274 226 240 111 30 200 136
internal_value=-6.03449e-06 0.000408501 -1.43022e-05 -0.000831198 -0.00126988 0.000973374 -0.000387401 0.00107315 -0.00175944 0.000790202 -0.000840645 -0.000128246 -0.000285885 2.40182e-05
internal_weight=2223 1480 847 743 457 633 579 603 254 268 275 286 256 304
internal_count=2223 1480 847 743 457 633 579 603 254 268 275 286 256 304
is_linear=0
shrinkage=0.03


Tree=80
num_leaves=15
num_cat=0
split_feature=7 17 1 6 4 1 5 16 16 17 4 1 6 6
split_gain=0.846112 0.576179 0.23362 0.203811 0.133465 0.120994 0.110437 0.10955 0.106746 0.0967287 0.080924 0.0604985 0.058473 0.0516123
threshold=14.500000000000002 16.791437727377115 1.0000000180025095e-35 1.5000000000000002 1.5000000000000002 1.0000000180025095e-35 32.500000000000007 56.773809523809533 53.500000000000007 21.85665156653598 1.0000000180025095e-35 1.0000000180025095e-35 3.5000000000000004 3.5000000000000004
decision_type=2 2 2 2 2 2 2 2 2 2 2 2 2 2
left_child=1 2 4 -2 -1 9 13 -4 -5 -3 -10 -12 -8 -6
right_child=3 5 7 8 6 -7 12 -9 10 -11 11 -13 -14 -15
leaf_value=-0.00017349170758784485 0.001703833376485554 0.00040587632350199033 -0.0028921377946458317 -0.00067926167130568304 -3.1579112702306232e-05 -0.0003524306289806546 -0.0013124390642624349 -0.0013256376332234745 0.001665314183215986 0.0016835206771446836 0.00077805279242874339 6.1132823365663456e-06 -0.0028299737044356088 -0.0011674497387326893
leaf_weight=345 185 356 50 56 86 168 89 215 66 62 296 132 32 61
leaf_count=345 185 356 50 56 86 168 89 215 66 62 296 132 32 61
internal_value=1.48009e-05 -0.000402119 -0.000887944 0.000844655 -0.000564603 0.000326063 -0.00106557 -0.00163097 0.000553091 0.000598949 0.00069388 0.000540547 -0.00173368 -0.00050763
internal_weight=2199 1464 878 735 613 586 268 265 550 418 494 428 121 147
internal_count=2199 1464 878 735 613 586 268 265 550 418 494 428 121 147
is_linear=0
shrinkage=0.03


Tree=81
num_leaves=15
num_cat=0
split_feature=7 6 6 4 2 0 4 4 4 6 2 16 2 11
split_gain=0.813212 0.375373 0.267567 0.240008 0.210804 0.136905 0.129653 0.114981 0.0848903 0.0813181 0.0804388 0.074531 0.0722253 0.0676748
threshold=11.000000000000002 3.5000000000000004 3.5000000000000004 1.5000000000000002 1.0000000180025095e-35 2.5000000000000004 1.5000000000000002 1.5000000000000002 2.5000000000000004 1.5000000000000002 1.0000000180025095e-35 95.071428571428584 1.0000000180025095e-35 65.500000000000014
decision_type=2 2 2 2 2 2 2 2 2 2 2 2 2 2
left_child=2 3 6 5 -5 -2 9 -3 -6 -1 -8 -7 -9 -4
right_child=1 7 13 4 8 11 10 12 -10 -11 -12 -13 -14 -15
leaf_value=0.00053848885501350233 0.0015292475318229065 -8.7407819737198424e-06 -0.0022229769260433139 -0.00044012986333297964 0.0015659072857815773 0.00052981956291660022 -0.0015814728218500908 -0.001702175194904491 0.0002012106631474279 -0.00043653781432858289 -0.00035073435353395716 0.0018027658573292354 -0.0002803367642211794 -0.0010154064450512772
leaf_weight=114 289 223 117 246 89 367 116 78 76 232 82 46 55 69
leaf_count=114 289 223 117 246 89 367 116 78 76 232 82 46 55 69
internal_value=1.42952e-05 0.000420932 -0.000803447 0.000692009 0.000115808 0.00102871 -0.000465927 -0.000426131 0.000942319 -0.00011466 -0.0010761 0.000675613 -0.00112068 -0.00178283
internal_weight=2199 1469 730 1113 411 702 544 356 165 346 198 413 133 186
internal_count=2199 1469 730 1113 411 702 544 356 165 346 198 413 133 186
is_linear=0
shrinkage=0.03


Tree=82
num_leaves=15
num_cat=0
split_feature=7 17 0 6 17 0 4 6 11 17 0 17 0 4
split_gain=0.772495 0.51435 0.239674 0.186084 0.156918 0.112332 0.0965761 0.0901338 0.10209 0.0887199 0.0789265 0.0723143 0.0575723 0.0535521
threshold=14.500000000000002 16.791437727377115 2.5000000000000004 1.5000000000000002 12.610463403205292 4.5000000000000009 1.0000000180025095e-35 3.5000000000000004 64.500000000000014 21.85665156653598 1.5000000000000002 13.02926992228584 1.5000000000000002 1.5000000000000002
decision_type=2 2 2 2 2 2 2 2 2 2 2 2 2 2
left_child=1 2 7 -2 -4 9 -5 8 -1 12 -8 -12 -3 -9
right_child=3 5 4 6 -6 -7 10 13 -10 -11 11 -13 -14 -15
leaf_value=0.0011762850578495505 0.0016277357978246834 0.0009170067406084854 -0.0022512162935699482 0.0015965570419081555 -0.00098022815545993972 -0.00035023500562074439 0.0010325946275641458 -0.00042322461768680322 -0.00026578704727068142 0.0016050917983409902 -0.00056211714079991188 0.00040465987891176902 0.00010996095404190797 -0.0016547492713085375
leaf_weight=58 185 119 113 66 393 168 123 90 175 62 93 268 237 49
leaf_count=58 185 119 113 66 393 168 123 90 175 62 93 268 237 49
internal_value=1.38408e-05 -0.000384529 -0.000843546 0.000806772 -0.00126795 0.00030348 0.000528177 -0.00026442 9.66765e-05 0.000566426 0.000379497 0.000154736 0.000381545 -0.000866078
internal_weight=2199 1464 878 735 506 586 550 372 233 418 484 361 356 139
internal_count=2199 1464 878 735 506 586 550 372 233 418 484 361 356 139
is_linear=0
shrinkage=0.03


Tree=83
num_leaves=15
num_cat=0
split_feature=8 6 4 6 2 4 4 4 14 0 2 6 4 6
split_gain=0.735754 0.336461 0.240732 0.238785 0.136261 0.119958 0.107839 0.0977505 0.097288 0.0826965 0.0737124 0.0735105 0.0719419 0.0701999
threshold=4.4000000000000012 1.5000000000000002 1.5000000000000002 3.5000000000000004 1.0000000180025095e-35 1.5000000000000002 1.0000000180025095e-35 1.0000000180025095e-35 54.500000000000007 1.5000000000000002 1.0000000180025095e-35 1.5000000000000002 2.5000000000000004 3.5000000000000004
decision_type=2 2 2 2 2 2 2 2 2 2 2 2 2 2
left_child=3 7 6 5 13 11 -3 -2 -9 -8 -7 -1 -6 -4
right_child=1 2 4 -5 12 10 9 8 -10 -11 -12 -13 -14 -15
leaf_value=0.00051335960178656265 0.0024331858259986857 0.0012469747706681414 -0.00053470048979268388 -0.0016895912558912362 0.00080594827474639069 -0.0015162092790855332 0.00091856757718681323 0.0026820928694048364 0.00082259789814687664 7.8567922889826892e-05 -0.00033801068940357001 -0.00041367619564954607 -0.00042620406846764102 -0.0016279131232663589
leaf_weight=114 48 132 165 186 88 116 141 27 298 411 82 232 81 78
leaf_count=114 48 132 165 186 88 116 141 27 298 411 82 232 81 78
internal_value=1.34526e-05 0.000400239 0.000134977 -0.000764371 -0.000437251 -0.000445507 0.000479787 0.00117722 0.000984832 0.000294406 -0.00103242 -0.000107637 0.000216357 -0.000890842
internal_weight=2199 1469 1096 730 412 544 684 373 325 552 198 346 169 243
internal_count=2199 1469 1096 730 412 544 684 373 325 552 198 346 169 243
is_linear=0
shrinkage=0.03


Tree=84
num_leaves=15
num_cat=0
split_feature=8 17 1 6 4 5 1 16 1 17 4 6 17 12
split_gain=0.704826 0.459528 0.211853 0.164704 0.116255 0.104859 0.103858 0.0972926 0.0908035 0.0741937 0.0525247 0.0503691 0.048002 0.0442012
threshold=5.8000000000000007 16.994396835708091 1.0000000180025095e-35 1.5000000000000002 1.5000000000000002 32.500000000000007 1.0000000180025095e-35 56.773809523809533 1.0000000180025095e-35 21.85665156653598 1.0000000180025095e-35 3.5000000000000004 14.350211522494932 59.500000000000007
decision_type=2 2 2 2 2 2 2 2 2 2 2 2 2 2
left_child=1 2 4 -2 13 -6 9 -4 10 -3 -5 -7 -10 -1
right_child=3 6 7 8 5 11 -8 -9 12 -11 -12 -13 -14 -15
leaf_value=0.00037356856431548308 0.0015428887518224186 0.00039887518145815051 -0.0026680907615296103 0.0016286440209175147 -0.00040088128496650966 -0.0011975564018108084 -0.00032640896242082813 -0.0011989774764981122 -0.00075436077234774189 0.0015254847133266073 0.00061455002753064037 -0.0025882676277648314 0.00030764723682631418 -0.00034332461697908354
leaf_weight=112 185 328 50 53 155 97 159 224 60 62 335 32 102 245
leaf_count=112 185 328 50 53 155 97 159 224 60 62 335 32 102 245
internal_value=1.30894e-05 -0.000367432 -0.000778819 0.000770495 -0.000479058 -0.000930915 0.000318382 -0.00147579 0.000508362 0.000581421 0.000756904 -0.0015598 -8.79039e-05 -0.000118002
internal_weight=2199 1464 915 735 641 284 549 274 550 390 388 129 162 357
internal_count=2199 1464 915 735 641 284 549 274 550 390 388 129 162 357
is_linear=0
shrinkage=0.03


Tree=85
num_leaves=15
num_cat=0
split_feature=7 6 4 17 14 7 4 16 17 17 11 1 7 4
split_gain=0.712732 0.357162 0.204977 0.187462 0.149036 0.11747 0.0892899 0.070943 0.0650462 0.0640473 0.0632278 0.0528032 0.0475292 0.0447146
threshold=11.000000000000002 3.5000000000000004 1.0000000180025095e-35 14.257829929049604 39.500000000000007 14.500000000000002 1.0000000180025095e-35 82.500000000000014 17.881218278945365 19.114316923106305 37.500000000000007 1.0000000180025095e-35 14.500000000000002 1.5000000000000002
decision_type=2 2 2 2 2 2 2 2 2 2 2 2 2 2
left_child=3 2 -2 11 -4 8 -3 -7 13 -5 -8 -1 -12 -6
right_child=1 6 4 9 5 7 10 -9 -10 -11 12 -13 -14 -15
leaf_value=-0.0011084133620071132 0.0017297037120742435 0.00081958872540231222 0.0021165324789399163 -0.00057537887849517773 0.00016084588410589714 0.00054167464310027574 -0.0019068841476109809 0.0014426565741921555 0.00050548524858859899 0.00031034425145069528 -0.00087455570039566448 -0.0020329774015215617 -8.463289753973497e-05 -0.00058460620835278955
leaf_weight=190 135 42 47 369 144 356 31 101 186 91 141 82 133 144
leaf_count=190 135 42 47 369 144 356 31 101 186 91 141 82 133 144
internal_value=-7.13439e-06 0.000375864 0.00063774 -0.000770508 0.000485396 0.000400868 -0.000463522 0.000743513 6.96431e-05 -0.000399867 -0.000642314 -0.00139357 -0.000492828 -0.000212613
internal_weight=2192 1460 1113 732 978 931 347 457 474 460 305 272 274 288
internal_count=2192 1460 1113 732 978 931 347 457 474 460 305 272 274 288
is_linear=0
shrinkage=0.03


Tree=86
num_leaves=15
num_cat=0
split_feature=7 6 4 17 14 7 4 16 1 17 11 1 7 17
split_gain=0.670873 0.336265 0.192943 0.176503 0.14044 0.11057 0.0841141 0.0668084 0.0630368 0.061224 0.0596378 0.0497462 0.0447396 0.0428684
threshold=11.000000000000002 3.5000000000000004 1.0000000180025095e-35 14.257829929049604 39.500000000000007 14.500000000000002 1.0000000180025095e-35 82.500000000000014 1.0000000180025095e-35 17.881218278945365 37.500000000000007 1.0000000180025095e-35 14.500000000000002 19.114316923106305
decision_type=2 2 2 2 2 2 2 2 2 2 2 2 2 2
left_child=3 2 -2 11 -4 9 -3 -7 13 -6 -8 -1 -12 -5
right_child=1 6 4 8 5 7 10 -9 -10 -11 12 -13 -14 -15
leaf_value=-0.001075335065287194 0.0016781941531756755 0.00079557287070878538 0.0020543593385809796 -0.00035008918415999573 -0.00020627890487882682 0.0005254699181380854 -0.0018514653276361058 0.0013998011899093398 -0.00095386079595641596 0.00049040178147195671 -0.0008485037957084578 -0.0019727228863686548 -8.2112861514428565e-05 0.00046825877596888489
leaf_weight=190 135 42 47 260 288 356 31 101 127 186 141 82 133 73
leaf_count=190 135 42 47 260 288 356 31 101 127 186 141 82 133 73
internal_value=-6.91407e-06 0.000364667 0.000618767 -0.000747532 0.000470962 0.000388909 -0.000449793 0.000721337 -0.000387888 6.7559e-05 -0.000623325 -0.00135211 -0.000478148 -0.000169827
internal_weight=2192 1460 1113 732 978 931 347 457 460 474 305 272 274 333
internal_count=2192 1460 1113 732 978 931 347 457 460 474 305 272 274 333
is_linear=0
shrinkage=0.03


Tree=87
num_leaves=15
num_cat=0
split_feature=7 4 2 17 0 4 17 16 0 16 0 16 0 17
split_gain=0.631506 0.281289 0.234926 0.166172 0.155062 0.122652 0.119103 0.077295 0.0688342 0.0676084 0.0647543 0.0586446 0.058072 0.052468
threshold=11.000000000000002 1.5000000000000002 1.0000000180025095e-35 14.257829929049604 2.5000000000000004 2.5000000000000004 14.687212806202838 53.785714285714292 1.0000000180025095e-35 77.500000000000014 1.0000000180025095e-35 95.071428571428584 1.0000000180025095e-35 11.729084728631261
decision_type=2 2 2 2 2 2 2 2 2 2 2 2 2 2
left_child=3 4 7 10 -2 -4 -6 -3 -5 -10 -1 -8 -9 -12
right_child=1 2 5 8 6 -7 11 12 9 -11 13 -13 -14 -15
leaf_value=-0.00012282081514697622 0.0011470591270553803 -0.001597707376233302 0.0012500448288027023 0.00055568356250953522 -0.00044912428804309455 -0.00015814427167774653 0.00047013423108624658 0.00057252592082286994 -0.00098065127859458113 -0.00018872012208493496 -0.0021642030474990984 0.0016134447895456104 -0.00062845086865517092 -0.0011795566701323144
leaf_weight=36 376 64 117 61 127 105 349 42 166 233 73 45 235 163
leaf_count=36 376 64 117 61 127 105 349 42 166 233 73 45 235 163
internal_value=-6.70567e-06 0.000353808 -0.00017164 -0.000725265 0.000683429 0.000586287 0.000347275 -0.000665341 -0.000376306 -0.000519823 -0.00131188 0.000604469 -0.000444949 -0.00149198
internal_weight=2192 1460 563 732 897 222 521 341 460 399 272 394 277 236
internal_count=2192 1460 563 732 897 222 521 341 460 399 272 394 277 236
is_linear=0
shrinkage=0.03


Tree=88
num_leaves=15
num_cat=0
split_feature=7 6 0 17 17 4 5 16 4 0 17 0 4 0
split_gain=0.594425 0.306876 0.187182 0.156469 0.114413 0.0862658 0.162355 0.0778267 0.0764353 0.0648104 0.0651333 0.0609568 0.0591878 0.0555278
threshold=11.000000000000002 3.5000000000000004 2.5000000000000004 14.257829929049604 18.045577206275308 1.5000000000000002 32.500000000000007 65.928571428571445 1.0000000180025095e-35 1.0000000180025095e-35 19.114316923106305 1.0000000180025095e-35 1.0000000180025095e-35 4.5000000000000009
decision_type=2 2 2 2 2 2 2 2 2 2 2 2 2 2
left_child=3 2 5 11 -4 7 -7 -2 -3 -5 -11 -1 -9 -10
right_child=1 8 4 9 -6 6 -8 12 13 10 -12 -13 -14 -15
leaf_value=-0.00011923576812133999 0.0029115526610985396 0.00075241502753437255 -6.764564640564328e-05 0.00053928192631687007 0.00074612215871321639 0.001291356003489722 -0.00054899758780375116 0.002016738354859333 -0.00032927343495596777 -0.00069583581601932558 0.00025853071038404269 -0.0014476400080190004 0.00094416967546053713 -0.0012077831014980897
leaf_weight=36 26 42 391 61 257 101 74 61 212 319 80 236 203 93
leaf_count=36 26 42 391 61 257 101 74 61 212 319 80 236 203 93
internal_value=-6.52995e-06 0.00034324 0.000585984 -0.000703674 0.000255751 0.00104464 0.000514452 0.00136172 -0.000434807 -0.000365056 -0.000504316 -0.0012729 0.00119867 -0.000600218
internal_weight=2192 1460 1113 732 648 465 175 290 347 460 399 272 264 305
internal_count=2192 1460 1113 732 648 465 175 290 347 460 399 272 264 305
is_linear=0
shrinkage=0.03


Tree=89
num_leaves=15
num_cat=0
split_feature=7 17 4 6 5 6 17 6 18 6 4 4 5 4
split_gain=0.564233 0.353952 0.182869 0.165317 0.103067 0.0942338 0.0835009 0.0705189 0.0635376 0.0561246 0.0427635 0.0427103 0.0674361 0.0395064
threshold=14.500000000000002 17.904508610163671 1.5000000000000002 1.5000000000000002 32.500000000000007 3.5000000000000004 13.02926992228584 3.5000000000000004 66.875000000000014 1.5000000000000002 1.0000000180025095e-35 1.5000000000000002 31.500000000000004 1.0000000180025095e-35
decision_type=2 2 2 2 2 2 2 2 2 2 2 2 2 2
left_child=1 2 7 11 9 -6 -5 8 -1 -4 -8 -2 -13 -3
right_child=3 13 4 6 5 -7 10 -9 -10 -11 -12 12 -14 -15
leaf_value=0.0010222870005915563 0.0017893684799968805 0.00098595480883060106 0.00032210165218779496 -0.00021836462355231945 -0.0012259670708400611 -0.0028181790309431761 0.0013170066601121695 -0.00070094769847926655 -0.00017728553612494791 -0.00088526991789500029 0.00048699482065938971 0.0019158749256748707 4.3061343354306047e-05 0.00026285034139279968
leaf_weight=44 118 87 40 141 137 45 67 230 339 238 331 29 41 305
leaf_count=44 118 87 40 141 137 45 67 230 339 238 331 29 41 305
internal_value=-6.26505e-06 -0.000345286 -0.000626989 0.000676443 -0.00107851 -0.00163289 0.000407835 -0.000286959 -3.71723e-05 -0.000711016 0.000629671 0.00144032 0.000834998 0.000425436
internal_weight=2192 1465 1073 727 460 182 539 613 383 278 398 188 70 392
internal_count=2192 1465 1073 727 460 182 539 613 383 278 398 188 70 392
is_linear=0
shrinkage=0.03


Tree=90
num_leaves=15
num_cat=0
split_feature=7 17 0 6 17 0 0 16 16 16 4 4 5 0
split_gain=0.542784 0.347347 0.202372 0.132772 0.120127 0.0837617 0.0765275 0.0641648 0.0591547 0.0481417 0.0468444 0.0445531 0.0464244 0.0430798
threshold=14.500000000000002 16.994396835708091 1.5000000000000002 1.5000000000000002 13.171034927656972 1.5000000000000002 2.5000000000000004 53.071428571428577 96.714285714285737 55.773809523809533 1.5000000000000002 1.5000000000000002 31.500000000000004 4.5000000000000009
decision_type=2 2 2 2 2 2 2 2 2 2 2 2 2 2
left_child=1 2 9 11 13 -5 -3 -7 -8 -1 -6 -2 -13 -4
right_child=3 6 4 5 10 7 8 -9 -10 -11 -12 12 -14 -15
leaf_value=-0.00080806815666114239 0.0017291651143903819 0.00071649662542427547 -0.0011452233833926064 0.0010326828177191704 -0.00045853576820915226 -0.001215293656827675 -0.00017831476882839225 0.00029983454354336452 0.00092738335058503945 0.0001924875840945746 -0.0010826610458996703 0.0017042830467667394 6.594418332679197e-05 -0.0020453625834885645
leaf_weight=53 113 202 104 148 274 26 297 371 50 217 181 25 39 98
leaf_count=53 113 202 104 148 274 26 297 371 50 217 181 25 39 98
internal_value=-1.42236e-05 -0.000343904 -0.000697796 0.000659294 -0.000981582 0.000425999 0.000253832 0.000197803 -1.67852e-05 -6.17486e-06 -0.000708644 0.0013712 0.000722294 -0.00158985
internal_weight=2198 1476 927 722 657 545 549 397 347 270 455 177 64 202
internal_count=2198 1476 927 722 657 545 549 397 347 270 455 177 64 202
is_linear=0
shrinkage=0.03


Tree=91
num_leaves=15
num_cat=0
split_feature=7 17 1 4 4 2 1 16 1 19 16 4 4 4
split_gain=0.510945 0.326998 0.180206 0.121119 0.0869591 0.0867276 0.0852367 0.080228 0.0739306 0.0663963 0.0515834 0.0505003 0.0407129 0.039019
threshold=14.500000000000002 16.994396835708091 1.0000000180025095e-35 1.5000000000000002 1.5000000000000002 1.0000000180025095e-35 1.0000000180025095e-35 58.226190476190482 1.0000000180025095e-35 1.0000000180025095e-35 81.928571428571445 1.0000000180025095e-35 2.5000000000000004 1.5000000000000002
decision_type=2 2 2 2 2 2 2 2 2 2 2 2 2 2
left_child=1 2 4 6 -1 -5 10 -4 11 -6 -2 -3 -7 -10
right_child=3 8 7 5 9 12 -8 -9 13 -11 -12 -13 -14 -15
leaf_value=-9.5278997627634669e-05 0.00098787664735038418 0.0011038892683251922 -0.0022542432262798685 -0.00031003440890435172 -0.0001842440034383449 0.0013199487573988104 0.0002882171684971333 -0.001030565275143292 1.8230191700341595e-05 -0.0011394561451511483 0.0019069446069315992 0.00028342223412331001 0.00014663563224021344 -0.00099675938563887029
leaf_weight=365 252 86 63 160 103 58 131 215 107 181 72 307 49 49
leaf_count=365 252 86 63 160 103 58 131 215 107 181 72 307 49 49
internal_value=-1.38005e-05 -0.000333666 -0.000677035 0.000639665 -0.000402176 0.000131691 0.000936808 -0.00131496 0.000246297 -0.000794886 0.00119735 0.000465311 0.00078897 -0.000304899
internal_weight=2198 1476 927 722 649 267 455 278 549 284 324 393 107 156
internal_count=2198 1476 927 722 649 267 455 278 549 284 324 393 107 156
is_linear=0
shrinkage=0.03


Tree=92
num_leaves=15
num_cat=0
split_feature=8 17 0 4 6 0 2 4 18 4 5 17 4 4
split_gain=0.481021 0.309982 0.204384 0.137629 0.122427 0.0781203 0.074329 0.0584608 0.0521814 0.0518014 0.0686826 0.0443403 0.0408321 0.0387788
threshold=5.8000000000000007 17.895197546774753 1.5000000000000002 1.5000000000000002 1.5000000000000002 1.5000000000000002 1.0000000180025095e-35 1.5000000000000002 53.625000000000007 1.5000000000000002 32.500000000000007 13.12667219774354 1.0000000180025095e-35 1.5000000000000002
decision_type=2 2 2 2 2 2 2 2 2 2 2 2 2 2
left_child=1 2 9 11 13 -6 8 -7 -5 -1 -11 -4 -3 -2
right_child=4 12 3 6 5 7 -8 -9 -10 10 -12 -13 -14 -15
leaf_value=0.00041292504665431227 0.001638355712164316 0.0009212617331412525 -0.0011067618343432238 -0.0025936467616364009 0.00098254186799456725 0.00045933015467580258 -0.00071012433124927889 -0.00028962125116265344 -0.0013916491427957416 0.00025027046323694818 -0.001189347041460375 -0.0003464501558218849 0.00021563714622588074 0.00069817125202658085
leaf_weight=175 113 97 85 42 148 247 125 150 170 66 53 360 303 64
leaf_count=175 113 97 85 42 148 247 125 150 170 66 53 360 303 64
internal_value=-1.33858e-05 -0.000323743 -0.000588678 -0.000841921 0.000620655 0.000396666 -0.00129874 0.000176334 -0.00164084 8.54854e-05 -0.000395472 -0.000493834 0.000388622 0.00130423
internal_weight=2198 1476 1076 782 722 545 337 397 212 294 119 445 400 177
internal_count=2198 1476 1076 782 722 545 337 397 212 294 119 445 400 177
is_linear=0
shrinkage=0.03


Tree=93
num_leaves=15
num_cat=0
split_feature=7 17 0 4 6 0 2 16 16 18 17 4 16 0
split_gain=0.452847 0.291828 0.192382 0.129601 0.115278 0.0735382 0.0699973 0.0577928 0.0525276 0.0492349 0.0417604 0.0384483 0.0387909 0.0384031
threshold=14.500000000000002 17.895197546774753 1.5000000000000002 1.5000000000000002 1.5000000000000002 1.5000000000000002 1.0000000180025095e-35 53.071428571428577 55.773809523809533 53.625000000000007 13.12667219774354 1.0000000180025095e-35 72.309523809523824 4.5000000000000009
decision_type=2 2 2 2 2 2 2 2 2 2 2 2 2 2
left_child=1 2 8 10 13 -6 9 -7 -1 -5 -4 -3 -13 -2
right_child=4 11 3 6 5 7 -8 -9 -10 -11 -12 12 -14 -15
leaf_value=-0.0007634926212712243 0.0015382325775964662 0.00089390588970617295 -0.0010739450659711172 -0.0025176468571691318 0.00095326344049754457 -0.0011699220889972316 -0.00068898967593365029 0.00026792641218530518 0.00027138207075747103 -0.0013501438176210382 -0.00033608544275578664 0.0013174805311092104 0.0001051579143724314 0.00053654333590529859
leaf_weight=53 128 97 85 42 148 26 125 371 241 170 360 25 278 49
leaf_count=53 128 97 85 42 148 26 125 371 241 170 360 25 278 49
internal_value=-1.30122e-05 -0.000314144 -0.000571204 -0.000816899 0.00060218 0.00038483 -0.0012602 0.000171057 8.28673e-05 -0.00159218 -0.000479117 0.000377048 0.000209189 0.0012655
internal_weight=2198 1476 1076 782 722 545 337 397 294 212 445 400 303 177
internal_count=2198 1476 1076 782 722 545 337 397 294 212 445 400 303 177
is_linear=0
shrinkage=0.03


Tree=94
num_leaves=15
num_cat=0
split_feature=7 4 16 5 6 1 1 1 16 4 6 1 4 6
split_gain=0.436932 0.237002 0.138659 0.131724 0.124973 0.0978073 0.0882918 0.0737026 0.0561906 0.054404 0.0534012 0.0460506 0.0459467 0.0377621
threshold=11.000000000000002 1.5000000000000002 80.619047619047635 32.500000000000007 1.5000000000000002 1.0000000180025095e-35 1.0000000180025095e-35 1.0000000180025095e-35 58.500000000000007 1.0000000180025095e-35 3.5000000000000004 1.0000000180025095e-35 1.5000000000000002 1.5000000000000002
decision_type=2 2 2 2 2 2 2 2 2 2 2 2 2 2
left_child=2 4 5 6 11 12 13 9 -7 -6 -5 -2 -1 -3
right_child=1 3 -4 10 7 8 -8 -9 -10 -11 -12 -13 -14 -15
leaf_value=-0.00030591412161181612 0.0014530188538883083 0.0011014051195525098 -8.4640518344954962e-07 -0.00056963623793267486 0.001186693875441471 -0.0027145119742008634 -0.00054970721965738839 -0.00010884491177585827 -0.0012208999139270312 0.00041034818429795992 -0.0017735478828350701 0.00051062159657971385 -0.000998531869462152 0.00023218074870031988
leaf_weight=204 165 59 236 133 103 28 118 198 128 382 44 67 150 183
leaf_count=204 165 59 236 133 103 28 118 198 128 382 44 67 150 183
internal_value=-1.26494e-05 0.000290497 -0.000602287 -0.000209573 0.000583889 -0.000880054 0.000120195 0.000378537 -0.00150457 0.000577324 -0.000877196 0.00118422 -0.000601382 0.00044776
internal_weight=2198 1452 746 537 915 510 360 683 156 485 177 232 354 242
internal_count=2198 1452 746 537 915 510 360 683 156 485 177 232 354 242
is_linear=0
shrinkage=0.03


Tree=95
num_leaves=15
num_cat=0
split_feature=6 14 0 4 4 16 0 0 17 0 4 2 16 17
split_gain=0.373137 0.289141 0.217517 0.145458 0.132356 0.109003 0.1073 0.102449 0.0861401 0.0704585 0.068364 0.0587537 0.0549795 0.0409526
threshold=1.5000000000000002 48.500000000000007 4.5000000000000009 1.0000000180025095e-35 1.0000000180025095e-35 52.071428571428577 5.5000000000000009 1.0000000180025095e-35 12.554642472768156 1.0000000180025095e-35 1.5000000000000002 1.0000000180025095e-35 72.154761904761912 16.791437727377115
decision_type=2 2 2 2 2 2 2 2 2 2 2 2 2 2
left_child=1 -1 3 -2 -3 -4 13 -5 -9 -6 -11 12 -12 -7
right_child=2 4 5 7 9 6 -8 8 -10 10 11 -13 -14 -15
leaf_value=0.0037053870909666228 0.00086007146708862604 0.0016587437595582651 -0.0024440718998084776 0.00050290592780947909 0.0012154363107401876 -0.0013494510380151041 -0.00016294909617363575 -0.00096922669017904511 -0.00013432045865701721 0.00050951572305966541 0.00047437303853387547 0.00048398781850957702 -0.0010679096731265806 -0.00046572573729125512
leaf_weight=26 155 78 31 189 68 159 226 132 682 232 27 58 83 69
leaf_count=26 155 78 31 189 68 159 226 132 682 232 27 58 83 69
internal_value=1.40633e-05 0.000673302 -0.000215716 7.83024e-06 0.000522406 -0.00074838 -0.000627478 -0.000124598 -0.000270734 0.000329884 0.000176684 -0.000283235 -0.000688486 -0.00108521
internal_weight=2215 572 1643 1158 546 485 454 1003 814 468 400 168 110 228
internal_count=2215 572 1643 1158 546 485 454 1003 814 468 400 168 110 228
is_linear=0
shrinkage=0.03


Tree=96
num_leaves=15
num_cat=0
split_feature=8 6 6 4 0 16 17 4 4 8 16 4 2 4
split_gain=0.398712 0.204904 0.147507 0.131655 0.121124 0.119001 0.0984726 0.0888886 0.0800896 0.0653388 0.046378 0.0412714 0.0949452 0.0404662
threshold=4.4000000000000012 1.5000000000000002 1.5000000000000002 1.0000000180025095e-35 1.5000000000000002 71.226190476190496 13.12667219774354 1.5000000000000002 1.0000000180025095e-35 5.8000000000000007 53.500000000000007 1.5000000000000002 1.0000000180025095e-35 1.5000000000000002
decision_type=2 2 2 2 2 2 2 2 2 2 2 2 2 2
left_child=2 5 13 -3 -5 -2 -6 -4 -7 -8 -9 -10 -13 -1
right_child=1 3 7 4 6 8 9 10 11 -11 -12 12 -14 -15
leaf_value=0.00050665096877761052 0.0028618502333903543 0.00095617202869818904 -0.00050711602106056144 0.00052793370776997486 -0.00087364324419686012 0.0018069754395295273 -0.00035588666528690806 -0.0024256231821672028 0.00082971893438500244 0.00030533030448612743 -0.0011056236456931663 -0.00062901347384739436 0.0011087054557319044 -0.00038710326186028885
leaf_weight=118 25 137 347 252 166 54 280 28 188 257 176 66 48 73
leaf_count=118 25 137 347 252 166 54 280 28 188 257 176 66 48 73
internal_value=1.36796e-05 0.00029931 -0.000552987 9.00198e-05 -3.51047e-05 0.000897359 -0.000237397 -0.000801657 0.000751774 -3.9459e-05 -0.00129775 0.000557754 0.000105936 0.000164822
internal_weight=2215 1473 742 1092 955 381 703 551 356 537 204 302 114 191
internal_count=2215 1473 742 1092 955 381 703 551 356 537 204 302 114 191
is_linear=0
shrinkage=0.03


Tree=97
num_leaves=15
num_cat=0
split_feature=7 4 2 4 4 0 0 0 12 18 0 16 4 7
split_gain=0.377543 0.221811 0.153929 0.0962887 0.0938679 0.0925792 0.076133 0.0743412 0.0709952 0.0566154 0.0561537 0.0535715 0.0453429 0.0351782
threshold=14.500000000000002 1.5000000000000002 1.0000000180025095e-35 2.5000000000000004 1.0000000180025095e-35 4.5000000000000009 2.5000000000000004 1.0000000180025095e-35 92.500000000000014 53.125000000000007 5.5000000000000009 80.357142857142875 1.0000000180025095e-35 11.000000000000002
decision_type=2 2 2 2 2 2 2 2 2 2 2 2 2 2
left_child=1 4 7 -4 -1 8 -6 -3 12 -9 -7 13 -2 -8
right_child=5 2 3 -5 6 10 11 9 -10 -11 -12 -13 -14 -15
leaf_value=0.00062052035766687512 0.00148811136310616 -6.7963489727117121e-05 0.00049504408475643553 -0.00077591978518876646 0.00022489894912247144 -0.00045670984894968569 -0.00098468812573307397 -0.0022979419704704999 0.0015719486830764867 -0.0011384581034720133 0.00051109623107304031 5.077159558277344e-05 0.00051554692051969159 -0.00030642467643231171
leaf_weight=185 48 49 111 102 312 104 135 46 85 236 110 159 391 142
leaf_count=185 48 49 111 102 312 104 135 46 85 236 110 159 391 142
internal_value=1.33046e-05 -0.000263527 -0.000744387 -0.000114368 1.73419e-05 0.000566951 -0.000132469 -0.00114824 0.000781332 -0.00133505 4.08239e-05 -0.00038813 0.000625027 -0.000639339
internal_weight=2215 1477 544 213 933 738 748 331 524 282 214 436 439 277
internal_count=2215 1477 544 213 933 738 748 331 524 282 214 436 439 277
is_linear=0
shrinkage=0.03


Tree=98
num_leaves=15
num_cat=0
split_feature=7 6 6 4 16 1 4 4 6 16 4 2 16 4
split_gain=0.361779 0.189994 0.136612 0.117225 0.113651 0.0940254 0.079878 0.072938 0.0545551 0.0421277 0.0371167 0.0877537 0.0360561 0.0359202
threshold=11.000000000000002 1.5000000000000002 1.5000000000000002 1.0000000180025095e-35 71.226190476190496 1.0000000180025095e-35 1.5000000000000002 1.0000000180025095e-35 3.5000000000000004 53.500000000000007 1.5000000000000002 1.0000000180025095e-35 53.071428571428577 1.5000000000000002
decision_type=2 2 2 2 2 2 2 2 2 2 2 2 2 2
left_child=2 4 13 -3 -2 8 -4 -6 -5 -8 -9 -12 -7 -1
right_child=1 3 6 5 7 12 9 10 -10 -11 11 -13 -14 -15
leaf_value=0.00048590985939560652 0.0027804584708064793 0.00090075705476920119 -0.00048695497223512764 0.00034679960930672959 0.0017256403558633543 -0.0015110295695402393 -0.0023114329195934634 0.00079139833282660841 -0.0002350983365695484 -0.0010533868917547682 -0.00060163392114571165 0.0010689857373802865 -0.00037453679783462028 -0.00035618162796536857
leaf_weight=118 25 137 347 454 54 27 28 188 212 176 66 48 262 73
leaf_count=118 25 137 347 454 54 27 28 188 212 176 66 48 262 73
internal_value=1.2898e-05 0.000284978 -0.000526885 8.34495e-05 0.000860857 -3.46173e-05 -0.000766198 0.000718642 0.000161496 -0.00123649 0.000533482 0.000104964 -0.000485559 0.000163885
internal_weight=2215 1473 742 1092 381 955 551 356 666 204 302 114 289 191
internal_count=2215 1473 742 1092 381 955 551 356 666 204 302 114 289 191
is_linear=0
shrinkage=0.03


Tree=99
num_leaves=15
num_cat=0
split_feature=7 17 0 17 17 0 17 0 0 0 0 18 0 17
split_gain=0.344596 0.211829 0.153963 0.113144 0.106126 0.0705186 0.0485379 0.0514364 0.0462004 0.0452572 0.0435487 0.0430248 0.041652 0.0401806
threshold=14.500000000000002 18.093670415117469 2.5000000000000004 13.237752650585497 13.171034927656972 4.5000000000000009 20.606286571917362 1.0000000180025095e-35 1.0000000180025095e-35 1.5000000000000002 4.5000000000000009 51.291666666666679 5.5000000000000009 21.483104182233792
decision_type=2 2 2 2 2 2 2 2 2 2 2 2 2 2
left_child=1 2 8 9 11 6 7 -5 -1 -2 13 -4 -7 -3
right_child=3 10 4 5 -6 12 -8 -9 -10 -11 -12 -13 -14 -15
leaf_value=0.00038525238412309107 0.00048172208060350382 0.00034180008064420406 -0.0025023551617882078 0.0016255944783222815 -0.00053028747600947256 -0.00023691377753054657 0.0019423369731663201 0.00067603395289239079 -0.00025288906854221667 -0.00053934412708594147 -0.00017892967986302789 -0.0011824662960877523 0.00069473352757022655 0.0011718535001970119
leaf_weight=152 62 207 27 62 477 86 40 301 306 102 98 140 85 70
leaf_count=152 62 207 27 62 477 86 40 301 306 102 98 140 85 70
internal_value=1.25269e-05 -0.00025195 -0.000461436 0.000541464 -0.00076011 0.000739732 0.000955967 0.000842238 -4.07262e-05 -0.000152751 0.00036325 -0.00140949 0.000227532 0.000555022
internal_weight=2215 1477 1102 738 644 574 403 363 458 164 375 167 171 277
internal_count=2215 1477 1102 738 644 574 403 363 458 164 375 167 171 277
is_linear=0
shrinkage=0.03


Tree=100
num_leaves=15
num_cat=0
split_feature=6 16 4 2 4 4 0 6 17 0 18 0 17 16
split_gain=0.290751 0.209334 0.185795 0.116694 0.0889074 0.0867731 0.0845675 0.061569 0.0543432 0.0491456 0.047804 0.0405949 0.0349728 0.0348616
threshold=1.5000000000000002 69.773809523809533 1.5000000000000002 1.0000000180025095e-35 2.5000000000000004 1.0000000180025095e-35 1.5000000000000002 3.5000000000000004 13.12667219774354 1.5000000000000002 62.291666666666679 1.5000000000000002 19.443446532173894 82.928571428571445
decision_type=2 2 2 2 2 2 2 2 2 2 2 2 2 2
left_child=1 -1 6 7 -5 -3 -2 10 -8 13 -4 -6 -11 -7
right_child=2 5 3 4 11 9 8 -9 -10 12 -12 -13 -14 -15
leaf_value=0.0032190248441810792 0.0004954057110058862 0.001438855861644031 -0.00019766222009387423 0.00044359848612743449 0.00029126173362601548 0.00024122781629697641 -0.00064960679087968677 -0.0015103172082821341 4.281681747212025e-06 -0.00013602888755737623 -0.0010525341242769918 -0.00098102057765572684 0.00046361702478947645 0.0012845360570902223
leaf_weight=25 275 70 106 126 29 51 140 121 606 194 133 95 158 67
leaf_count=25 275 70 106 126 29 51 140 121 606 194 133 95 158 67
internal_value=2.3306e-06 0.000588225 -0.000200867 -0.00061465 -0.000115949 0.000460703 4.67088e-05 -0.00095969 -0.000119137 0.000312276 -0.000675789 -0.000683521 0.000133681 0.000839431
internal_weight=2196 565 1631 610 250 540 1021 360 746 470 239 124 352 118
internal_count=2196 565 1631 610 250 540 1021 360 746 470 239 124 352 118
is_linear=0
shrinkage=0.03


Tree=101
num_leaves=15
num_cat=0
split_feature=7 6 0 6 13 16 4 4 2 0 16 2 4 4
split_gain=0.29221 0.170485 0.130694 0.103678 0.0753516 0.064923 0.063687 0.0634722 0.0532629 0.0483029 0.0477115 0.0459536 0.0379004 0.0376724
threshold=11.000000000000002 3.5000000000000004 2.5000000000000004 3.5000000000000004 45.500000000000007 82.928571428571445 1.5000000000000002 1.5000000000000002 1.0000000180025095e-35 4.5000000000000009 68.071428571428584 1.0000000180025095e-35 2.5000000000000004 1.0000000180025095e-35
decision_type=2 2 2 2 2 2 2 2 2 2 2 2 2 2
left_child=3 2 4 6 -2 -6 10 -4 -9 -3 -1 -8 -10 -12
right_child=1 9 7 -5 5 -7 11 8 12 -11 13 -13 -14 -15
leaf_value=0.0011058531084563584 0.0023140479996800424 -9.2197542695416138e-05 0.00039743176116487653 -0.001107774445229622 0.00051012614496288768 0.0013877763173953252 -0.0011122143825611731 -0.0005502702878774395 0.00088692739790410932 -0.00085049665526538672 0.00044097505834578873 -0.00019056594442934676 -0.00027240053002190376 -0.00032197920008562506
leaf_weight=29 28 253 405 181 315 100 111 156 52 107 75 87 48 249
leaf_count=29 28 253 405 181 315 100 111 156 52 107 75 87 48 249
internal_value=2.30649e-06 0.00024698 0.000431762 -0.000486709 0.000829893 0.000724436 -0.000281056 0.000164085 -0.000205186 -0.000319313 -3.89975e-05 -0.00071024 0.000333263 -0.000144556
internal_weight=2196 1464 1104 732 443 415 551 661 256 360 353 198 100 324
internal_count=2196 1464 1104 732 443 415 551 661 256 360 353 198 100 324
is_linear=0
shrinkage=0.03


Tree=102
num_leaves=15
num_cat=0
split_feature=7 6 6 0 16 17 18 0 0 16 11 16 16 15
split_gain=0.275037 0.161563 0.0989796 0.0946889 0.0910421 0.0875678 0.0647978 0.0643505 0.0582889 0.0474704 0.0394735 0.0391611 0.0367122 0.0359234
threshold=11.000000000000002 1.5000000000000002 1.5000000000000002 1.5000000000000002 71.226190476190496 16.143699935858464 51.125000000000007 1.0000000180025095e-35 1.5000000000000002 96.464285714285737 50.500000000000007 82.928571428571445 52.071428571428577 50.500000000000007
decision_type=2 2 2 2 2 2 2 2 2 2 2 2 2 2
left_child=2 4 -1 13 -2 12 -4 -8 11 -10 -7 -6 -5 -3
right_child=1 3 6 5 8 10 7 -9 9 -11 -12 -13 -14 -15
leaf_value=0.00013154673494254795 0.0024874191055557905 -0.00052974886848662411 -0.0020330549939535556 -0.0011776854291193834 0.00049120256735477594 -0.00069489186718676456 0.00026351872549402403 -0.00072292813056843222 0.00019595961833872115 0.0011624989768300774 0.00038830111768317128 0.0017689137240111074 -0.00028483341102001952 0.00062427974458120034
leaf_weight=183 25 26 29 45 36 33 68 452 206 58 281 57 436 261
leaf_count=183 25 26 29 45 36 33 68 452 206 58 281 57 436 261
internal_value=2.27205e-06 0.000239647 -0.000472156 5.21578e-05 0.000769179 -0.000116547 -0.000673264 -0.000593673 0.000642242 0.000411891 0.000272618 0.0012848 -0.000370634 0.000518257
internal_weight=2196 1464 732 1082 382 795 549 520 357 264 314 93 481 287
internal_count=2196 1464 732 1082 382 795 549 520 357 264 314 93 481 287
is_linear=0
shrinkage=0.03


Tree=103
num_leaves=15
num_cat=0
split_feature=7 6 17 0 14 6 0 0 16 16 7 17 6 17
split_gain=0.266029 0.184313 0.129788 0.0862252 0.0777479 0.0738264 0.0569094 0.0484186 0.0568551 0.0404303 0.0402033 0.0341466 0.0276556 0.0262388
threshold=14.500000000000002 1.5000000000000002 11.729084728631261 1.5000000000000002 54.500000000000007 3.5000000000000004 2.5000000000000004 1.5000000000000002 96.464285714285737 80.357142857142875 11.000000000000002 16.532795690182663 1.5000000000000002 17.920459177790431
decision_type=2 2 2 2 2 2 2 2 2 2 2 2 2 2
left_child=1 4 -3 -4 -1 6 12 -6 -9 10 -5 -8 -2 -12
right_child=5 2 3 9 7 -7 11 8 -10 -11 13 -13 -14 -15
leaf_value=0.0018592779472237453 0.0014839300339716782 -0.0013382935857586562 0.00016891277684197962 -0.00087076597298809517 0.00079603566709709789 -6.0279460857999037e-05 1.9375560146564471e-05 -0.00027099437810229284 0.00070993408784144425 -4.1322888385988527e-05 -0.00048416163353793 0.00064360748323058048 0.00076556118998072429 0.00025679559489407647
leaf_weight=27 75 124 250 257 94 177 133 188 73 151 256 193 147 51
leaf_count=27 75 124 250 257 94 177 133 188 73 151 256 193 147 51
internal_value=2.23217e-06 -0.000229554 -0.000428353 -0.000310163 0.000336816 0.000472188 0.000643967 0.000216125 5.02742e-06 -0.000477674 -0.000594219 0.000389774 0.00101382 -0.000360637
internal_weight=2196 1471 1089 965 382 725 548 355 261 715 564 326 222 307
internal_count=2196 1471 1089 965 382 725 548 355 261 715 564 326 222 307
is_linear=0
shrinkage=0.03


Tree=104
num_leaves=15
num_cat=0
split_feature=7 17 0 17 0 17 0 0 16 0 17 0 0 16
split_gain=0.250382 0.17152 0.112895 0.0797112 0.0676738 0.0569073 0.0488511 0.0407041 0.0376599 0.0349518 0.032332 0.0312531 0.0672563 0.0246751
threshold=14.500000000000002 17.904508610163671 1.0000000180025095e-35 11.729084728631261 4.5000000000000009 18.819946167732713 5.5000000000000009 4.5000000000000009 79.928571428571445 1.0000000180025095e-35 16.690459207925468 4.5000000000000009 5.5000000000000009 55.773809523809533
decision_type=2 2 2 2 2 2 2 2 2 2 2 2 2 2
left_child=1 2 13 -4 5 9 10 -3 11 -2 -6 -5 -13 -1
right_child=4 7 3 8 6 -7 -8 -9 -10 -11 -12 12 -14 -15
leaf_value=-0.00038309238037486049 0.0010237379719863736 0.0004884577466715683 -0.0013243148113334818 -0.0003981225347615902 -0.00093403924202513215 0.0013777962110641344 0.00044605444703120159 -0.00018665912482459599 -4.3804423825371184e-05 0.00036168086078405782 9.8042161359141266e-05 -0.0014042018717908137 -0.00034624803694403112 0.00054823836267669092
leaf_weight=32 92 293 104 430 55 81 119 110 168 325 53 101 117 116
leaf_count=32 92 293 104 430 55 81 119 110 168 325 53 101 117 116
internal_value=2.21487e-06 -0.000222652 -0.000421544 -0.000545204 0.00045814 0.000653497 2.85729e-05 0.000304177 -0.000444406 0.000509846 -0.000431302 -0.000548038 -0.000840575 0.00034565
internal_weight=2196 1471 1068 920 725 498 227 403 816 417 108 648 218 148
internal_count=2196 1471 1068 920 725 498 227 403 816 417 108 648 218 148
is_linear=0
shrinkage=0.03


Tree=105
num_leaves=15
num_cat=0
split_feature=7 4 19 6 4 6 0 0 18 6 16 0 0 17
split_gain=0.260095 0.157341 0.116798 0.0876528 0.0792252 0.0768434 0.0590246 0.0473649 0.0461419 0.0413609 0.0385844 0.0328163 0.032487 0.0324153
threshold=11.000000000000002 1.5000000000000002 1.0000000180025095e-35 1.5000000000000002 2.5000000000000004 1.5000000000000002 4.5000000000000009 1.5000000000000002 78.125000000000014 3.5000000000000004 73.500000000000014 4.5000000000000009 4.5000000000000009 16.532795690182663
decision_type=2 2 2 2 2 2 2 2 2 2 2 2 2 2
left_child=3 5 4 -1 11 8 -5 -7 -2 10 -4 -3 -10 -9
right_child=1 2 9 6 -6 7 -8 13 12 -11 -12 -13 -14 -15
leaf_value=9.4828097162269137e-05 0.0021254510498301196 0.0011285426086365276 -0.00014234431471198266 -0.00045479942448547778 -0.00025462069157560434 0.0007007278923578307 -0.0011405781279943494 -5.0636953392637184e-05 0.0009980375326707942 -0.0011981960329633785 -0.00099740544046149934 7.8389839305040924e-05 0.00016395589714116116 0.00043622923881719958
leaf_weight=187 25 91 178 388 116 192 160 301 156 70 64 38 58 207
leaf_count=187 25 91 178 388 116 192 160 301 156 70 64 38 58 207
internal_value=-3.89872e-06 0.000223127 -0.000176148 -0.000465655 0.000313384 0.000459905 -0.00065674 0.000300548 0.000923446 -0.000560329 -0.00037165 0.000822178 0.000773792 0.000148219
internal_weight=2231 1496 557 735 245 939 548 700 239 312 242 129 214 508
internal_count=2231 1496 557 735 245 939 548 700 239 312 242 129 214 508
is_linear=0
shrinkage=0.03


Tree=106
num_leaves=15
num_cat=0
split_feature=7 6 0 17 16 0 16 13 0 11 16 11 0 11
split_gain=0.250117 0.155153 0.0969306 0.0677323 0.0651585 0.0607157 0.0576166 0.0516355 0.0368593 0.0357214 0.0347129 0.0474145 0.0281173 0.0247709
threshold=14.500000000000002 3.5000000000000004 2.5000000000000004 16.552226133028132 80.619047619047635 1.5000000000000002 50.071428571428577 42.500000000000007 4.5000000000000009 64.500000000000014 78.773809523809533 64.500000000000014 1.0000000180025095e-35 57.500000000000007
decision_type=2 2 2 2 2 2 2 2 2 2 2 2 2 2
left_child=1 2 7 5 9 -2 -3 -1 -8 -4 11 13 -13 -9
right_child=3 6 4 -5 -6 -7 8 10 -10 -11 -12 12 -14 -15
leaf_value=0.0015522771018246808 0.00071303804184899241 -0.0018772713347387157 -0.00017868643748718976 0.00079870808295534721 5.383474049843974e-05 -2.2261543931866375e-05 -0.00043385183204471532 0.00020315044093877077 -0.0011433016277266187 -0.00078377234043728087 0.00053860265789323479 0.0001756660383507551 -0.00055637238578944159 0.0013357218458051128
leaf_weight=26 148 37 144 291 283 314 235 47 92 227 166 79 115 27
leaf_count=26 148 37 144 291 283 314 235 47 92 227 166 79 115 27
internal_value=-3.76177e-06 -0.000230459 -5.45264e-05 0.000440919 -0.000289039 0.00021432 -0.000767267 0.000278793 -0.00063633 -0.000550026 0.000199108 -1.23958e-05 -0.000258902 0.000628686
internal_weight=2231 1478 1114 753 654 462 364 460 327 371 434 268 194 74
internal_count=2231 1478 1114 753 654 462 364 460 327 371 434 268 194 74
is_linear=0
shrinkage=0.03


Tree=107
num_leaves=15
num_cat=0
split_feature=7 4 2 6 6 4 0 18 6 0 4 0 4 18
split_gain=0.236112 0.146107 0.136401 0.08047 0.0693247 0.0633387 0.0531465 0.0435185 0.0427631 0.0423617 0.0341171 0.03011 0.0294268 0.0283699
threshold=11.000000000000002 1.5000000000000002 1.0000000180025095e-35 3.5000000000000004 1.5000000000000002 2.5000000000000004 2.5000000000000004 78.125000000000014 3.5000000000000004 1.5000000000000002 1.0000000180025095e-35 4.5000000000000009 1.0000000180025095e-35 51.875000000000007
decision_type=2 2 2 2 2 2 2 2 2 2 2 2 2 2
left_child=3 4 8 6 7 -4 -1 -2 -3 -6 -8 -9 -11 -5
right_child=1 2 5 13 9 -7 10 11 -10 12 -12 -13 -14 -15
leaf_value=9.0561332731399944e-05 0.0020481123925240423 -0.00036418588157175689 0.00088428209615689778 -0.001788165255195715 0.00066792479047682644 -0.00013799714850285774 0.00030529536599316066 0.00095177130117437029 -0.0011708042271096598 0.00060960351085558419 -0.00062496125875923327 0.00014897644947792533 3.3218597437307768e-05 -0.00080204798778980217
leaf_weight=228 25 263 117 32 192 101 40 156 76 98 280 58 410 155
leaf_count=228 25 263 117 32 192 101 40 156 76 98 280 58 410 155
internal_value=-3.64387e-06 0.000212662 -0.000172092 -0.000443597 0.000440832 0.00041219 -0.000259305 0.000881119 -0.000547932 0.000289462 -0.00050809 0.000735896 0.00014539 -0.000979409
internal_weight=2231 1496 557 735 939 218 548 239 339 700 320 214 508 187
internal_count=2231 1496 557 735 939 218 548 239 339 700 320 214 508 187
is_linear=0
shrinkage=0.03


Tree=108
num_leaves=15
num_cat=0
split_feature=7 6 1 18 13 16 1 16 17 1 16 18 17 16
split_gain=0.228256 0.139708 0.0879887 0.0625327 0.0527472 0.051991 0.0504996 0.0503054 0.0474865 0.0341143 0.0244919 0.0210326 0.0405176 0.0207045
threshold=14.500000000000002 3.5000000000000004 1.0000000180025095e-35 48.375000000000007 41.500000000000007 50.071428571428577 1.0000000180025095e-35 78.928571428571445 19.41158220778323 1.0000000180025095e-35 96.464285714285737 71.875000000000014 17.176534353350416 63.154761904761912
decision_type=2 2 2 2 2 2 2 2 2 2 2 2 2 2
left_child=1 2 4 -2 -1 -3 8 11 -5 13 -9 -6 -13 -7
right_child=3 5 -4 6 7 9 -8 10 -10 -11 -12 12 -14 -15
leaf_value=0.0014208886591303678 -0.0010272529017395125 -0.0017839089930547696 -0.00046867380111193944 0.00051369653437962379 7.0596809556304629e-05 -0.00060026215719753294 8.8388226910840305e-05 0.00021379395962198956 0.0013344867378473281 -0.0010927754380851008 0.00085330788853644297 -0.00067832489772491264 0.00016351066772975692 5.3367939777672288e-06
leaf_weight=26 25 37 324 437 200 161 217 282 74 92 66 133 83 74
leaf_count=26 25 37 324 437 200 161 217 282 74 92 66 133 83 74
internal_value=-3.52311e-06 -0.000220087 -5.31393e-05 0.000421281 0.000117659 -0.000729476 0.000472365 7.15093e-05 0.000634933 -0.000605092 0.000337179 -0.000151009 -0.000355579 -0.000410348
internal_weight=2231 1478 1114 753 790 364 728 764 511 327 348 416 216 235
internal_count=2231 1478 1114 753 790 364 728 764 511 327 348 416 216 235
is_linear=0
shrinkage=0.03


Tree=109
num_leaves=15
num_cat=0
split_feature=7 4 2 0 0 4 0 4 14 4 0 0 12 0
split_gain=0.215438 0.135697 0.126163 0.0716148 0.059018 0.0587963 0.0516725 0.0467733 0.0568197 0.0446096 0.0331698 0.0323237 0.0315403 0.0287491
threshold=11.000000000000002 1.5000000000000002 1.0000000180025095e-35 4.5000000000000009 4.5000000000000009 2.5000000000000004 5.5000000000000009 1.0000000180025095e-35 33.500000000000007 1.0000000180025095e-35 1.5000000000000002 5.5000000000000009 99.500000000000014 1.0000000180025095e-35
decision_type=2 2 2 2 2 2 2 2 2 2 2 2 2 2
left_child=3 4 -3 9 7 -4 -6 -2 -9 -1 -10 -5 13 -11
right_child=1 2 5 11 6 -7 -8 8 10 12 -12 -13 -14 -15
leaf_value=0.00047166505276878263 0.0010671289491820191 -0.00052906090054681738 0.00084918187393499063 -0.0012536012445667035 -0.00036980153636494519 -0.00013573806206028057 0.00044740344785507125 0.0016724085401074262 0.00065622269000052203 8.3904137607970376e-05 0.00015690178826296617 -0.00050629365611832395 0.00034776898702817423 -0.00055646157244874093
leaf_weight=69 138 339 117 107 133 101 144 31 205 78 288 105 52 324
leaf_count=69 138 339 117 107 133 101 144 31 205 78 288 105 52 324
internal_value=-3.43068e-06 0.000203188 -0.000167603 -0.000423681 0.000423079 0.00039433 5.51083e-05 0.000576734 0.000445797 -0.0002343 0.000365438 -0.000887587 -0.000342395 -0.000432312
internal_weight=2231 1496 557 735 939 218 277 662 524 523 493 212 454 402
internal_count=2231 1496 557 735 939 218 277 662 524 523 493 212 454 402
is_linear=0
shrinkage=0.03


Tree=110
num_leaves=15
num_cat=0
split_feature=7 4 5 6 4 6 13 1 4 1 6 15 4 5
split_gain=0.225196 0.123673 0.0885407 0.0758013 0.0591642 0.0451779 0.0531897 0.0439444 0.043015 0.0341699 0.031617 0.0262277 0.0255764 0.0455574
threshold=11.000000000000002 1.5000000000000002 32.500000000000007 3.5000000000000004 1.0000000180025095e-35 3.5000000000000004 50.500000000000007 1.0000000180025095e-35 1.0000000180025095e-35 1.0000000180025095e-35 3.5000000000000004 51.500000000000007 2.5000000000000004 31.500000000000004
decision_type=2 2 2 2 2 2 2 2 2 2 2 2 2 2
left_child=3 4 7 8 -2 6 -6 12 -1 -10 -4 -5 13 -3
right_child=1 2 10 11 5 -7 -8 -9 9 -11 -12 -13 -14 -15
leaf_value=0.00046447818418472216 0.00089080485426765957 0.001043247690199521 -0.00045021450861018792 -0.0018444734025332662 0.0016844771366871507 -0.00011369881186100837 0.00036176440067956368 -0.00033428616810851961 -0.00019309668805981889 -0.00075095209743867208 -0.0013576086323232727 -0.00081190983627143739 -6.6612037439231896e-05 1.8882179295663565e-05
leaf_weight=64 190 86 138 26 28 181 519 124 334 140 46 155 83 71
leaf_count=64 190 86 138 26 28 181 519 124 334 140 46 155 83 71
internal_value=-5.52056e-06 0.000207751 -0.000148719 -0.000440055 0.000420476 0.000296672 0.000432422 0.000122578 -0.000260446 -0.000359098 -0.000683175 -0.000969553 0.000359032 0.000583051
internal_weight=2185 1466 548 719 918 728 547 364 538 474 184 181 240 157
internal_count=2185 1466 548 719 918 728 547 364 538 474 184 181 240 157
is_linear=0
shrinkage=0.03


Tree=111
num_leaves=15
num_cat=0
split_feature=8 4 5 0 6 0 0 6 0 14 16 6 6 4
split_gain=0.211998 0.116429 0.083382 0.0835247 0.0714069 0.0576613 0.0564279 0.0452272 0.0412185 0.03884 0.039656 0.0364131 0.0298009 0.0278472
threshold=4.4000000000000012 1.5000000000000002 32.500000000000007 1.5000000000000002 3.5000000000000004 4.5000000000000009 1.5000000000000002 1.5000000000000002 5.5000000000000009 45.500000000000007 79.642857142857153 1.5000000000000002 3.5000000000000004 1.0000000180025095e-35
decision_type=2 2 2 2 2 2 2 2 2 2 2 2 2 2
left_child=4 5 3 -3 6 7 -1 -2 -7 -8 -11 -5 -4 -9
right_child=1 2 12 11 -6 8 9 13 -10 10 -12 -13 -14 -15
leaf_value=0.00026401138691692312 0.00098334335839814126 0.00096212218840686014 -0.00043680524382331545 0.00048734149521738231 -0.00094090465183253999 -0.00034299079648251042 0.00069068635472481564 0.00083819813117541045 0.00039241562797239264 -0.00081421496055097476 -0.00019484738610725324 -0.00031251103514853498 -0.0013177469372749329 0.00028700378459497875
leaf_weight=140 169 81 138 66 181 130 25 106 143 190 183 217 46 370
leaf_count=140 169 81 138 66 181 130 25 106 143 190 183 217 46 370
internal_value=-5.37497e-06 0.000201553 -0.00014432 0.000118955 -0.000426984 0.000407954 -0.00025266 0.000562436 4.22484e-05 -0.000434609 -0.000511676 -0.000124914 -0.000662973 0.000411249
internal_weight=2185 1466 548 364 719 918 538 645 273 398 373 283 184 476
internal_count=2185 1466 548 364 719 918 538 645 273 398 373 283 184 476
is_linear=0
shrinkage=0.03


Tree=112
num_leaves=15
num_cat=0
split_feature=7 4 5 0 6 0 0 6 0 14 16 6 6 4
split_gain=0.199517 0.10959 0.0785324 0.0786381 0.0672174 0.0542734 0.0531056 0.04257 0.0388 0.0365998 0.0373333 0.0342842 0.0280891 0.0262223
threshold=11.000000000000002 1.5000000000000002 32.500000000000007 1.5000000000000002 3.5000000000000004 4.5000000000000009 1.5000000000000002 1.5000000000000002 5.5000000000000009 45.500000000000007 79.785714285714292 1.5000000000000002 3.5000000000000004 1.0000000180025095e-35
decision_type=2 2 2 2 2 2 2 2 2 2 2 2 2 2
left_child=4 5 3 -3 6 7 -1 -2 -7 -8 -11 -5 -4 -9
right_child=1 2 12 11 -6 8 9 13 -10 10 -12 -13 -14 -15
leaf_value=0.00025614721966818211 0.00095401658778428101 0.00093361051693535983 -0.00042379535988212744 0.00047293945883211561 -0.00091283260600023798 -0.00033277961455253555 0.00067076273254665115 0.0008132871980811513 0.00038072491839557187 -0.00078838272775101355 -0.00018735931680984337 -0.00030317870639535598 -0.0012790556442230305 0.0002784168749068744
leaf_weight=140 169 81 138 66 181 130 25 106 143 191 182 217 46 370
leaf_count=140 169 81 138 66 181 130 25 106 143 191 182 217 46 370
internal_value=-5.20624e-06 0.000195538 -0.000140024 0.00011548 -0.000414216 0.000395786 -0.000245083 0.000545661 4.09863e-05 -0.000421595 -0.000496407 -0.000121148 -0.000643368 0.000398982
internal_weight=2185 1466 548 364 719 918 538 645 273 398 373 283 184 476
internal_count=2185 1466 548 364 719 918 538 645 273 398 373 283 184 476
is_linear=0
shrinkage=0.03


Tree=113
num_leaves=15
num_cat=0
split_feature=7 4 5 0 6 0 0 16 17 6 0 6 4 7
split_gain=0.18777 0.103154 0.0739648 0.0740374 0.0635868 0.0524948 0.0515575 0.0425633 0.0339446 0.0322797 0.0272093 0.0264756 0.0256475 0.0251819
threshold=11.000000000000002 1.5000000000000002 32.500000000000007 1.5000000000000002 1.5000000000000002 1.5000000000000002 1.5000000000000002 58.773809523809533 21.353598648620114 1.5000000000000002 2.5000000000000004 3.5000000000000004 1.0000000180025095e-35 14.500000000000002
decision_type=2 2 2 2 2 2 2 2 2 2 2 2 2 2
left_child=4 5 3 -3 10 -2 -6 -8 13 -5 -1 -4 -9 -7
right_child=1 2 11 9 6 8 7 12 -10 -11 -12 -13 -14 -15
leaf_value=0.00052565582285169507 0.000756146622516975 0.00090594376713497478 -0.00041117296581773277 0.00045896303800235279 -6.7091221509976904e-05 -1.9027124493352912e-05 -0.0014488182259992754 3.4762621630216015e-05 0.00086588748041117143 -0.00029412506736770653 -0.00022261949363330911 -0.0012415003867701014 -0.00070662075958359213 0.000369360210969393
leaf_weight=74 248 81 138 66 140 306 63 49 70 217 104 46 289 294
leaf_count=74 248 81 138 66 140 306 63 49 70 217 104 46 289 294
internal_value=-5.04274e-06 0.000189702 -0.000135856 0.000112106 -0.000401829 0.000383981 -0.000563406 -0.000736085 0.000245302 -0.000117496 8.966e-05 -0.000624344 -0.000599357 0.000171581
internal_weight=2185 1466 548 364 719 918 541 401 670 283 178 184 338 600
internal_count=2185 1466 548 364 719 918 541 401 670 283 178 184 338 600
is_linear=0
shrinkage=0.03


Tree=114
num_leaves=15
num_cat=0
split_feature=6 0 16 17 4 5 16 4 0 18 2 16 17 5
split_gain=0.162076 0.123754 0.110685 0.0857093 0.059805 0.0511873 0.0462011 0.0447559 0.0373931 0.030189 0.0265233 0.0354831 0.0275368 0.0244348
threshold=3.5000000000000004 1.5000000000000002 58.773809523809533 18.859821136845582 1.5000000000000002 32.500000000000007 82.928571428571445 1.5000000000000002 1.5000000000000002 66.375000000000014 1.0000000180025095e-35 73.214285714285737 14.542220960918455 32.500000000000007
decision_type=2 2 2 2 2 2 2 2 2 2 2 2 2 2
left_child=1 6 -3 7 13 8 -1 9 -6 -4 11 12 -9 -2
right_child=4 2 3 -5 5 -7 -8 10 -10 -11 -12 -13 -14 -15
leaf_value=0.00041995115257279772 -0.00052137998685686715 0.001851580068718509 0.00069958105420773022 0.00036828415609219936 0.00046872734428948857 -0.0015283443055965978 0.0011924333628737507 -0.0007251069187446614 -0.00076634800161830047 -9.9052441190476621e-05 -0.00011837266606005922 -0.0012291928984033054 4.8684550465882888e-05 -1.7245670845595133e-06
leaf_weight=347 135 27 46 313 27 68 87 102 107 454 133 67 69 203
leaf_count=347 135 27 46 313 27 68 87 102 107 454 133 67 69 203
internal_value=-4.89824e-06 0.000143165 -1.27296e-05 -5.677e-05 -0.000455372 -0.000862547 0.000577189 -0.000209763 -0.000515861 -2.43284e-05 -0.000458939 -0.000647963 -0.000414408 -0.000210205
internal_weight=2185 1645 1211 1184 540 202 434 871 134 500 371 238 171 338
internal_count=2185 1645 1211 1184 540 202 434 871 134 500 371 238 171 338
is_linear=0
shrinkage=0.03


Tree=115
num_leaves=15
num_cat=0
split_feature=7 4 2 6 4 4 0 0 0 6 2 6 4 6
split_gain=0.20205 0.12163 0.111202 0.0644407 0.054197 0.0499051 0.041065 0.0397285 0.0372899 0.0350123 0.0348103 0.0394722 0.0321734 0.0319089
threshold=14.500000000000002 1.5000000000000002 1.0000000180025095e-35 1.5000000000000002 2.5000000000000004 1.0000000180025095e-35 1.0000000180025095e-35 4.5000000000000009 5.5000000000000009 1.5000000000000002 1.0000000180025095e-35 1.5000000000000002 1.0000000180025095e-35 3.5000000000000004
decision_type=2 2 2 2 2 2 2 2 2 2 2 2 2 2
left_child=1 3 13 -1 -4 -2 -5 10 -9 -6 -7 -12 -8 -3
right_child=5 2 4 6 9 7 12 8 -10 -11 11 -13 -14 -15
leaf_value=0.00041326672411410643 0.0010191110418643803 -0.0007393730172526509 0.0004121821019323665 0.00042808431679843218 0.00034800705967427345 0.00025345425076787474 0.00021030000725371983 -0.00046645885555553831 0.00036135619068545567 -0.0008654601348476339 0.0015973753831349312 0.00052265379055425887 -0.00035069800482520212 -0.0014302045618834714
leaf_weight=246 99 243 113 94 29 292 113 99 95 76 41 122 481 82
leaf_count=246 99 243 113 94 29 292 113 99 95 76 41 122 481 82
internal_value=-6.76061e-06 -0.000210178 -0.000566775 -2.47845e-06 -4.20615e-05 0.000394651 -0.000151516 0.000297973 -6.13112e-05 -0.000530191 0.000450961 0.000801074 -0.000243802 -0.000917528
internal_weight=2225 1477 543 934 218 748 688 649 194 105 455 163 594 325
internal_count=2225 1477 543 934 218 748 688 649 194 105 455 163 594 325
is_linear=0
shrinkage=0.03


Tree=116
num_leaves=15
num_cat=0
split_feature=7 4 2 4 4 17 0 0 0 17 4 2 17 13
split_gain=0.190215 0.114503 0.104676 0.0579772 0.0510224 0.0478472 0.0420914 0.0387845 0.0316672 0.0292866 0.0271158 0.0256408 0.0236304 0.0229619
threshold=14.500000000000002 1.5000000000000002 1.0000000180025095e-35 1.0000000180025095e-35 2.5000000000000004 13.02926992228584 1.0000000180025095e-35 1.5000000000000002 1.0000000180025095e-35 21.92736928611231 1.5000000000000002 1.0000000180025095e-35 11.729084728631261 50.500000000000007
decision_type=2 2 2 2 2 2 2 2 2 2 2 2 2 2
left_child=1 3 8 -1 -4 -2 -7 -5 -3 10 13 -12 -9 -8
right_child=5 2 4 7 -6 6 9 12 -10 -11 11 -13 -14 -15
leaf_value=0.0004798418025917744 -9.7617171975434758e-05 -0.00010785092092451772 0.0003999251130153425 0.00023809413885954759 -0.00051443146561757865 0.0011686962827341632 0.0013233380904822641 -0.001067232968052849 -0.0010023716627926517 0.001288054031701904 -0.00029456256369632036 0.00042198903538519516 -0.00020029750685524568 0.0004321854581178404
leaf_weight=180 149 41 113 201 105 74 28 29 284 31 92 86 524 288
leaf_count=180 149 41 113 201 105 74 28 29 284 31 92 86 524 288
internal_value=-6.53469e-06 -0.000203904 -0.000549897 -2.3816e-06 -4.0814e-05 0.000382943 0.000502445 -0.000117984 -0.000890201 0.000406492 0.000348681 5.20599e-05 -0.000247605 0.000515074
internal_weight=2225 1477 543 934 218 748 599 754 325 525 494 178 553 316
internal_count=2225 1477 543 934 218 748 599 754 325 525 494 178 553 316
is_linear=0
shrinkage=0.03


Tree=117
num_leaves=15
num_cat=0
split_feature=7 6 0 13 4 6 0 4 0 11 0 17 2 4
split_gain=0.179103 0.1131 0.0753659 0.0599608 0.0474771 0.0466877 0.0416163 0.0349744 0.0344162 0.0334889 0.0282904 0.0290231 0.0277612 0.0276229
threshold=14.500000000000002 3.5000000000000004 2.5000000000000004 45.500000000000007 1.5000000000000002 1.5000000000000002 4.5000000000000009 1.0000000180025095e-35 1.0000000180025095e-35 41.500000000000007 1.5000000000000002 16.532795690182663 1.0000000180025095e-35 1.0000000180025095e-35
decision_type=2 2 2 2 2 2 2 2 2 2 2 2 2 2
left_child=1 2 3 -1 -4 -2 13 -5 -9 -7 -11 -12 -6 -3
right_child=5 6 4 7 12 9 -8 8 -10 10 11 -13 -14 -15
leaf_value=0.0016223771254751933 0.00077959337396596158 0.00036478512520689575 -5.3066383811710688e-05 0.0008230260015660596 -0.00084507101120535693 -0.00059316730368087387 -0.0011289034794217992 0.00047229994197489552 -0.0001475569978239946 0.00066660650782464272 -1.4063700738528884e-05 0.00054485150436848042 -0.00019380924331242137 -0.00055588757781264476
leaf_weight=26 188 33 407 61 145 40 113 118 249 137 261 122 100 225
leaf_count=26 188 33 407 61 145 40 113 118 249 137 261 122 100 225
internal_value=-6.3054e-06 -0.000197823 -4.55826e-05 0.000250871 -0.000252077 0.000371625 -0.00065033 0.000163967 5.24849e-05 0.000233519 0.000298126 0.000164927 -0.000581118 -0.000437173
internal_weight=2225 1477 1106 454 652 748 371 428 367 560 520 383 245 258
internal_count=2225 1477 1106 454 652 748 371 428 367 560 520 383 245 258
is_linear=0
shrinkage=0.03


Tree=118
num_leaves=15
num_cat=0
split_feature=7 4 2 4 4 0 0 0 12 14 16 0 18 0
split_gain=0.168547 0.104045 0.0960798 0.0523151 0.0479945 0.0449245 0.0394568 0.0354712 0.0345573 0.0284779 0.0352595 0.0278473 0.0206269 0.0202255
threshold=14.500000000000002 1.5000000000000002 1.0000000180025095e-35 1.0000000180025095e-35 2.5000000000000004 4.5000000000000009 5.5000000000000009 1.0000000180025095e-35 93.500000000000014 33.500000000000007 62.619047619047628 1.0000000180025095e-35 53.125000000000007 1.0000000180025095e-35
decision_type=2 2 2 2 2 2 2 2 2 2 2 2 2 2
left_child=1 3 11 -1 -4 8 -7 -5 13 -9 -11 -3 -13 -2
right_child=5 2 4 7 -6 6 -8 9 -10 10 -12 12 -14 -15
leaf_value=0.00045828415883672214 0.00080254237675415039 -0.00011373138986527919 0.0003934472186588927 0.00040516553244043069 -0.00049335862615339037 -0.00040042740283162268 0.00040500818464554158 0.00062951847690176995 0.0010648346203567651 -0.00071564098084835623 -0.00013088259589451247 -0.0015233956657502116 -0.00083095310530068999 0.00029944803005268285
leaf_weight=180 90 41 113 103 105 110 107 35 84 113 503 48 236 357
leaf_count=180 90 41 113 103 105 110 107 35 84 113 503 48 236 357
internal_value=-6.09276e-06 -0.000191881 -0.000521695 2.15415e-07 -3.39864e-05 0.000360532 -3.24109e-06 -0.0001096 0.000508919 -0.000191542 -0.000239138 -0.000847727 -0.00095292 0.000402307
internal_weight=2225 1477 543 934 218 748 217 754 531 651 616 325 284 447
internal_count=2225 1477 543 934 218 748 217 754 531 651 616 325 284 447
is_linear=0
shrinkage=0.03


Tree=119
num_leaves=15
num_cat=0
split_feature=7 1 6 1 16 6 16 16 17 4 4 11 11 7
split_gain=0.16009 0.0869909 0.0749053 0.0568232 0.0560788 0.0369317 0.0367046 0.0360585 0.0347342 0.0325229 0.0227283 0.0225236 0.0270199 0.0184527
threshold=11.000000000000002 1.0000000180025095e-35 1.5000000000000002 1.0000000180025095e-35 72.154761904761912 1.5000000000000002 58.500000000000007 59.500000000000007 12.822597720936526 1.0000000180025095e-35 1.0000000180025095e-35 70.500000000000014 47.500000000000007 14.500000000000002
decision_type=2 2 2 2 2 2 2 2 2 2 2 2 2 2
left_child=3 2 4 5 -2 -1 -5 -4 -3 -6 -7 12 -9 -13
right_child=1 8 7 6 9 10 -8 11 -10 -11 -12 13 -14 -15
leaf_value=0.00023518688857723446 0.0020293452257448864 -0.00081856413528573902 -0.00019998106859081115 -0.0017184533877298235 0.0013539220838872498 0.00028383960836040587 -0.00060902494780300926 -0.00033678726209161269 -6.8292576901285426e-05 0.00043887728159461401 -0.00042861887237177944 -0.00012490762815650668 0.0005496937456822633 0.00036970712745688472
leaf_weight=132 27 64 179 31 42 45 186 34 383 199 340 159 287 117
leaf_count=132 27 64 179 31 42 45 186 34 383 199 340 159 287 117
internal_value=-5.90661e-06 0.000172622 0.000322472 -0.0003683 0.000753962 -0.000196569 -0.000774671 0.000172674 -0.000177301 0.000603281 -0.000344825 0.000284556 0.000455044 8.53438e-05
internal_weight=2225 1491 1044 734 268 517 217 776 447 241 385 597 321 276
internal_count=2225 1491 1044 734 268 517 217 776 447 241 385 597 321 276
is_linear=0
shrinkage=0.03


Tree=120
num_leaves=15
num_cat=0
split_feature=6 16 7 4 4 0 0 0 0 17 7 0 16 12
split_gain=0.146028 0.1385 0.12117 0.0715804 0.0612088 0.0571794 0.0391193 0.0314089 0.0251439 0.0249765 0.0232585 0.0215657 0.0209975 0.0209118
threshold=1.5000000000000002 69.773809523809533 14.500000000000002 1.5000000000000002 1.0000000180025095e-35 4.5000000000000009 1.0000000180025095e-35 1.5000000000000002 1.5000000000000002 16.532795690182663 11.000000000000002 5.5000000000000009 94.214285714285737 77.500000000000014
decision_type=2 2 2 2 2 2 2 2 2 2 2 2 2 2
left_child=1 -1 3 7 -3 13 -6 -2 -4 -10 -8 -7 -12 -5
right_child=2 4 8 5 6 11 10 -9 9 -11 12 -13 -14 -15
leaf_value=0.0025659494496022279 0.00021383492139348463 0.0011203379387035965 0.00055541794165037562 -0.00052597900395977965 0.00088133444862279029 -0.001537034076828814 -0.00023613302219561785 -0.00024718547127364822 -5.0883352999585678e-05 0.00045316400111914843 0.00011095964561939802 -0.0007448031483808838 0.0007530241916375134 7.8946362995980848e-05
leaf_weight=25 181 74 152 217 64 64 133 494 286 127 221 66 57 67
leaf_count=25 181 74 152 217 64 64 133 494 286 127 221 66 57 67
internal_value=1.36971e-05 0.000425554 -0.000129403 -0.00031426 0.000323598 -0.000624347 0.000197381 -0.00012343 0.000226821 0.000104834 8.89966e-05 -0.00114358 0.000244833 -0.000383491
internal_weight=2228 574 1654 1089 549 414 475 675 565 413 411 130 278 284
internal_count=2228 574 1654 1089 549 414 475 675 565 413 411 130 278 284
is_linear=0
shrinkage=0.03


Tree=121
num_leaves=15
num_cat=0
split_feature=6 16 7 0 0 0 16 16 16 0 16 11 0 17
split_gain=0.137553 0.130653 0.114064 0.0643453 0.0461153 0.0424812 0.044723 0.0383152 0.0299756 0.0290915 0.0274162 0.0280788 0.0236665 0.0236421
threshold=1.5000000000000002 69.773809523809533 14.500000000000002 4.5000000000000009 5.5000000000000009 1.5000000000000002 96.464285714285737 65.928571428571445 82.928571428571445 1.0000000180025095e-35 59.642857142857146 62.500000000000007 1.5000000000000002 16.143699935858464
decision_type=2 2 2 2 2 2 2 2 2 2 2 2 2 2
left_child=1 -1 3 9 -5 8 -7 -6 -3 -2 -11 -12 -4 -14
right_child=2 5 12 4 7 6 -8 -9 -10 10 11 -13 13 -15
leaf_value=0.0024919316917189111 0.00024500436086407929 0.00019276152356854123 0.00053886431200868073 -0.0010078620170565682 -0.00077070957789940992 -3.1380019263028666e-05 0.0006904629833521679 0.00014557348594724655 0.0010821828148935152 -0.00065577114924210401 0.00019490281641449287 -0.00028953723310190787 -7.7020567694319197e-05 0.00038886012076442774
leaf_weight=25 135 55 152 165 78 300 103 85 91 115 153 358 255 158
leaf_count=25 135 55 152 165 78 300 103 85 91 115 153 358 255 158
internal_value=1.33318e-05 0.000413058 -0.000125554 -0.000304908 -0.000655537 0.000314033 0.000154363 -0.000294919 0.000750717 -0.00015312 -0.000239232 -0.000144392 0.000220067 0.000101719
internal_weight=2228 574 1654 1089 328 549 403 163 146 761 626 511 565 413
internal_count=2228 574 1654 1089 328 549 403 163 146 761 626 511 565 413
is_linear=0
shrinkage=0.03


Tree=122
num_leaves=15
num_cat=0
split_feature=0 6 14 0 7 4 6 15 4 0 4 0 7 6
split_gain=0.130401 0.101684 0.0996003 0.0811739 0.0674077 0.0500508 0.0395914 0.0311975 0.0295024 0.0292244 0.0267489 0.0259328 0.0221739 0.0187582
threshold=4.5000000000000009 1.5000000000000002 50.500000000000007 5.5000000000000009 14.500000000000002 1.0000000180025095e-35 3.5000000000000004 80.166666666666671 1.0000000180025095e-35 1.0000000180025095e-35 1.5000000000000002 1.0000000180025095e-35 11.000000000000002 3.5000000000000004
decision_type=2 2 2 2 2 2 2 2 2 2 2 2 2 2
left_child=1 2 -1 7 8 -4 10 12 -3 -7 -5 -10 -2 -13
right_child=3 4 5 6 -6 9 -8 -9 11 -11 -12 13 -14 -15
leaf_value=0.0021749454129167132 -0.001315963300973332 0.00033218255263636818 0.0012414296703605816 0.00043877623743634211 0.00033119777609383349 0.00082058302995840636 -0.0005728847286081872 -0.00024362421412941048 0.00017707900983600854 0.00013106500277777869 -0.0001957868533854437 -0.00018377847059172913 -0.00066467756119604213 -0.00055870584298349079
leaf_weight=31 71 99 57 146 402 70 83 103 120 253 100 362 151 180
leaf_count=31 71 99 57 146 402 70 83 103 120 253 100 362 151 180
internal_value=1.29741e-05 0.00016091 0.000565906 -0.000342769 1.74228e-05 0.000429278 -1.0293e-05 -0.000678274 -0.000148547 0.000282568 0.000181075 -0.000220831 -0.000877939 -0.000309093
internal_weight=2228 1574 411 654 1163 380 329 325 761 323 246 662 222 542
internal_count=2228 1574 411 654 1163 380 329 325 761 323 246 662 222 542
is_linear=0
shrinkage=0.03


Tree=123
num_leaves=15
num_cat=0
split_feature=4 2 4 6 16 8 8 4 6 6 0 16 0 16
split_gain=0.127366 0.120783 0.0791243 0.0773738 0.0682447 0.0555538 0.0478549 0.0372636 0.0283241 0.0274588 0.0271642 0.0249582 0.0213908 0.0208806
threshold=1.5000000000000002 1.0000000180025095e-35 2.5000000000000004 1.5000000000000002 78.928571428571445 5.8000000000000007 4.4000000000000012 1.0000000180025095e-35 1.5000000000000002 1.5000000000000002 1.5000000000000002 53.500000000000007 1.0000000180025095e-35 73.500000000000014
decision_type=2 2 2 2 2 2 2 2 2 2 2 2 2 2
left_child=3 6 8 4 -1 10 11 -6 -3 -4 -5 -2 -8 -14
right_child=1 2 9 5 7 -7 12 -9 -10 -11 -12 -13 13 -15
leaf_value=0.0020148703414532873 -0.0018030950979425989 0.0012894038582047403 0.00037088080390406368 0.00020748355049223532 0.0010357464728876949 0.00035606612284312043 0.00021535697589718681 0.00027702421164848152 0.00038909540173863791 -0.00051470290950874189 -0.00022123853536851873 -0.00081535881523242483 -0.00032858417573545406 -0.00095886105429629227
leaf_weight=26 28 42 41 181 74 357 48 267 123 127 494 139 221 60
leaf_count=26 28 42 41 181 74 357 48 267 123 127 494 139 221 60
internal_value=1.26106e-05 -0.000281851 0.000159842 0.000187175 0.000560666 5.39406e-05 -0.000578116 0.000444221 0.000624652 -0.000297663 -0.000106141 -0.000990714 -0.000366314 -0.000466086
internal_weight=2228 829 333 1399 367 1032 496 341 165 168 675 167 329 281
internal_count=2228 829 333 1399 367 1032 496 341 165 168 675 167 329 281
is_linear=0
shrinkage=0.03


Tree=124
num_leaves=15
num_cat=0
split_feature=7 0 6 4 15 4 6 18 0 4 4 2 0 0
split_gain=0.121082 0.0877054 0.0652222 0.0569647 0.0506484 0.0384594 0.0321003 0.028563 0.027942 0.0273018 0.0262997 0.0369321 0.0238872 0.0237267
threshold=14.500000000000002 4.5000000000000009 1.5000000000000002 1.5000000000000002 74.833333333333357 1.0000000180025095e-35 3.5000000000000004 57.583333333333336 5.5000000000000009 1.0000000180025095e-35 1.5000000000000002 1.0000000180025095e-35 1.0000000180025095e-35 1.0000000180025095e-35
decision_type=2 2 2 2 2 2 2 2 2 2 2 2 2 2
left_child=1 2 4 8 -1 -2 7 -7 -3 -4 -6 -12 -9 -11
right_child=5 3 9 -5 10 6 -8 12 -10 13 11 -13 -14 -15
leaf_value=0.0016356125013488863 0.0008750586155374363 -0.00053344730601265092 0.00032374284707475454 -0.00092823163612407839 0.00046469011820486877 0.0012888795961771393 -0.0001289753179392453 0.0008211645316538017 8.0973842144776967e-05 0.00017235971910829241 -0.00079860455506215137 0.00054341466006007982 0.00021235358119528025 -0.00029266018305811259
leaf_weight=26 97 132 99 171 174 27 162 67 133 120 41 32 405 542
leaf_count=26 97 132 99 171 174 27 162 67 133 120 41 32 405 542
internal_value=1.22527e-05 -0.000146543 4.04728e-06 -0.000502869 0.000400999 0.000319995 0.000237342 0.000356287 -0.000225932 -0.000138694 0.000264968 -0.000210928 0.000300327 -0.000208234
internal_weight=2228 1470 1034 436 273 758 661 499 265 761 247 73 472 662
internal_count=2228 1470 1034 436 273 758 661 499 265 761 247 73 472 662
is_linear=0
shrinkage=0.03


Tree=125
num_leaves=15
num_cat=0
split_feature=4 6 16 0 16 4 2 16 16 0 0 12 12 12
split_gain=0.112331 0.101357 0.100279 0.0566943 0.0339363 0.0284247 0.0542394 0.0415127 0.0402168 0.0261262 0.0201616 0.0195282 0.0207124 0.0216071
threshold=1.0000000180025095e-35 3.5000000000000004 57.500000000000007 1.5000000000000002 48.071428571428577 1.5000000000000002 1.0000000180025095e-35 67.464285714285737 73.214285714285737 1.0000000180025095e-35 1.5000000000000002 78.500000000000014 50.500000000000007 41.500000000000007
decision_type=2 2 2 2 2 2 2 2 2 2 2 2 2 2
left_child=10 2 -2 -4 -3 7 8 -5 -7 -6 -1 12 13 -11
right_child=1 4 3 5 9 6 -8 -9 -10 11 -12 -13 -14 -15
leaf_value=0.00095610363677246259 0.0017512441384606062 -0.0013628149211096267 0.00031993025743612847 0.00087006527087396524 0.00028690890401291346 -0.00029821073808540988 8.8821505393618999e-05 -4.9817130248909119e-05 -0.0010764102361407941 -0.00072207817750809635 0.00039020000184050843 0.00024768525178754517 -0.00073099518015481957 3.8874096368592035e-05
leaf_weight=81 29 35 366 47 44 174 196 550 91 54 193 30 210 86
leaf_count=81 29 35 366 47 44 174 196 550 91 54 193 30 210 86
internal_value=-6.58358e-06 -8.80803e-05 3.4764e-05 -1.39683e-06 -0.000476184 -0.000112752 -0.000289435 2.39363e-05 -0.000568484 -0.00039996 0.000560361 -0.000480037 -0.000542941 -0.000257676
internal_weight=2186 1912 1453 1424 459 1058 461 597 265 424 274 380 350 140
internal_count=2186 1912 1453 1424 459 1058 461 597 265 424 274 380 350 140
is_linear=0
shrinkage=0.03


Tree=126
num_leaves=15
num_cat=0
split_feature=4 6 16 7 4 2 16 16 0 0 16 6 7 17
split_gain=0.105745 0.0954358 0.0947824 0.0615962 0.042621 0.0482454 0.0411688 0.0320045 0.0295108 0.024601 0.0231296 0.0215394 0.0210708 0.0192214
threshold=1.0000000180025095e-35 3.5000000000000004 58.071428571428577 14.500000000000002 1.5000000000000002 1.0000000180025095e-35 68.928571428571445 48.071428571428577 1.5000000000000002 1.0000000180025095e-35 73.214285714285737 1.5000000000000002 14.500000000000002 12.554642472768156
decision_type=2 2 2 2 2 2 2 2 2 2 2 2 2 2
left_child=-1 2 -2 4 6 10 -4 -3 -5 -9 -6 -8 13 -11
right_child=1 7 3 8 5 -7 11 9 -10 12 -12 -13 -14 -15
leaf_value=0.00054369712407192721 0.001553915943368338 -0.0013230661535635589 0.00068276336378185075 0.00067889518641244581 -0.00044794546655023838 1.5243515897184677e-05 0.00017529908392120092 0.00027849289976681268 0.00013525750444134008 -0.00093953258366502048 -0.0010920792232846487 -0.00023720663520024817 -0.00013341252445388818 -0.00040745553372283929
leaf_weight=274 35 35 74 121 165 167 188 44 344 101 73 286 119 160
leaf_count=274 35 35 74 121 165 167 188 44 344 101 73 286 119 160
internal_value=-6.37634e-06 -8.54479e-05 3.37542e-05 -4.83606e-06 -0.000142926 -0.000375891 2.96184e-05 -0.000462044 0.000277874 -0.000388023 -0.000649259 -7.35722e-05 -0.000465727 -0.000616155
internal_weight=2186 1912 1453 1418 953 405 548 459 465 424 238 474 380 261
internal_count=2186 1912 1453 1418 953 405 548 459 465 424 238 474 380 261
is_linear=0
shrinkage=0.03


Tree=127
num_leaves=15
num_cat=0
split_feature=4 2 4 6 7 18 4 7 16 6 4 6 5 6
split_gain=0.10016 0.10488 0.0643211 0.0583218 0.0444381 0.043531 0.0320577 0.0295428 0.0227576 0.0274787 0.0224641 0.0207645 0.0204679 0.0195007
threshold=1.5000000000000002 1.0000000180025095e-35 2.5000000000000004 1.5000000000000002 11.000000000000002 77.125000000000014 1.0000000180025095e-35 11.000000000000002 73.500000000000014 3.5000000000000004 1.0000000180025095e-35 1.5000000000000002 32.500000000000007 1.5000000000000002
decision_type=2 2 2 2 2 2 2 2 2 2 2 2 2 2
left_child=3 7 11 5 -5 -1 -7 -2 9 12 -6 -3 -9 -4
right_child=1 2 13 4 10 6 -8 8 -10 -11 -12 -13 -14 -15
leaf_value=0.0016700750118336426 -0.00087909038482134093 0.0011512440048245479 0.00025459641414151215 -0.00023749014676888072 0.0005228265900892226 0.00093897262355312704 0.00022626116155064665 0.00037502161936796394 -0.00085852503154302195 -0.00073664685009280223 9.1610949829820602e-05 0.00036472910523033611 -0.00028136655389796945 -0.00047934263781644398
leaf_weight=25 160 39 44 348 136 73 249 64 70 74 530 131 124 119
leaf_count=25 160 39 44 348 136 73 249 64 70 74 530 131 124 119
internal_value=-6.19215e-06 -0.000266831 0.000144101 0.000151879 3.68361e-05 0.000486986 0.000390245 -0.000544689 -0.000381376 -0.000251114 0.000180319 0.000550842 -5.71133e-05 -0.00028088
internal_weight=2186 825 333 1361 1014 347 322 492 332 262 666 170 188 163
internal_count=2186 825 333 1361 1014 347 322 492 332 262 666 170 188 163
is_linear=0
shrinkage=0.03


Tree=128
num_leaves=15
num_cat=0
split_feature=0 0 7 4 16 5 4 17 6 16 4 5 0 6
split_gain=0.096906 0.0906162 0.0696912 0.0440676 0.035415 0.0348248 0.0520233 0.0330984 0.0309123 0.0899092 0.025179 0.0257563 0.0193701 0.0154015
threshold=4.5000000000000009 5.5000000000000009 11.000000000000002 1.0000000180025095e-35 53.785714285714292 32.500000000000007 1.5000000000000002 16.763054614240257 3.5000000000000004 62.619047619047628 1.5000000000000002 32.500000000000007 1.5000000000000002 1.5000000000000002
decision_type=2 2 2 2 2 2 2 2 2 2 2 2 2 2
left_child=2 7 10 -4 -3 8 12 -2 9 -5 13 -12 -7 -1
right_child=1 4 3 5 -6 6 -8 -9 -10 -11 11 -13 -14 -15
leaf_value=0.00033430498497622022 -0.00091582938980437742 -0.00093779939506202933 0.00076417355915431729 0.0022025003602455118 0.00014412802473594578 0.00054342765913227412 -0.00048499130606215792 -0.00030162558724707169 -6.4527106129706071e-05 0.00036772279552963708 -0.00016718282606722446 -0.00089422312716993949 1.9202896321168657e-05 -0.00012224949504494354
leaf_weight=90 192 29 139 25 294 106 138 136 114 331 122 68 156 246
leaf_count=90 192 29 139 25 294 106 138 136 114 331 122 68 156 246
internal_value=-5.97726e-06 -0.000312414 0.000124103 0.000269961 4.43944e-05 0.000190214 -1.55915e-05 -0.00066285 0.000365028 0.000502378 -0.000155671 -0.000430706 0.000232554 6.71004e-07
internal_weight=2186 651 1535 1009 323 870 400 328 470 356 526 190 262 336
internal_count=2186 651 1535 1009 323 870 400 328 470 356 526 190 262 336
is_linear=0
shrinkage=0.03


Tree=129
num_leaves=15
num_cat=0
split_feature=1 7 17 4 5 4 6 16 7 4 5 4 18 16
split_gain=0.0912397 0.0656194 0.0465721 0.0414743 0.032794 0.0489725 0.02911 0.0848347 0.0247764 0.0237119 0.0242581 0.0201266 0.015952 0.0244802
threshold=1.0000000180025095e-35 11.000000000000002 13.02926992228584 1.0000000180025095e-35 32.500000000000007 1.5000000000000002 3.5000000000000004 62.619047619047628 14.500000000000002 1.5000000000000002 32.500000000000007 1.5000000000000002 59.125000000000007 63.071428571428577
decision_type=2 2 2 2 2 2 2 2 2 2 2 2 2 2
left_child=1 9 -2 -3 6 -6 7 -5 11 12 -11 -4 -1 -14
right_child=2 3 8 4 5 -7 -8 -9 -10 10 -12 -13 13 -15
leaf_value=0.00067341247701953192 -0.00079949125731945962 0.00074141210685177482 -0.0001466005455349743 0.0021389667202646916 0.00022564123064844368 -0.0004705462409121616 -6.2608125562648001e-05 0.00035672433818868772 0.00011423251063829768 -0.00016220811978245165 -0.00086778523197964484 -0.00062586604552780038 -0.00094343717281634998 1.8401794728099917e-05
leaf_weight=28 134 139 216 25 262 138 114 331 177 122 68 124 25 283
leaf_count=28 134 139 216 25 262 138 114 331 177 122 68 124 25 283
internal_value=-5.79126e-06 0.000120428 -0.000303134 0.000261961 0.000184596 -1.51179e-05 0.000354237 0.000487523 -0.00017319 -0.000151049 -0.000417952 -0.000322714 6.69748e-07 -6.24701e-05
internal_weight=2186 1535 651 1009 870 400 470 356 517 526 190 340 336 308
internal_count=2186 1535 651 1009 870 400 470 356 517 526 190 340 336 308
is_linear=0
shrinkage=0.03


Tree=130
num_leaves=15
num_cat=0
split_feature=7 13 4 6 1 18 4 18 17 13 2 4 16 14
split_gain=0.114405 0.0809997 0.0574556 0.0467195 0.0394102 0.0268006 0.0277101 0.026607 0.0259483 0.0241696 0.0203662 0.0290646 0.0208919 0.0156014
threshold=11.000000000000002 1.0000000180025095e-35 1.0000000180025095e-35 3.5000000000000004 1.0000000180025095e-35 60.875000000000007 1.0000000180025095e-35 51.875000000000007 14.350211522494932 97.500000000000014 1.0000000180025095e-35 1.5000000000000002 73.690476190476204 44.500000000000007
decision_type=2 2 2 2 2 2 2 2 2 2 2 2 2 2
left_child=3 -2 -3 5 9 -1 -7 -5 -6 10 11 -4 -13 -8
right_child=1 2 4 7 8 6 13 -9 -10 -11 -12 12 -14 -15
leaf_value=0.00078183102255794572 0.0017536569873300323 0.00062491185122295662 0.00019563404807806513 -0.0014945635697222314 -0.00055621161481887553 0.00032538179110576349 0.00039425484878717853 -0.00054028583941588462 -3.1535167811347895e-05 0.00059946539546003536 0.00033403239067924292 -0.0001247555568852225 -0.00089165340806805304 -0.00033914998658864754
leaf_weight=25 27 179 290 31 123 75 27 165 269 101 240 180 38 423
leaf_count=25 27 179 290 31 123 75 27 165 269 101 240 180 38 423
internal_value=4.83226e-08 0.00015561 0.000124012 -0.000301496 5.13179e-05 -0.000159172 -0.000205383 -0.000698038 -0.000197162 0.000166143 0.000106911 -8.36406e-07 -0.000261896 -0.000294369
internal_weight=2193 1447 1420 746 1241 550 525 196 392 849 748 508 218 450
internal_count=2193 1447 1420 746 1241 550 525 196 392 849 748 508 218 450
is_linear=0
shrinkage=0.03


Tree=131
num_leaves=15
num_cat=0
split_feature=7 13 4 6 1 18 4 18 17 13 2 4 15 1
split_gain=0.10768 0.0763936 0.0540824 0.0440213 0.0370914 0.0252632 0.0260833 0.025106 0.0244274 0.0227598 0.0191732 0.0273665 0.0165837 0.0153259
threshold=11.000000000000002 1.0000000180025095e-35 1.0000000180025095e-35 3.5000000000000004 1.0000000180025095e-35 60.875000000000007 1.0000000180025095e-35 51.875000000000007 14.350211522494932 97.500000000000014 1.0000000180025095e-35 1.5000000000000002 72.833333333333357 1.0000000180025095e-35
decision_type=2 2 2 2 2 2 2 2 2 2 2 2 2 2
left_child=3 -2 -3 5 9 -1 -7 -5 -6 10 11 -4 -13 -8
right_child=1 2 4 7 8 6 13 -9 -10 -11 -12 12 -14 -15
leaf_value=0.00075927820992476957 0.0017029261902540122 0.0006062686451089878 0.00018978519673692998 -0.001451127806212753 -0.00053965983291310552 0.00031574877857469557 -0.0001729783274973993 -0.00052417490207100998 -3.0592619811715042e-05 0.00058165774974280361 0.00032405300226066885 -0.00012065850647299417 -0.00076777410041540856 -0.00055915990520005634
leaf_weight=25 27 179 290 31 123 75 320 165 269 101 240 174 44 130
leaf_count=25 27 179 290 31 123 75 320 165 269 101 240 174 44 130
internal_value=6.09719e-08 0.000150981 0.000120295 -0.000292486 4.97669e-05 -0.000154334 -0.0001992 -0.000677407 -0.000191292 0.000161163 0.000103684 -8.59687e-07 -0.000254178 -0.000285534
internal_weight=2193 1447 1420 746 1241 550 525 196 392 849 748 508 218 450
internal_count=2193 1447 1420 746 1241 550 525 196 392 849 748 508 218 450
is_linear=0
shrinkage=0.03


Tree=132
num_leaves=15
num_cat=0
split_feature=6 16 8 0 16 0 0 0 16 16 0 11 11 12
split_gain=0.104999 0.147382 0.0754994 0.0404575 0.0392433 0.038495 0.0280793 0.0233211 0.0281019 0.0259403 0.0211268 0.0205905 0.0150365 0.0198065
threshold=1.5000000000000002 69.154761904761912 4.4000000000000012 4.5000000000000009 52.071428571428577 5.5000000000000009 1.0000000180025095e-35 1.5000000000000002 96.714285714285737 79.785714285714292 1.0000000180025095e-35 76.500000000000014 62.500000000000007 63.500000000000007
decision_type=2 2 2 2 2 2 2 2 2 2 2 2 2 2
left_child=1 -1 4 10 -2 -5 -6 9 11 -3 -4 -9 -12 -14
right_child=2 7 3 5 6 -7 -8 8 -10 -11 12 -13 13 -15
leaf_value=0.0025637383744693716 -0.001421439199039014 1.9429683015914636e-05 0.00047563665384800041 -0.00057056311421876168 0.00023901868158075678 7.6085212030774124e-05 -0.00041866819391645594 0.00031065539583828968 0.00056217666281707635 0.00089279268796830851 0.00022430341013229759 -0.00021065258543633201 0.00012975369909061434 -0.00035851476712661342
leaf_weight=25 31 47 144 165 66 165 472 107 100 87 295 184 177 128
leaf_count=25 31 47 144 165 66 165 472 107 100 87 295 184 177 128
internal_value=6.34293e-08 0.000358467 -0.000120059 2.80238e-05 -0.000399126 -0.000247986 -0.000337692 0.00024878 0.00013102 0.000588877 0.000150616 -1.85615e-05 7.19494e-05 -7.56609e-05
internal_weight=2193 550 1643 1074 569 330 538 525 391 134 744 291 600 305
internal_count=2193 550 1643 1074 569 330 538 525 391 134 744 291 600 305
is_linear=0
shrinkage=0.03


Tree=133
num_leaves=15
num_cat=0
split_feature=6 16 7 4 16 4 2 4 0 13 17 5 7 4
split_gain=0.0989026 0.139026 0.071066 0.0391148 0.0370173 0.0333761 0.0304956 0.0299013 0.0264309 0.0259189 0.0191577 0.0184559 0.0181837 0.0179093
threshold=1.5000000000000002 69.154761904761912 11.000000000000002 1.5000000000000002 52.071428571428577 1.0000000180025095e-35 1.0000000180025095e-35 2.5000000000000004 1.0000000180025095e-35 42.500000000000007 16.06682473741601 32.500000000000007 11.000000000000002 1.5000000000000002
decision_type=2 2 2 2 2 2 2 2 2 2 2 2 2 2
left_child=1 -1 4 9 -2 -3 10 -8 -6 -4 11 -5 -7 -10
right_child=2 5 3 6 8 12 7 -9 13 -11 -12 -13 -14 -15
leaf_value=0.0024897843473949111 -0.0013801286421949042 0.00081431126266789554 0.0010806266645280024 2.6985438765560305e-05 0.00023195514252145232 -0.00013154929053770672 0.00051389899676515982 -0.00030478350553057203 -0.00027234923713827523 0.00013104949212386856 -0.0011483471731688561 -0.00052792470402414262 0.00027461184795586911 -0.00066370436982092626
leaf_weight=25 31 77 26 88 66 147 83 76 312 636 27 138 301 160
leaf_count=25 31 77 26 88 66 147 83 76 312 636 27 138 301 160
internal_value=9.58976e-08 0.000347939 -0.000116486 2.71824e-05 -0.000387237 0.000241406 -0.00020202 0.00012312 -0.000327571 0.000169918 -0.000406038 -0.000312686 0.000141344 -0.000406135
internal_weight=2193 550 1643 1074 569 525 412 159 538 662 253 226 448 472
internal_count=2193 550 1643 1074 569 525 412 159 538 662 253 226 448 472
is_linear=0
shrinkage=0.03


Tree=134
num_leaves=15
num_cat=0
split_feature=7 6 16 4 2 6 16 4 18 4 11 11 16 0
split_gain=0.0957417 0.0725823 0.0653801 0.0421352 0.0352818 0.0338087 0.0306321 0.0313476 0.0281504 0.0239903 0.0190538 0.0314062 0.0182655 0.0218971
threshold=14.500000000000002 3.5000000000000004 58.500000000000007 1.5000000000000002 1.0000000180025095e-35 1.5000000000000002 68.464285714285737 1.0000000180025095e-35 50.625000000000007 2.5000000000000004 76.500000000000014 92.500000000000014 49.642857142857146 1.0000000180025095e-35
decision_type=2 2 2 2 2 2 2 2 2 2 2 2 2 2
left_child=1 2 -1 6 -5 10 -4 -8 -3 -6 -2 -12 -7 -14
right_child=5 8 3 4 9 12 7 -9 -10 -11 11 -13 13 -15
leaf_value=0.001469894746103539 0.00095256177779140603 -0.0011824128395528531 0.000703208797680087 -0.00053597779023583953 0.0003937741144864049 -0.00058284200802778024 0.00041204787361493795 -9.2272563597362017e-05 -0.00039976817832189365 -0.00033936370453304402 -0.00028357091257930734 0.0008215228539707963 0.00070205771898896349 0.00012707908762641136
leaf_weight=25 88 47 65 232 83 27 143 482 321 76 41 51 68 444
leaf_count=25 88 47 65 232 83 27 143 482 321 76 41 51 68 444
internal_value=1.08534e-07 -0.00013832 -1.67484e-05 -5.24564e-05 -0.000300859 0.000283694 8.85369e-05 2.35898e-05 -0.000502659 4.34126e-05 0.000638603 0.000331282 0.000164209 0.000204663
internal_weight=2193 1474 1106 1081 391 719 690 625 368 159 180 92 539 512
internal_count=2193 1474 1106 1081 391 719 690 625 368 159 180 92 539 512
is_linear=0
shrinkage=0.03


Tree=135
num_leaves=15
num_cat=0
split_feature=8 0 6 15 14 18 0 0 16 17 11 16 0 18
split_gain=0.0968609 0.0618695 0.0380199 0.0431259 0.0332413 0.0300121 0.02926 0.0286908 0.0261257 0.0213223 0.0205852 0.0176006 0.0172108 0.0168053
threshold=5.8000000000000007 4.5000000000000009 1.5000000000000002 74.833333333333357 1.0000000180025095e-35 51.291666666666679 1.0000000180025095e-35 5.5000000000000009 80.928571428571445 11.378760498233987 62.500000000000007 83.464285714285737 1.0000000180025095e-35 80.125000000000014
decision_type=2 2 2 2 2 2 2 2 2 2 2 2 2 2
left_child=1 2 3 -1 -2 -3 -4 11 12 -8 -11 -7 -6 -5
right_child=4 5 6 13 8 7 9 -9 -10 10 -12 -13 -14 -15
leaf_value=0.0014290060175375804 0.0012156878704924815 -0.0013451879471540452 0.00025478964137857238 -0.00040814538486301901 0.00050545752593570022 -0.00078870187138090834 -0.00088403038739488684 -0.00011845380210303772 0.00057551473526837066 8.9525995688745748e-05 -0.00029156580323748269 -0.00012573574560371283 5.7533338332083574e-05 0.00027159989503399752
leaf_weight=26 32 30 148 38 93 149 39 200 159 189 389 48 434 205
leaf_count=26 32 30 148 38 93 149 39 200 159 189 389 48 434 205
internal_value=-3.30054e-07 -0.000140533 -1.49596e-05 0.000291167 0.000284757 -0.00044387 -0.000122844 -0.000372552 0.000239625 -0.000213692 -0.000167013 -0.000628618 0.000137386 0.000164065
internal_weight=2179 1461 1034 269 718 427 765 397 686 617 578 197 527 243
internal_count=2179 1461 1034 269 718 427 765 397 686 617 578 197 527 243
is_linear=0
shrinkage=0.03


Tree=136
num_leaves=15
num_cat=0
split_feature=7 0 6 14 4 14 0 4 18 17 11 4 0 17
split_gain=0.0911972 0.0582634 0.0358043 0.0385277 0.0331513 0.0313466 0.0275433 0.0257749 0.0202843 0.0200999 0.0193724 0.0190523 0.0176485 0.0226277
threshold=14.500000000000002 4.5000000000000009 1.5000000000000002 54.500000000000007 1.5000000000000002 1.0000000180025095e-35 1.0000000180025095e-35 1.0000000180025095e-35 51.875000000000007 11.378760498233987 62.500000000000007 1.0000000180025095e-35 1.0000000180025095e-35 16.143699935858464
decision_type=2 2 2 2 2 2 2 2 2 2 2 2 2 2
left_child=1 2 3 -1 -3 -2 -4 -7 -6 -8 -11 -5 -9 -14
right_child=5 4 6 11 8 7 9 12 -10 10 -12 -13 13 -15
leaf_value=0.0013580824022776344 0.0011803224003365772 -0.00022058213421422061 0.000247197250738715 0.0007611085743410512 -0.0015240414280237422 0.00071853176054414796 -0.00085817250871332356 0.00054037769333437145 -0.00061126346424558665 8.6854352570586149e-05 -0.00028284125703122788 4.4794264530382196e-05 -8.9456911088638404e-05 0.00031206534493865006
leaf_weight=26 32 263 148 39 26 85 39 93 138 189 389 204 278 230
leaf_count=26 32 263 148 39 26 85 39 93 138 189 389 204 278 230
internal_value=-3.14135e-07 -0.000136357 -1.44975e-05 0.000282576 -0.000430721 0.000276312 -0.000119191 0.000232486 -0.000764332 -0.000207334 -0.000162013 0.000162406 0.000162665 9.25906e-05
internal_weight=2179 1461 1034 269 427 718 765 686 164 617 578 243 601 508
internal_count=2179 1461 1034 269 427 718 765 686 164 617 578 243 601 508
is_linear=0
shrinkage=0.03


Tree=137
num_leaves=15
num_cat=0
split_feature=7 0 6 15 14 18 0 0 16 7 16 0 18 0
split_gain=0.0858638 0.0548756 0.0337353 0.0403383 0.0295588 0.0268666 0.0270572 0.0259274 0.0237802 0.0167377 0.0164016 0.0160697 0.0159316 0.0151916
threshold=14.500000000000002 4.5000000000000009 1.5000000000000002 74.833333333333357 1.0000000180025095e-35 51.291666666666679 5.5000000000000009 1.0000000180025095e-35 80.928571428571445 11.000000000000002 83.464285714285737 1.5000000000000002 80.125000000000014 1.0000000180025095e-35
decision_type=2 2 2 2 2 2 2 2 2 2 2 2 2 2
left_child=1 2 3 -1 -2 -3 10 -4 13 -9 -7 -10 -5 -6
right_child=4 5 7 12 8 6 -8 9 11 -11 -12 -13 -14 -15
leaf_value=0.0013747558821665328 0.0011459857360883192 -0.0012707176427507111 0.00023983110145950101 -0.00040560612293819964 0.00047384766623702275 -0.00075367634071153591 -0.00010380417880764641 -0.00034749891050540313 0.0012025139741100636 -3.4459195545486152e-05 -0.00011388389011179762 0.00040371489893770656 0.00025617320327830944 5.3022086129078223e-05
leaf_weight=26 32 30 148 38 93 149 200 328 27 289 48 132 205 434
leaf_count=26 32 30 148 38 93 149 200 328 27 289 48 132 205 434
internal_value=-2.81827e-07 -0.000132286 -1.40232e-05 0.000274339 0.000268134 -0.000417964 -0.000350493 -0.000115647 0.000225576 -0.000201166 -0.00059915 0.000546028 0.000151447 0.000128042
internal_weight=2179 1461 1034 269 718 427 397 765 686 617 197 159 243 527
internal_count=2179 1461 1034 269 718 427 397 765 686 617 197 159 243 527
is_linear=0
shrinkage=0.03


Tree=138
num_leaves=15
num_cat=0
split_feature=7 0 6 15 4 14 0 4 16 17 18 4 5 0
split_gain=0.0808561 0.0516822 0.0317653 0.0380534 0.0306987 0.0278711 0.0244027 0.0239307 0.0190017 0.0188557 0.01821 0.0181581 0.0156694 0.01297
threshold=14.500000000000002 4.5000000000000009 1.5000000000000002 74.833333333333357 1.5000000000000002 1.0000000180025095e-35 1.0000000180025095e-35 1.0000000180025095e-35 80.928571428571445 11.378760498233987 51.875000000000007 1.0000000180025095e-35 31.500000000000004 1.0000000180025095e-35
decision_type=2 2 2 2 2 2 2 2 2 2 2 2 2 2
left_child=1 2 3 -1 12 -2 -4 -7 13 -8 -6 -5 -3 -9
right_child=5 4 6 11 10 7 9 8 -10 -11 -12 -13 -14 -15
leaf_value=0.001335040713230329 0.0011126479811289093 -0.00057035473114810877 0.00023268446067641895 0.00073135307931806895 -0.0014464716013107034 0.00068722001542567354 -0.0008254891946562565 0.00040671392422934465 0.0004912434362790727 -0.00015126526732637071 -0.00058153492731579054 3.2126067855066005e-05 -5.7497674404370817e-05 -3.3347307576070961e-06
leaf_weight=26 32 74 148 39 26 85 39 83 118 578 138 204 189 400
leaf_count=26 32 74 148 39 26 85 39 83 118 578 138 204 189 400
internal_value=-2.44193e-07 -0.000128342 -1.35711e-05 0.000266245 -0.000405582 0.000260227 -0.000112183 0.000218902 0.000151636 -0.000195149 -0.000726594 0.000146885 -0.000203413 6.78238e-05
internal_weight=2179 1461 1034 269 427 718 765 686 601 617 164 243 263 483
internal_count=2179 1461 1034 269 427 718 765 686 601 617 164 243 263 483
is_linear=0
shrinkage=0.03


Tree=139
num_leaves=15
num_cat=0
split_feature=7 4 2 4 0 14 0 4 5 14 17 0 18 17
split_gain=0.0761337 0.0487793 0.0508827 0.0340466 0.0278239 0.0262811 0.0225338 0.0225333 0.0171381 0.0259915 0.0156547 0.0169253 0.0216053 0.0121038
threshold=14.500000000000002 1.5000000000000002 1.0000000180025095e-35 2.5000000000000004 1.5000000000000002 1.0000000180025095e-35 1.0000000180025095e-35 1.0000000180025095e-35 31.500000000000004 38.500000000000007 16.143699935858464 1.0000000180025095e-35 70.625000000000014 20.014280615886229
decision_type=2 2 2 2 2 2 2 2 2 2 2 2 2 2
left_child=1 4 6 -4 -1 -2 -3 -7 9 -6 11 -9 -13 -10
right_child=5 2 3 -5 8 7 -8 10 13 -11 -12 12 -14 -15
leaf_value=0.00027908678256499111 0.0010802800261246208 3.920097928494215e-06 0.00038418113502201677 -0.00035755515071872175 0.00042437418792608446 0.00066684314920187945 -0.00069430780379360916 0.00042989133794063989 -6.3267405297981729e-05 -0.00050843914127818789 0.00032620089859875857 4.4671873959572775e-05 -0.00060993219295357303 0.00034861416629466572
leaf_weight=249 32 49 107 114 32 85 274 70 413 148 253 222 56 75
leaf_count=249 32 49 107 114 32 85 274 70 413 148 253 222 56 75
internal_value=-2.17697e-07 -0.000124518 -0.000349295 1.67892e-06 9.06382e-06 0.000252532 -0.0005887 0.000212404 -9.18552e-05 -0.000341177 0.000147131 1.63839e-05 -8.89043e-05 6.17527e-07
internal_weight=2179 1461 544 221 917 718 323 686 668 180 601 348 278 488
internal_count=2179 1461 544 221 917 718 323 686 668 180 601 348 278 488
is_linear=0
shrinkage=0.03


Tree=140
num_leaves=15
num_cat=0
split_feature=7 13 0 0 4 16 16 16 16 11 12 15 0 0
split_gain=0.070054 0.0659846 0.0434216 0.0345943 0.0345912 0.0331511 0.0288174 0.0250555 0.0171435 0.0157044 0.025039 0.014694 0.0146806 0.0216971
threshold=11.000000000000002 1.0000000180025095e-35 1.5000000000000002 1.0000000180025095e-35 1.5000000000000002 58.226190476190482 82.071428571428584 96.464285714285737 54.071428571428577 75.500000000000014 75.500000000000014 55.500000000000007 4.5000000000000009 5.5000000000000009
decision_type=2 2 2 2 2 2 2 2 2 2 2 2 2 2
left_child=3 -2 6 -1 -5 11 -3 9 -6 12 -11 -4 -7 -14
right_child=1 2 5 4 8 7 -8 -9 -10 10 -12 -13 13 -15
leaf_value=0.00029937422498163525 0.0015033631838159635 0.00024726458486309597 -0.00025194530800217758 -0.00015421875991006485 -0.0013293363785164224 0.00025854808999838498 0.00098071434489132745 0.00060326093833496354 -0.00051751407178305959 5.60462952739935e-05 -0.00045504033203453304 -0.00094366742566657754 -0.00037718390745996856 0.00019430354713100015
leaf_weight=90 29 322 99 397 26 279 56 67 213 217 142 38 107 133
leaf_count=90 29 322 99 397 26 279 56 67 213 217 142 38 107 133
internal_value=-7.23928e-06 0.00011056 8.18843e-05 -0.00024866 -0.000326561 -1.48977e-05 0.000358225 4.84813e-05 -0.000611 5.50808e-06 -0.000146813 -0.000449258 0.000110951 -6.09925e-05
internal_weight=2215 1489 1460 726 636 1082 378 945 239 878 359 137 519 240
internal_count=2215 1489 1460 726 636 1082 378 945 239 878 359 137 519 240
is_linear=0
shrinkage=0.03


Tree=141
num_leaves=15
num_cat=0
split_feature=6 13 0 16 7 13 16 15 4 5 12 7 11 12
split_gain=0.0661767 0.108176 0.0597377 0.0357093 0.0305895 0.0281622 0.0226336 0.0182195 0.0211615 0.02731 0.0163735 0.0182384 0.0162939 0.0224792
threshold=3.5000000000000004 39.500000000000007 1.5000000000000002 96.464285714285737 11.000000000000002 37.500000000000007 82.928571428571445 77.833333333333357 1.5000000000000002 32.500000000000007 37.500000000000007 14.500000000000002 75.500000000000014 75.500000000000014
decision_type=2 2 2 2 2 2 2 2 2 2 2 2 2 2
left_child=1 -1 6 4 -4 -2 7 8 -3 -10 -7 -12 -6 -14
right_child=5 2 3 -5 12 10 -8 -9 9 -11 11 -13 13 -15
leaf_value=0.0018699420304619707 -0.0010104446330882165 0.00062770162654618509 -0.00032985989544189799 0.00047185728048855215 0.00013008920262261623 -0.00091166005900595334 0.00078839027415409052 -0.00010247441110698914 0.00052504416092515689 -0.00040814715037016536 -0.00031662525750698921 9.1636518379753648e-05 5.4971620634700736e-05 -0.00043787095364780431
leaf_weight=29 45 138 364 105 417 29 86 97 57 54 308 144 201 141
leaf_count=29 45 138 364 105 417 29 86 97 57 54 308 144 201 141
internal_value=-7.02056e-06 8.45104e-05 5.22121e-05 -5.45794e-05 -0.000104177 -0.000300532 0.000355202 0.000245569 0.00038102 7.14685e-05 -0.000232157 -0.000186644 4.34721e-06 -0.000148902
internal_weight=2215 1689 1660 1228 1123 526 432 346 249 111 481 452 759 342
internal_count=2215 1689 1660 1228 1123 526 432 346 249 111 481 452 759 342
is_linear=0
shrinkage=0.03


Tree=142
num_leaves=15
num_cat=0
split_feature=8 13 4 4 16 2 4 1 16 15 18 11 12 6
split_gain=0.0634766 0.0595583 0.0375304 0.0309575 0.0274551 0.0232661 0.0258948 0.0199308 0.0173334 0.0149261 0.0198114 0.0147389 0.0166491 0.0142599
threshold=4.4000000000000012 1.0000000180025095e-35 1.0000000180025095e-35 1.5000000000000002 58.619047619047628 1.0000000180025095e-35 2.5000000000000004 1.0000000180025095e-35 93.571428571428584 58.166666666666679 46.875000000000007 72.500000000000014 75.500000000000014 3.5000000000000004
decision_type=2 2 2 2 2 2 2 2 2 2 2 2 2 2
left_child=3 -2 -3 13 9 -5 -7 8 11 10 -4 -6 -13 -1
right_child=1 2 4 5 7 6 -8 -9 -10 -11 -12 12 -14 -15
leaf_value=9.5290756168208609e-06 0.0014285804382416245 0.00047017396284762222 -0.000877322218188181 -0.00071859267712743192 0.00027307659789627462 0.00033132143852406372 -0.00058275948738347805 -0.00010517657736031208 0.00075874238865190121 -0.00076963358683860856 -2.2403540858161455e-05 0.00016051584480028487 -0.0002823602261196356 -0.00038257263903836825
leaf_weight=346 29 190 28 161 343 52 58 338 42 44 154 198 123 109
leaf_count=346 29 190 28 161 343 52 58 338 42 44 154 198 123 109
internal_value=-6.79583e-06 0.000105337 7.80932e-05 -0.000236604 1.91117e-05 -0.000489834 -0.000151557 8.40568e-05 0.000174674 -0.000279949 -0.000158005 0.000136644 -9.53421e-06 -8.5036e-05
internal_weight=2215 1489 1460 726 1270 271 110 1044 706 226 182 664 321 455
internal_count=2215 1489 1460 726 1270 271 110 1044 706 226 182 664 321 455
is_linear=0
shrinkage=0.03


Tree=143
num_leaves=15
num_cat=0
split_feature=6 13 0 16 7 13 16 15 4 5 0 17 15 5
split_gain=0.0603512 0.0987228 0.0557444 0.0324508 0.0274059 0.0265678 0.0208942 0.0170957 0.0192586 0.0254138 0.0165352 0.0225745 0.0156984 0.0151354
threshold=3.5000000000000004 39.500000000000007 1.5000000000000002 96.464285714285737 11.000000000000002 37.500000000000007 82.928571428571445 77.833333333333357 1.5000000000000002 32.500000000000007 1.0000000180025095e-35 12.654756305154349 67.833333333333357 32.500000000000007
decision_type=2 2 2 2 2 2 2 2 2 2 2 2 2 2
left_child=1 -1 6 4 -4 -2 7 8 13 -10 -7 -12 -13 -3
right_child=5 2 3 -5 -6 10 -8 -9 9 -11 11 12 -14 -15
leaf_value=0.0017864487601909785 -0.00097638369379716972 0.00014032918354496359 -0.0003140979215745138 0.00044864387043282546 2.242970188250949e-06 0.00023810955915494909 0.0007588627481565144 -9.982862849307023e-05 0.00051066870381905093 -0.00038955398922586361 -0.00056397287323613839 -1.9992079376243054e-05 -0.0007032809591785605 0.00081705096339512804
leaf_weight=29 45 44 364 105 759 61 86 97 57 54 162 224 34 94
leaf_count=29 45 44 364 105 759 61 86 97 57 54 162 224 34 94
internal_value=-6.59613e-06 8.08133e-05 4.99585e-05 -5.32017e-05 -0.000100481 -0.000286891 0.000342646 0.000237305 0.000368512 7.31546e-05 -0.000220493 -0.000287507 -0.000112406 0.000603846
internal_weight=2215 1689 1660 1228 1123 526 432 346 249 111 481 420 258 138
internal_count=2215 1689 1660 1228 1123 526 432 346 249 111 481 420 258 138
is_linear=0
shrinkage=0.03


Tree=144
num_leaves=15
num_cat=0
split_feature=7 13 0 17 0 4 16 16 16 0 0 14 6 16
split_gain=0.0577095 0.0537363 0.0371216 0.0359667 0.0298995 0.0303403 0.0240038 0.0192891 0.0150748 0.0148537 0.0264136 0.0132532 0.0126342 0.0175977
threshold=11.000000000000002 1.0000000180025095e-35 1.5000000000000002 13.12667219774354 1.0000000180025095e-35 1.5000000000000002 82.071428571428584 97.357142857142875 54.071428571428577 5.5000000000000009 4.5000000000000009 71.500000000000014 3.5000000000000004 69.464285714285737
decision_type=2 2 2 2 2 2 2 2 2 2 2 2 2 2
left_child=4 -2 6 -4 -1 12 -3 9 -7 10 -5 -11 13 -6
right_child=1 2 3 7 5 8 -8 -9 -10 11 -12 -13 -14 -15
leaf_value=0.00028396390909300268 0.0013574472580803558 0.00022888826965639111 -0.00041690004782333763 7.015289318312142e-05 0.00070543206152461394 -0.0012377010337594481 0.00089831757947410405 0.00057943120585696303 -0.00047670252846388546 0.00060198653612381103 -0.00035598121401971586 7.1217409524251701e-05 -0.00043635892277052332 -0.00011077378207433252
leaf_weight=90 29 322 168 494 25 26 56 59 213 65 177 119 95 277
leaf_count=90 29 322 168 494 25 26 56 59 213 65 177 119 95 277
internal_value=-6.37611e-06 0.000100541 7.46632e-05 -1.48218e-05 -0.000225496 -0.000297922 0.000330172 5.9458e-05 -0.000564301 2.29419e-05 -4.26175e-05 0.000260958 -0.000136544 -4.11019e-05
internal_weight=2215 1489 1460 1082 726 636 378 914 239 855 671 184 397 302
internal_count=2215 1489 1460 1082 726 636 378 914 239 855 671 184 397 302
is_linear=0
shrinkage=0.03


Tree=145
num_leaves=15
num_cat=0
split_feature=8 0 0 4 14 5 4 18 0 17 16 16 13 11
split_gain=0.0667904 0.0436482 0.0398566 0.0302421 0.0219274 0.0214059 0.0356932 0.0323751 0.0181323 0.0225859 0.017358 0.016826 0.0161574 0.0145417
threshold=5.8000000000000007 4.5000000000000009 5.5000000000000009 1.0000000180025095e-35 33.500000000000007 32.500000000000007 1.5000000000000002 55.583333333333336 1.0000000180025095e-35 16.52271164185797 64.619047619047635 83.464285714285737 44.500000000000007 62.500000000000007
decision_type=2 2 2 2 2 2 2 2 2 2 2 2 2 2
left_child=1 3 11 -1 -2 7 -7 -5 -6 -10 -4 -3 -9 -14
right_child=4 2 10 5 8 6 -8 12 9 -11 -12 -13 13 -15
leaf_value=0.00040512515243371641 0.0010055192532672664 -0.00079945299052225718 -0.00046913255755182191 0.00093210593959156538 0.00056027069604574033 -3.0859352882158394e-05 -0.00061556564047660165 -0.00055606988325327907 -2.3093163952073029e-05 0.00034441909467774952 0.00010776141779592298 -0.00015788717449363409 0.00037585144752568141 -4.5404303955483431e-05
leaf_weight=138 31 165 68 35 107 282 140 42 343 267 146 48 96 307
leaf_count=138 31 165 68 35 107 282 140 42 343 267 146 48 96 307
internal_value=5.85449e-06 -0.000111766 -0.000366764 -6.81814e-06 0.000236377 -7.02216e-05 -0.000225834 6.67731e-05 0.000201768 0.000138069 -7.68801e-05 -0.000656288 -3.22408e-06 5.56264e-05
internal_weight=2215 1467 427 1040 748 902 422 480 717 610 214 213 445 403
internal_count=2215 1467 427 1040 748 902 422 480 717 610 214 213 445 403
is_linear=0
shrinkage=0.03


Tree=146
num_leaves=15
num_cat=0
split_feature=7 0 0 4 14 5 4 15 6 13 0 12 11 16
split_gain=0.0628777 0.0410935 0.0375122 0.0284654 0.0206796 0.0201536 0.0335989 0.0310845 0.0200237 0.0200911 0.0170723 0.0169246 0.0167722 0.0163603
threshold=14.500000000000002 4.5000000000000009 5.5000000000000009 1.0000000180025095e-35 33.500000000000007 32.500000000000007 1.5000000000000002 53.833333333333336 1.5000000000000002 44.500000000000007 1.0000000180025095e-35 76.500000000000014 62.500000000000007 93.357142857142875
decision_type=2 2 2 2 2 2 2 2 2 2 2 2 2 2
left_child=1 3 -3 -1 -2 7 -7 -5 11 -10 -6 -9 -11 -12
right_child=4 2 -4 5 10 6 -8 8 9 12 13 -13 -14 -15
leaf_value=0.00039305883361233514 0.00097629634059558156 -0.00063673373217561582 -7.4624102925448555e-05 0.0010348573653910923 0.00054361820187397018 -2.9936842454799744e-05 -0.00059722964267340539 0.00074682600036099121 -0.00074076583089375094 0.00031756400110617532 9.0000053220791942e-05 4.162531220712341e-05 -0.00018105494832131776 0.00068464604020118712
leaf_weight=138 31 213 214 27 107 282 140 50 40 86 566 77 200 44
leaf_count=138 31 213 214 27 107 282 140 50 40 86 566 77 200 44
internal_value=5.69285e-06 -0.000108431 -0.000355853 -6.60019e-06 0.000229361 -6.81129e-05 -0.000219105 6.4814e-05 4.84477e-06 -0.00011968 0.000195752 0.000322929 -3.05365e-05 0.000133943
internal_weight=2215 1467 427 1040 748 902 422 480 453 326 717 127 286 610
internal_count=2215 1467 427 1040 748 902 422 480 453 326 717 127 286 610
is_linear=0
shrinkage=0.03


Tree=147
num_leaves=15
num_cat=0
split_feature=8 0 0 4 14 5 4 18 11 16 16 17 0 16
split_gain=0.0591928 0.0386827 0.0353054 0.0267909 0.0195017 0.0189792 0.0316274 0.0294528 0.0166522 0.0163467 0.0158459 0.01449 0.0139555 0.0131716
threshold=5.8000000000000007 4.5000000000000009 5.5000000000000009 1.0000000180025095e-35 33.500000000000007 32.500000000000007 1.5000000000000002 55.583333333333336 40.500000000000007 64.619047619047635 83.464285714285737 13.488972568448931 1.5000000000000002 97.500000000000014
decision_type=2 2 2 2 2 2 2 2 2 2 2 2 2 2
left_child=1 3 10 -1 -2 7 -7 -5 -6 -4 -3 -9 -10 -14
right_child=4 2 9 5 8 6 -8 11 12 -11 -12 -13 13 -15
leaf_value=0.00038135190169034244 0.0009479227234987774 -0.0007566269421150504 -0.00045305627155239165 0.00088830116719085099 -0.00055659636532744529 -2.9041913551707872e-05 -0.00057943982513066622 -0.00040705145366219393 0.00043143467376582435 0.00010677406269158901 -0.00013453505789547474 6.8542203775485413e-05 9.526523140353257e-05 0.00077710629570194411
leaf_weight=138 31 165 68 35 25 282 140 67 196 146 48 378 470 26
leaf_count=138 31 165 68 35 25 282 140 67 196 146 48 378 470 26
internal_value=5.55683e-06 -0.000105172 -0.000345228 -6.3738e-06 0.000222572 -6.60499e-05 -0.000212577 6.29456e-05 0.000189934 -7.23958e-05 -0.000617721 -3.81615e-06 0.000217669 0.000132499
internal_weight=2215 1467 427 1040 748 902 422 480 717 214 213 445 692 496
internal_count=2215 1467 427 1040 748 902 422 480 717 214 213 445 692 496
is_linear=0
shrinkage=0.03


Tree=148
num_leaves=15
num_cat=0
split_feature=7 0 0 4 14 5 4 15 6 17 11 16 14 11
split_gain=0.0557249 0.0364178 0.0332285 0.0252173 0.0183921 0.0178678 0.0297716 0.028387 0.0185806 0.0202832 0.0156973 0.015393 0.0151306 0.0209377
threshold=14.500000000000002 4.5000000000000009 5.5000000000000009 1.0000000180025095e-35 33.500000000000007 32.500000000000007 1.5000000000000002 53.500000000000007 1.5000000000000002 16.763054614240257 40.500000000000007 64.619047619047635 45.500000000000007 62.500000000000007
decision_type=2 2 2 2 2 2 2 2 2 2 2 2 2 2
left_child=1 3 -3 -1 -2 7 -7 -5 9 -9 -6 -4 -10 -14
right_child=4 2 11 5 10 6 -8 8 12 -11 -12 -13 13 -15
leaf_value=0.0003699936520062444 0.00092037371869082554 -0.00059931427869104538 -0.00043966156572265469 0.0010061416410220166 -0.00054054069870079931 -2.8173732060829856e-05 -0.00056217991240431573 0.0009523050514557821 -0.00047351332283142251 8.7867057918629139e-05 0.00021119510363907417 0.00010359263071334179 0.00043688194672527892 -0.00017195337971961179
leaf_weight=138 31 213 68 26 25 282 140 32 79 95 692 146 70 178
leaf_count=138 31 213 68 26 25 282 140 32 79 95 692 146 70 178
internal_value=5.40069e-06 -0.000102036 -0.000334957 -6.17329e-06 0.000215963 -6.40703e-05 -0.000206242 6.10915e-05 4.87737e-06 0.000311416 0.000184268 -7.02722e-05 -0.000114763 9.59692e-07
internal_weight=2215 1467 427 1040 748 902 422 480 454 127 717 214 327 248
internal_count=2215 1467 427 1040 748 902 422 480 454 127 717 214 327 248
is_linear=0
shrinkage=0.03


Tree=149
num_leaves=15
num_cat=0
split_feature=7 0 4 5 0 6 18 14 0 17 16 0 16 0
split_gain=0.0524348 0.034362 0.0286166 0.0270266 0.0294016 0.0176244 0.0537029 0.0173477 0.0153766 0.0203888 0.0147277 0.0139691 0.0128343 0.0123804
threshold=14.500000000000002 1.0000000180025095e-35 1.5000000000000002 32.500000000000007 4.5000000000000009 3.5000000000000004 66.375000000000014 33.500000000000007 1.0000000180025095e-35 16.52271164185797 97.142857142857153 5.5000000000000009 62.619047619047628 5.5000000000000009
decision_type=2 2 2 2 2 2 2 2 2 2 2 2 2 2
left_child=1 -1 5 4 -4 6 -3 -2 -9 13 -8 -6 -7 -10
right_child=7 2 3 -5 11 12 10 8 9 -11 -12 -13 -14 -15
leaf_value=0.00027535783369557975 0.00089362536619319144 0.0010820047822553756 6.2423738061390333e-05 -0.0006471173377303785 -0.00086541910422965884 -0.00050027399930465766 -8.9406335930859238e-05 0.00050884354815934781 -0.00012440161918881383 0.00031614181373629773 0.000449692850431893 -0.00019239493904428347 -2.2257786981556464e-05 0.00032014194503754483
leaf_weight=191 31 40 185 167 59 113 519 107 273 267 49 53 91 70
leaf_count=191 31 40 185 167 59 113 519 107 273 267 49 53 91 70
internal_value=5.2559e-06 -9.89605e-05 -0.000155163 -0.000342837 -0.000170147 -4.76303e-05 3.34245e-05 0.000209508 0.000178726 0.000120082 -4.2191e-05 -0.000551456 -0.00028819 -3.30115e-05
internal_weight=2215 1467 1276 464 297 812 608 748 717 610 568 112 204 343
internal_count=2215 1467 1276 464 297 812 608 748 717 610 568 112 204 343
is_linear=0
shrinkage=0.03


Tree=150
num_leaves=15
num_cat=0
split_feature=6 14 4 13 2 4 4 0 5 7 16 6 0 16
split_gain=0.0533922 0.143079 0.0392253 0.0420481 0.0400022 0.0332642 0.0227094 0.0204817 0.0252081 0.0196967 0.0152668 0.0159347 0.0128455 0.0159625
threshold=1.5000000000000002 48.500000000000007 1.5000000000000002 36.500000000000007 1.0000000180025095e-35 2.5000000000000004 1.0000000180025095e-35 3.5000000000000004 32.500000000000007 11.000000000000002 68.214285714285737 3.5000000000000004 1.5000000000000002 99.071428571428584
decision_type=2 2 2 2 2 2 2 2 2 2 2 2 2 2
left_child=1 -1 9 -4 7 -6 -3 8 -5 -2 11 -7 -8 -14
right_child=2 6 3 4 5 10 12 -9 -10 -11 -12 -13 13 -15
leaf_value=0.0024276591618903557 -0.00015428149238025732 0.00063159577007754707 -0.0013346173078252832 0.00029171304982634366 0.0004325552407867652 0.00040939484561721865 0.00033016331497847426 -0.00066710909452872126 -0.00045082830440284252 0.00012232353774460075 -0.00072609716250701965 -0.00045381886264198994 -9.0642251350434339e-05 0.00065752583890571253
leaf_weight=25 351 74 31 61 120 38 122 162 122 677 42 37 307 27
leaf_count=25 351 74 31 61 120 38 122 162 122 677 42 37 307 27
internal_value=5.67215e-07 0.000254662 -8.54724e-05 -0.000275202 -0.00021658 8.33542e-05 0.000147783 -0.000422267 -0.000203074 2.78215e-05 -0.000275431 -1.68252e-05 6.80591e-05 -2.83794e-05
internal_weight=2196 555 1641 613 582 237 530 345 183 1028 117 75 456 334
internal_count=2196 555 1641 613 582 237 530 345 183 1028 117 75 456 334
is_linear=0
shrinkage=0.03


Tree=151
num_leaves=15
num_cat=0
split_feature=12 4 7 17 16 16 11 11 11 2 19 4 16 16
split_gain=0.0569162 0.0536331 0.0341496 0.022528 0.0142875 0.0139056 0.0134814 0.0124187 0.0293627 0.01381 0.0199138 0.0162219 0.0191428 0.0130815
threshold=1.0000000180025095e-35 1.0000000180025095e-35 11.000000000000002 14.223555220442737 52.071428571428577 48.071428571428577 82.500000000000014 92.500000000000014 89.500000000000014 1.0000000180025095e-35 1.0000000180025095e-35 1.5000000000000002 73.500000000000014 68.309523809523824
decision_type=2 2 2 2 2 2 2 2 2 2 2 2 2 2
left_child=-1 6 4 5 -3 -4 -2 8 9 10 -5 -12 -13 -11
right_child=1 2 3 7 -6 -7 -8 -9 -10 13 11 12 -14 -15
leaf_value=0.001320818823738152 0.00057964942469178435 -0.0008982766130939126 -0.00079556065116776159 -0.00071028786782831462 -0.00022520846468847519 -0.00012298192791225214 0.00016020574447250398 0.00033905249564610771 -0.00056830780958080137 0.00064916243379229853 0.00019192006708152959 2.130700139541124e-05 -0.00079743500713202347 0.00015261928023410951
leaf_weight=28 139 29 29 32 582 366 138 157 63 63 258 84 36 192
leaf_count=28 139 29 29 32 582 366 138 157 63 63 258 84 36 192
internal_value=5.69664e-07 -1.70826e-05 -7.42451e-05 1.38744e-05 -0.00025857 -0.000174245 0.000372013 9.79394e-05 4.55473e-05 0.000104468 -3.47008e-06 5.80826e-05 -0.000228876 0.000277351
internal_weight=2196 2168 1891 1280 611 395 277 885 728 665 410 378 120 255
internal_count=2196 2168 1891 1280 611 395 277 885 728 665 410 378 120 255
is_linear=0
shrinkage=0.03


Tree=152
num_leaves=15
num_cat=0
split_feature=4 13 18 7 11 11 11 1 16 15 11 11 11 18
split_gain=0.0459275 0.0419008 0.032253 0.0301655 0.0165221 0.0287065 0.0126903 0.0126825 0.0131847 0.0212429 0.0109204 0.00999846 0.0152257 0.0104822
threshold=1.0000000180025095e-35 1.0000000180025095e-35 47.125000000000007 11.000000000000002 92.500000000000014 89.500000000000014 82.500000000000014 1.0000000180025095e-35 59.500000000000007 55.166666666666679 105.50000000000001 75.500000000000014 81.500000000000014 70.875000000000014
decision_type=2 2 2 2 2 2 2 2 2 2 2 2 2 2
left_child=6 -2 -3 -4 5 7 -1 8 9 -5 -8 -10 13 -13
right_child=1 2 3 4 -6 -7 10 -9 11 -11 -12 12 -14 -15
leaf_value=0.0005623841532173433 0.00086353272913997482 -0.00088526158723208591 -0.00022871985137858845 0.00028387069046608126 0.00031511974227396418 -0.00060823113360503848 -2.2302210886336227e-05 -0.00012313055498567452 0.0002596300137397718 -0.00043818131054285917 0.00055275955668929416 -6.59179355069581e-05 0.00026463962990574811 -0.00078491361059215186
leaf_weight=139 43 42 598 61 159 67 96 332 367 89 42 53 81 27
leaf_count=139 43 42 598 61 159 67 96 332 367 89 42 53 81 27
internal_value=5.4297e-07 -5.16387e-05 -7.30643e-05 -5.39921e-05 3.06611e-05 -1.15876e-05 0.000360932 2.85542e-05 0.000102903 -0.000144611 0.000155434 0.000173359 -2.36833e-05 -0.000315273
internal_weight=2196 1919 1876 1834 1236 1077 277 1010 678 150 138 528 161 80
internal_count=2196 1919 1876 1834 1236 1077 277 1010 678 150 138 528 161 80
is_linear=0
shrinkage=0.03


Tree=153
num_leaves=15
num_cat=0
split_feature=12 4 0 17 7 17 11 17 11 13 13 13 0 11
split_gain=0.0515952 0.0475856 0.0351698 0.0284449 0.0195498 0.0145341 0.0119405 0.011701 0.0103176 0.0104526 0.0172898 0.0133937 0.0106575 0.0102895
threshold=1.0000000180025095e-35 1.0000000180025095e-35 1.5000000000000002 12.610463403205292 14.500000000000002 11.378760498233987 82.500000000000014 19.831431173625948 45.500000000000007 75.500000000000014 94.500000000000014 43.500000000000007 5.5000000000000009 105.50000000000001
decision_type=2 2 2 2 2 2 2 2 2 2 2 2 2 2
left_child=-1 6 5 -4 8 -3 -2 -6 -5 11 12 -10 -11 -8
right_child=1 2 3 4 7 -7 13 -9 9 10 -12 -13 -14 -15
leaf_value=0.0012575479175675668 0.00054563313915527293 -0.00034112896027794218 -0.00048053133246110072 -0.00059050730145399403 1.5900585160228751e-05 0.00020408256529507669 -2.1640040013715912e-05 0.00049408679643403171 -0.0006094754400493746 -0.00047671090390007505 2.4642541102366519e-05 2.4178484630422786e-05 6.5228940489200441e-05 0.00053656242392567351
leaf_weight=28 139 48 196 50 352 438 96 52 32 222 131 332 38 42
leaf_count=28 139 48 196 50 352 438 96 52 32 222 131 332 38 42
internal_value=5.25934e-07 -1.6281e-05 -7.01243e-05 -0.000146196 -9.16425e-05 0.000149645 0.000350222 7.85173e-05 -0.000177031 -0.000148903 -0.000256403 -3.30445e-05 -0.000397558 0.000150886
internal_weight=2196 2168 1891 1405 1209 486 277 404 805 755 391 364 260 138
internal_count=2196 2168 1891 1405 1209 486 277 404 805 755 391 364 260 138
is_linear=0
shrinkage=0.03


Tree=154
num_leaves=15
num_cat=0
split_feature=12 4 7 12 11 11 4 2 4 12 18 11 18 6
split_gain=0.0486489 0.0448043 0.0297382 0.0193517 0.015805 0.0278408 0.01222 0.0218244 0.0220369 0.0121039 0.0120883 0.0112351 0.00997146 0.00974479
threshold=1.0000000180025095e-35 1.0000000180025095e-35 11.000000000000002 41.500000000000007 92.500000000000014 89.500000000000014 1.5000000000000002 1.0000000180025095e-35 2.5000000000000004 99.500000000000014 74.875000000000014 82.500000000000014 51.875000000000007 1.5000000000000002
decision_type=2 2 2 2 2 2 2 2 2 2 2 2 2 2
left_child=-1 11 9 -4 5 6 -5 10 -9 12 -8 -2 -3 -13
right_child=1 2 3 4 -6 -7 7 8 -10 -11 -12 13 -14 -15
leaf_value=0.0012211224155356016 0.0005293810698162166 -0.00080790350153561556 -0.0004985365175802837 0.00013458561498599653 0.00031659800782327455 -0.00058883099291158621 -0.00015999365683876191 0.00054850383869725866 -0.00012724910432456105 0.00016990486582764818 -0.00072515284134715325 0.0004869257084958787 -0.00025170448075344817 -3.846158930912849e-05
leaf_weight=28 139 30 62 541 161 67 237 80 93 58 39 48 523 90
leaf_count=28 139 30 62 541 161 67 237 80 93 58 39 48 523 90
internal_value=5.19003e-07 -1.5801e-05 -6.8047e-05 1.41833e-05 4.06699e-05 -1.61844e-06 3.86763e-05 -7.69271e-05 0.000186594 -0.000240055 -0.000242183 0.00033983 -0.000283282 0.00014647
internal_weight=2196 2168 1891 1280 1218 1057 990 449 173 611 276 277 553 138
internal_count=2196 2168 1891 1280 1218 1057 990 449 173 611 276 277 553 138
is_linear=0
shrinkage=0.03


Tree=155
num_leaves=15
num_cat=0
split_feature=6 16 18 0 4 4 13 7 2 4 18 13 17 6
split_gain=0.0475093 0.0993428 0.0307667 0.0276592 0.0182319 0.0150222 0.014848 0.0146786 0.0137581 0.0252659 0.0121343 0.0111286 0.0197694 0.0107213
threshold=1.5000000000000002 69.154761904761912 47.125000000000007 1.5000000000000002 1.5000000000000002 1.0000000180025095e-35 40.500000000000007 11.000000000000002 1.0000000180025095e-35 2.5000000000000004 59.875000000000007 53.500000000000007 13.02926992228584 3.5000000000000004
decision_type=2 2 2 2 2 2 2 2 2 2 2 2 2 2
left_child=1 -1 -2 -4 7 -3 -6 -5 10 -10 -8 13 -13 -9
right_child=2 5 3 4 6 -7 8 11 9 -11 -12 12 -14 -15
leaf_value=0.002059917835017236 -0.00085347629998895256 0.00054817060439532931 0.00015946811907881952 -0.00021684006961981961 -0.00091082005949330428 9.4928759436204484e-05 -0.00011467634019704456 0.00078086130150682839 0.00031843913777265695 -0.0003905633496052881 -0.00055953703245272067 -0.00058570663267288334 6.8605637438178601e-05 0.00011372544727618656
leaf_weight=25 43 76 421 258 30 458 93 33 91 88 137 46 358 61
leaf_count=25 43 76 421 258 30 458 93 33 91 88 137 46 358 61
internal_value=9.88145e-06 0.00024882 -7.07303e-05 -4.93874e-05 -0.000123039 0.000160339 -0.000276579 -3.36329e-05 -0.00022795 -3.03541e-05 -0.000380934 6.1526e-05 -7.1575e-06 0.000353687
internal_weight=2218 559 1659 1616 1195 534 439 756 409 179 230 498 404 94
internal_count=2218 559 1659 1616 1195 534 439 756 409 179 230 498 404 94
is_linear=0
shrinkage=0.03


Tree=156
num_leaves=15
num_cat=0
split_feature=12 0 17 16 7 16 18 11 0 17 16 11 11 18
split_gain=0.0386246 0.0357103 0.0364823 0.0229826 0.0188416 0.0165794 0.0141141 0.0128754 0.0149375 0.0127665 0.0122187 0.0117856 0.00903204 0.00865102
threshold=1.0000000180025095e-35 1.5000000000000002 13.12667219774354 82.928571428571445 14.500000000000002 49.642857142857146 92.125000000000014 71.500000000000014 1.0000000180025095e-35 21.600264548644518 100.64285714285715 74.500000000000014 46.500000000000007 70.875000000000014
decision_type=2 2 2 2 2 2 2 2 2 2 2 2 2 2
left_child=-1 3 13 5 10 -2 -5 8 -7 -6 12 -9 -4 -3
right_child=1 2 4 6 9 7 -8 11 -10 -11 -12 -13 -14 -15
leaf_value=0.0010972631020985286 -0.00062247193387100612 -0.00032063884042145215 -0.00047325335764165574 0.0010223757380101069 0.00010337761273844722 0.00054457905007709558 0.00026301007704224752 -0.00060611745085155302 7.0529371920201805e-05 0.00071743790761419487 0.00050454465407528905 7.1713967816463401e-05 -8.513774001301977e-05 -0.00083445843161932909
leaf_weight=28 25 257 57 43 407 120 46 25 119 32 29 205 792 33
leaf_count=28 25 257 57 43 407 120 46 25 119 32 29 205 792 33
internal_value=9.59194e-06 -4.80882e-06 -7.77795e-05 0.000196119 -1.06017e-05 0.00011553 0.000637178 0.00015611 0.000309823 0.000149667 -9.08152e-05 -4.2683e-06 -0.000111721 -0.000381775
internal_weight=2218 2190 1607 583 1317 494 89 469 239 439 878 230 849 290
internal_count=2218 2190 1607 583 1317 494 89 469 239 439 878 230 849 290
is_linear=0
shrinkage=0.03


Tree=157
num_leaves=15
num_cat=0
split_feature=12 4 18 0 17 7 2 5 15 16 18 17 16 15
split_gain=0.0364187 0.0347285 0.0294886 0.0288716 0.024582 0.0198959 0.0160871 0.0187171 0.012955 0.00998352 0.0171547 0.0152622 0.012628 0.0200554
threshold=1.0000000180025095e-35 1.0000000180025095e-35 47.125000000000007 1.0000000180025095e-35 12.554642472768156 14.500000000000002 1.0000000180025095e-35 31.500000000000004 55.166666666666679 80.619047619047635 73.625000000000014 17.176534353350416 64.773809523809533 66.500000000000014
decision_type=2 2 2 2 2 2 2 2 2 2 2 2 2 2
left_child=-1 -2 -3 6 8 9 7 -4 -5 10 12 -12 13 -6
right_child=1 2 3 4 5 -7 -8 -9 -10 -11 11 -13 -14 -15
leaf_value=0.0010654803215333357 0.00030866567313123008 -0.00081784698239061981 -0.0004903873333053009 -5.8627289730462833e-05 -0.00010135269016340359 0.00012422309877504803 0.00063654506718739863 0.0002697172388679578 -0.00058396042818014652 3.145454082315531e-05 -0.00057817170443257536 -8.656864802105701e-05 8.7858868190580881e-05 -0.00088998164555492362
leaf_weight=28 277 43 36 65 172 469 74 137 121 296 142 95 229 34
leaf_count=28 277 43 36 65 172 469 74 137 121 296 142 95 229 34
internal_value=9.32382e-06 -4.65969e-06 -5.01664e-05 -3.20861e-05 -7.811e-05 -3.59792e-05 0.000269426 0.000109636 -0.000401672 -0.000113646 -0.000177511 -0.000382307 -6.53115e-05 -0.000235185
internal_weight=2218 2190 1913 1870 1623 1437 247 173 186 968 672 237 435 206
internal_count=2218 2190 1913 1870 1623 1437 247 173 186 968 672 237 435 206
is_linear=0
shrinkage=0.03


Tree=158
num_leaves=15
num_cat=0
split_feature=6 16 18 0 0 0 4 13 11 11 13 7 16 18
split_gain=0.0419074 0.092639 0.0265541 0.0241204 0.0167008 0.0359318 0.0132995 0.0124386 0.0115759 0.0108049 0.0102913 0.010285 0.0105453 0.0121662
threshold=1.5000000000000002 69.154761904761912 47.125000000000007 1.5000000000000002 5.5000000000000009 4.5000000000000009 1.0000000180025095e-35 100.50000000000001 71.500000000000014 74.500000000000014 66.500000000000014 11.000000000000002 62.928571428571438 70.875000000000014
decision_type=2 2 2 2 2 2 2 2 2 2 2 2 2 2
left_child=1 -1 -2 8 5 7 -3 11 -4 -10 -11 12 -5 -14
right_child=2 6 3 4 -6 -7 -8 -9 9 10 -12 -13 13 -15
leaf_value=0.0019823405618528619 -0.00079386919678654517 0.00051292010740267013 0.00029661670964522136 -0.00065462403887067916 0.00010891571222372434 -0.00049472785962279887 8.6471840248574812e-05 0.00045439634167660886 -0.0005886201581989343 0.00033271552573132791 -0.00013129196280733414 -1.2751755545367578e-05 0.00017127698556469655 -0.00033243675939151899
leaf_weight=25 43 76 222 47 238 233 458 38 25 74 100 452 66 121
leaf_count=25 43 76 222 47 238 233 458 38 25 74 100 452 66 121
internal_value=9.02946e-06 0.00023344 -6.66807e-05 -4.6852e-05 -0.000115631 -0.000171529 0.00014801 -6.69776e-05 0.000148186 -1.80547e-05 6.68181e-05 -9.64778e-05 -0.000257462 -0.00015469
internal_weight=2218 559 1659 1616 1195 957 534 724 421 199 174 686 234 187
internal_count=2218 559 1659 1616 1195 957 534 724 421 199 174 686 234 187
is_linear=0
shrinkage=0.03


Tree=159
num_leaves=15
num_cat=0
split_feature=6 14 4 13 5 0 4 11 6 18 17 11 11 4
split_gain=0.0394762 0.0680773 0.0262698 0.0267258 0.0278181 0.0251088 0.0166094 0.0151455 0.0219157 0.0369759 0.0382283 0.0199011 0.0172266 0.0148708
threshold=1.5000000000000002 49.500000000000007 1.5000000000000002 36.500000000000007 32.500000000000007 3.5000000000000004 2.5000000000000004 89.500000000000014 3.5000000000000004 67.375000000000014 14.140451935930706 90.500000000000014 50.500000000000007 1.0000000180025095e-35
decision_type=2 2 2 2 2 2 2 2 2 2 2 2 2 2
left_child=1 -1 7 -4 5 6 -5 8 9 10 -2 -9 -10 -11
right_child=2 -3 3 4 -6 -7 -8 11 12 13 -12 -13 -14 -15
leaf_value=0.0015932056950705667 0.0016944623794048451 0.0001462123864406543 -0.0010506715897513046 0.00044249940887897593 -0.00046075296684164037 -0.00025657218180874611 -0.00013918904413003473 -0.00082558277618283269 0.00019476699219508605 0.00041553816954955833 0.00037099636742769847 -5.5092234584865049e-05 -0.00026385270332736712 -2.0003682796699451e-05
leaf_weight=30 25 529 32 117 198 201 70 38 109 88 84 134 223 340
leaf_count=30 25 529 32 117 198 201 70 38 109 88 84 134 223 340
internal_value=8.77125e-06 0.000226575 -6.471e-05 -0.000219478 -0.000172376 -2.44089e-05 0.000225173 2.72923e-05 7.82457e-05 0.000196566 0.000687188 -0.000229105 -0.000113149 7.03069e-05
internal_weight=2218 559 1659 618 586 388 187 1041 869 537 109 172 332 428
internal_count=2218 559 1659 618 586 388 187 1041 869 537 109 172 332 428
is_linear=0
shrinkage=0.03


Tree=160
num_leaves=15
num_cat=0
split_feature=6 16 0 13 16 16 8 0 17 15 15 17 16 11
split_gain=0.0440398 0.0772107 0.0307721 0.0202954 0.0169159 0.0144405 0.0166691 0.0143868 0.0143426 0.0168109 0.0131762 0.0129439 0.024874 0.0158899
threshold=3.5000000000000004 57.309523809523817 1.5000000000000002 36.500000000000007 82.928571428571445 100.64285714285715 4.4000000000000012 1.0000000180025095e-35 12.554642472768156 67.833333333333357 77.833333333333357 16.646892647987524 67.464285714285737 51.500000000000007
decision_type=2 2 2 2 2 2 2 2 2 2 2 2 2 2
left_child=1 -1 4 -2 10 6 -4 -5 -9 -10 -3 12 -8 -13
right_child=3 2 5 7 -6 -7 11 8 9 -11 -12 13 -14 -15
leaf_value=0.0016100080650909962 -0.00099529590539168566 0.00028534632990430333 -0.00020766772932632465 0.00020930680774628333 0.00063715156654573293 0.00053232020496216136 0.00022981814031034878 -0.0004672751955572257 -2.2306354149285818e-05 -0.00071918231765266682 -0.00012533852608092796 -0.00046808093184694911 -0.00031856510536731501 0.00017938535875137209
leaf_weight=28 29 250 390 69 87 39 117 172 232 35 97 36 201 443
leaf_count=28 29 250 390 69 87 39 117 172 232 35 97 36 201 443
internal_value=6.98974e-08 7.53639e-05 4.85246e-05 -0.000236308 0.000265306 -2.8369e-05 -4.72236e-05 -0.00019111 -0.000254379 -0.000116 0.000170514 3.14492e-05 -0.000116714 0.00012985
internal_weight=2225 1688 1660 537 434 1226 1187 508 439 267 347 797 318 479
internal_count=2225 1688 1660 537 434 1226 1187 508 439 267 347 797 318 479
is_linear=0
shrinkage=0.03


Tree=161
num_leaves=15
num_cat=0
split_feature=0 4 13 5 4 2 14 5 17 0 15 17 17 2
split_gain=0.0333667 0.0334321 0.037349 0.0370549 0.0263517 0.0235362 0.0201601 0.0180653 0.0159381 0.0192552 0.0156403 0.0174979 0.0113756 0.0110391
threshold=1.0000000180025095e-35 1.5000000000000002 39.500000000000007 32.500000000000007 2.5000000000000004 1.0000000180025095e-35 89.500000000000014 31.500000000000004 16.532795690182663 5.5000000000000009 67.833333333333357 12.167481404591449 13.28048993880436 1.0000000180025095e-35
decision_type=2 2 2 2 2 2 2 2 2 2 2 2 2 2
left_child=13 2 -2 4 5 6 -3 -4 9 10 11 -9 -13 -1
right_child=1 3 7 -5 -6 -7 -8 8 -10 -11 -12 12 -14 -15
leaf_value=0.00018166192660206242 0.001113504559676773 2.9218930415739652e-05 -0.00018195619996902614 -0.00051286418743984536 -0.00037634794559656461 0.00037101504387943636 -0.0007622894743532949 -0.00049167270016879205 0.00021230378568583123 0.00038434685607521363 -0.0003467324455296565 0.0006727748604801793 5.5660519748117719e-05 0.00059109306842502617
leaf_weight=227 28 133 289 239 154 151 36 40 463 77 166 35 107 80
leaf_count=227 28 133 289 239 154 151 36 40 463 77 166 35 107 80
internal_value=7.26467e-08 -4.64491e-05 4.99011e-05 -0.000209127 -5.5219e-05 0.000100015 -0.000142879 2.36749e-05 9.0727e-05 -4.19075e-05 -0.000137053 5.50418e-05 0.000211407 0.000289927
internal_weight=2225 1918 1205 713 474 320 169 1177 888 425 348 182 142 307
internal_count=2225 1918 1205 713 474 320 169 1177 888 425 348 182 142 307
is_linear=0
shrinkage=0.03


Tree=162
num_leaves=15
num_cat=0
split_feature=0 4 13 5 4 2 14 5 16 16 16 15 18 16
split_gain=0.0314087 0.0314782 0.0352178 0.0348677 0.0247985 0.0221632 0.0189995 0.0170022 0.0165316 0.0150011 0.0142678 0.0212054 0.0203844 0.0188805
threshold=1.0000000180025095e-35 1.5000000000000002 39.500000000000007 32.500000000000007 2.5000000000000004 1.0000000180025095e-35 89.500000000000014 31.500000000000004 81.928571428571445 73.690476190476204 59.642857142857146 55.500000000000007 66.375000000000014 75.928571428571445
decision_type=2 2 2 2 2 2 2 2 2 2 2 2 2 2
left_child=8 2 -2 4 5 6 -3 -4 -1 -5 11 -9 -12 -14
right_child=1 3 7 9 -6 -7 -8 10 -10 -11 12 -13 13 -15
leaf_value=0.00019074374824577835 0.0010812513278154977 2.8348897278409647e-05 -0.00017651633759006974 -0.00040541986199930165 -0.0003651303488408185 0.00035995781469338046 -0.00074003886324479373 0.00026246786636945145 0.00082033232804281969 -0.0011288859331980347 0.00048016358492430303 -0.00066468590812291946 -0.00019362175164191439 0.00016074590415374418
leaf_weight=264 28 133 289 210 154 151 36 38 43 29 124 51 186 489
leaf_count=264 28 133 289 210 154 151 36 38 43 29 124 51 186 489
internal_value=8.31306e-08 -4.5053e-05 4.84393e-05 -0.000202905 -5.36091e-05 9.6981e-05 -0.000138722 2.29724e-05 0.000281304 -0.000497542 8.80217e-05 -0.000270305 0.000128223 6.2956e-05
internal_weight=2225 1918 1205 713 474 320 169 1177 307 239 888 89 799 675
internal_count=2225 1918 1205 713 474 320 169 1177 307 239 888 89 799 675
is_linear=0
shrinkage=0.03


Tree=163
num_leaves=15
num_cat=0
split_feature=6 15 0 13 15 17 11 7 0 17 15 4 11 7
split_gain=0.041673 0.0483159 0.0258592 0.0198321 0.0175268 0.0200507 0.0145436 0.0155361 0.012545 0.0121632 0.015296 0.0103967 0.0118411 0.0152363
threshold=3.5000000000000004 54.166666666666679 1.5000000000000002 36.500000000000007 60.833333333333336 13.02926992228584 48.500000000000007 11.000000000000002 1.0000000180025095e-35 12.554642472768156 67.833333333333357 1.0000000180025095e-35 72.500000000000014 14.500000000000002
decision_type=2 2 2 2 2 2 2 2 2 2 2 2 2 2
left_child=1 -1 11 -2 -4 -6 -7 -8 -5 -10 -11 -3 -13 -14
right_child=3 2 4 8 5 6 7 -9 9 10 -12 12 13 -15
leaf_value=0.0013566104014171288 -0.00098010811238782468 0.00060344200020153946 0.00041991275621807903 0.00018877079543225199 -0.00056362843834449443 -0.00064712289391835045 -0.00015802357810866408 8.5193131002008702e-05 -0.00044034022561553857 -2.7382828630237187e-05 -0.00069215322197123895 0.00039107687421698843 -8.5502338011948654e-05 0.00049100324345999983
leaf_weight=25 29 63 76 69 63 31 358 691 172 232 35 154 174 53
leaf_count=25 29 63 76 69 63 31 358 691 172 232 35 154 174 53
internal_value=7.6725e-08 7.33195e-05 5.3224e-05 -0.000229862 -1.82161e-05 -4.76897e-05 -1.70997e-05 2.11732e-06 -0.000185192 -0.000244265 -0.000116783 0.000248963 0.000188922 5.06634e-05
internal_weight=2225 1688 1663 537 1219 1143 1080 1049 508 439 267 444 381 227
internal_count=2225 1688 1663 537 1219 1143 1080 1049 508 439 267 444 381 227
is_linear=0
shrinkage=0.03


Tree=164
num_leaves=15
num_cat=0
split_feature=6 16 0 16 16 0 4 16 16 18 16 17 15 4
split_gain=0.0392481 0.0707544 0.0254257 0.0148226 0.014698 0.0177297 0.0134683 0.0258657 0.015491 0.013322 0.0218315 0.0147842 0.0123208 0.0143759
threshold=3.5000000000000004 57.309523809523817 1.5000000000000002 82.928571428571445 48.071428571428577 1.0000000180025095e-35 1.5000000000000002 67.464285714285737 100.64285714285715 86.291666666666671 80.357142857142875 16.646892647987524 77.833333333333357 1.5000000000000002
decision_type=2 2 2 2 2 2 2 2 2 2 2 2 2 2
left_child=1 -1 3 12 -2 -6 7 -4 9 10 11 -9 13 -3
right_child=4 2 6 -5 5 -7 -8 8 -10 -11 -12 -13 -14 -15
leaf_value=0.0015402332616263421 -0.00076966694726540545 0.00044809116227330185 0.00077600755579104372 0.00059056771357559646 0.0002852573215227144 -0.00024654332530609126 -0.00015346501510942107 -0.0002780669800059903 0.00067791900970041747 -0.00021960933160314127 0.00032439765277003234 0.00013708075641376011 -0.00013220891117846488 -1.630262521430268e-05
leaf_weight=28 40 151 41 87 64 433 456 167 29 207 184 142 97 99
leaf_count=28 40 151 41 87 64 433 456 167 29 207 184 142 97 99
internal_value=7.3638e-08 7.11535e-05 4.54615e-05 0.000242513 -0.000223075 -0.000177627 -2.44348e-05 5.20778e-05 1.03557e-05 -1.82281e-05 6.66009e-05 -8.74603e-05 0.000153802 0.000264859
internal_weight=2225 1688 1660 434 537 497 1226 770 729 700 493 309 347 250
internal_count=2225 1688 1660 434 537 497 1226 770 729 700 493 309 347 250
is_linear=0
shrinkage=0.03


Tree=165
num_leaves=15
num_cat=0
split_feature=6 16 7 18 4 0 11 11 11 11 11 17 17 11
split_gain=0.0308662 0.0814453 0.0232295 0.0175716 0.0161198 0.0142654 0.0203407 0.0131068 0.0121471 0.0117156 0.0106081 0.0161887 0.00911755 0.00922312
threshold=1.5000000000000002 70.773809523809533 14.500000000000002 50.625000000000007 2.5000000000000004 1.0000000180025095e-35 71.500000000000014 76.500000000000014 92.500000000000014 41.500000000000007 66.500000000000014 17.509861154017752 18.291293791622341 117.50000000000001
decision_type=2 2 2 2 2 2 2 2 2 2 2 2 2 2
left_child=1 -1 3 -2 5 6 -5 10 -9 -4 11 -3 -10 -14
right_child=2 7 9 4 -6 -7 -8 8 12 -11 -12 -13 13 -15
leaf_value=0.0017979525946753307 -0.00076607287056685896 0.00062985379043451611 -0.00038802002802650922 0.00073220138949843451 -0.0005045392667702601 -0.00013082926256909977 -8.985356194437334e-05 -0.00023703327957540749 0.000498772714054212 0.00012731099080721302 0.00060754011311750533 -0.00012246388942098986 -0.00010736946055025328 0.00037137350365382561
leaf_weight=26 39 38 42 43 91 850 70 124 47 522 68 75 124 50
leaf_count=26 39 38 42 43 91 850 70 124 47 522 68 75 124 50
internal_value=-3.216e-06 0.000190873 -6.79494e-05 -0.000148591 -0.000125039 -8.86913e-05 0.000226643 0.000108175 -4.89028e-07 8.83164e-05 0.000314161 0.000133834 0.000132703 3.15364e-05
internal_weight=2209 552 1657 1093 1054 963 113 526 345 564 181 113 221 174
internal_count=2209 552 1657 1093 1054 963 113 526 345 564 181 113 221 174
is_linear=0
shrinkage=0.03


Tree=166
num_leaves=15
num_cat=0
split_feature=6 16 4 16 2 16 4 16 16 6 19 2 16 13
split_gain=0.0295853 0.049469 0.0185428 0.0442518 0.0298901 0.0283963 0.0219059 0.0200937 0.0190153 0.0181723 0.0159155 0.0338074 0.0449524 0.0135933
threshold=3.5000000000000004 57.500000000000007 1.5000000000000002 63.357142857142868 1.0000000180025095e-35 73.214285714285737 2.5000000000000004 77.928571428571445 68.214285714285737 1.5000000000000002 1.0000000180025095e-35 1.0000000180025095e-35 70.619047619047635 75.500000000000014
decision_type=2 2 2 2 2 2 2 2 2 2 2 2 2 2
left_child=1 -1 3 -3 5 -4 7 -6 -8 -10 11 -5 -13 -12
right_child=-2 2 4 10 6 -7 8 -9 9 -11 13 12 -14 -15
leaf_value=0.0012469120512926771 -0.00019495392860876103 0.0012496832190081477 -9.980482021986491e-05 -0.0010332253222804866 0.0011501253817954823 -0.00069545509906833794 0.00044563472875066705 0.0002289850455767833 8.1926011790831889e-05 -0.00075631932002653802 0.00031476089702164888 0.0010333653169535947 -0.00016007326279256684 5.0113789459014931e-05
leaf_weight=30 544 29 241 31 26 102 36 105 44 48 283 32 203 455
leaf_count=30 544 29 241 31 26 102 36 105 44 48 283 32 203 455
internal_value=-3.08668e-06 5.96809e-05 3.71479e-05 0.000114233 -9.50967e-05 -0.000278444 0.000147851 0.000419135 -0.000130888 -0.000358849 8.02258e-05 -0.000118416 6.12758e-06 0.000151886
internal_weight=2209 1665 1635 1033 602 343 259 131 128 92 1004 266 235 738
internal_count=2209 1665 1635 1033 602 343 259 131 128 92 1004 266 235 738
is_linear=0
shrinkage=0.03


Tree=167
num_leaves=15
num_cat=0
split_feature=6 14 7 12 14 0 0 11 11 11 17 14 12 13
split_gain=0.0293166 0.0600942 0.0217175 0.0129375 0.0122134 0.0110724 0.0202733 0.0177615 0.010884 0.0103116 0.0102333 0.00941435 0.00925395 0.0107975
threshold=1.5000000000000002 49.500000000000007 14.500000000000002 37.500000000000007 41.500000000000007 4.5000000000000009 5.5000000000000009 71.500000000000014 76.500000000000014 70.500000000000014 17.509861154017752 62.500000000000007 64.500000000000014 57.500000000000007
decision_type=2 2 2 2 2 2 2 2 2 2 2 2 2 2
left_child=1 -1 4 -4 -2 7 -7 -6 9 10 -3 -8 13 -5
right_child=2 8 3 12 5 6 11 -9 -10 -11 -12 -13 -14 -15
leaf_value=0.0015405388498246403 -0.00044862395425264017 0.00051683288510463634 -0.00056895488528355674 0.00057290052456447659 0.00014168724961975031 -0.00049185900434100334 0.0002569066548073636 -0.00017183100788903312 1.2358931537592605e-05 0.00064755926203765234 -3.4961395588070032e-05 -0.00020850127865297178 -4.6108494792887336e-06 0.00013068429977534964
leaf_weight=27 106 45 25 66 278 161 66 389 339 53 88 93 277 196
leaf_count=27 106 45 25 66 278 161 66 389 339 53 88 93 277 196
internal_value=-2.95524e-06 0.000186199 -6.60429e-05 8.50522e-05 -0.000144016 -0.000110881 -0.000255662 -4.11427e-05 0.000113751 0.000297492 0.0001542 -1.49148e-05 0.000116384 0.000243837
internal_weight=2209 552 1657 564 1093 987 320 667 525 186 133 159 539 262
internal_count=2209 552 1657 564 1093 987 320 667 525 186 133 159 539 262
is_linear=0
shrinkage=0.03


Tree=168
num_leaves=15
num_cat=0
split_feature=7 4 17 4 14 18 0 11 0 0 17 14 0 12
split_gain=0.0241113 0.0141187 0.0121574 0.0119614 0.013074 0.0128087 0.012647 0.0155106 0.0125528 0.0160464 0.010145 0.009558 0.00952963 0.0102232
threshold=14.500000000000002 1.0000000180025095e-35 10.564991605251302 2.5000000000000004 1.0000000180025095e-35 50.625000000000007 1.0000000180025095e-35 71.500000000000014 5.5000000000000009 4.5000000000000009 20.606286571917362 60.500000000000007 1.0000000180025095e-35 64.500000000000014
decision_type=2 2 2 2 2 2 2 2 2 2 2 2 2 2
left_child=1 -1 -3 4 -4 -6 7 -7 9 -8 12 -10 -2 -14
right_child=10 2 3 -5 5 6 8 -9 11 -11 -12 -13 13 -15
leaf_value=0.00017496497344897123 0.00038332969339956575 -0.00062307547230011553 0.00042448012762179131 -0.00036628130758288081 -0.00067295078247752826 0.0006328934158123696 -8.2562566637655539e-05 -3.1410081991149736e-05 0.00050149063610107356 -0.00042017554292989961 0.00052133542980300259 -9.4699108628377041e-06 0.00019377318313294327 -5.6120197755904268e-05
leaf_weight=180 94 39 47 127 31 48 585 89 45 161 56 116 273 318
leaf_count=180 94 39 47 127 31 48 585 89 45 161 56 116 273 318
internal_value=-2.84092e-06 -7.32487e-05 -0.000108046 -9.14784e-05 -6.00748e-05 -8.16348e-05 -6.34494e-05 0.000204238 -0.000104063 -0.00015589 0.000136555 0.000135559 0.000104385 5.94451e-05
internal_weight=2209 1468 1288 1249 1122 1075 1044 137 907 746 741 161 685 591
internal_count=2209 1468 1288 1249 1122 1075 1044 137 907 746 741 161 685 591
is_linear=0
shrinkage=0.03


Tree=169
num_leaves=15
num_cat=0
split_feature=6 16 8 12 18 18 18 16 18 12 0 12 14 15
split_gain=0.0274467 0.0734599 0.0194253 0.0171435 0.0136991 0.0108545 0.0111792 0.0134487 0.0138385 0.0140739 0.0105158 0.0137496 0.0141761 0.0100327
threshold=1.5000000000000002 70.773809523809533 4.4000000000000012 41.500000000000007 55.125000000000007 51.875000000000007 85.375000000000014 80.619047619047635 71.375000000000014 78.500000000000014 1.0000000180025095e-35 62.500000000000007 41.500000000000007 72.416666666666671
decision_type=2 2 2 2 2 2 2 2 2 2 2 2 2 2
left_child=1 -1 5 4 -4 -2 7 8 9 -7 -5 12 -12 -3
right_child=2 13 3 10 -6 6 -8 -9 -10 -11 11 -13 -14 -15
leaf_value=0.0017065355063338454 -0.00079603547611946444 0.00053021961109091839 -8.6054943472226248e-05 0.00029611925188646634 -0.00089645086161908687 -0.00016009971533051048 -0.00068145039289988375 0.00024917989728830592 -0.00044582004516286735 0.00048207079333120154 -0.00042474645783816385 -0.00010013443570510508 0.00019180335903670943 6.1605615311174615e-05
leaf_weight=26 26 44 46 127 31 251 36 68 140 34 36 496 366 482
leaf_count=26 26 44 46 127 31 251 36 68 140 34 36 496 366 482
internal_value=-2.74795e-06 0.000180275 -6.37906e-05 9.14021e-06 -0.000419628 -0.000208357 -0.000178026 -0.000139959 -0.00020266 -8.20722e-05 4.17277e-05 5.46096e-06 0.000135673 0.000101737
internal_weight=2209 552 1657 1102 77 555 529 493 425 285 1025 898 402 526
internal_count=2209 552 1657 1102 77 555 529 493 425 285 1025 898 402 526
is_linear=0
shrinkage=0.03


Tree=170
num_leaves=15
num_cat=0
split_feature=0 0 4 17 4 2 19 17 18 2 12 17 12 0
split_gain=0.0309757 0.0351024 0.0179702 0.018184 0.0129897 0.0128532 0.047382 0.014565 0.0122248 0.0405772 0.0173492 0.0116806 0.0109899 0.0109319
threshold=4.5000000000000009 5.5000000000000009 1.0000000180025095e-35 22.298302248130305 2.5000000000000004 1.0000000180025095e-35 1.0000000180025095e-35 12.610463403205292 55.583333333333336 1.0000000180025095e-35 41.500000000000007 16.763054614240257 62.500000000000007 1.0000000180025095e-35
decision_type=2 2 2 2 2 2 2 2 2 2 2 2 2 2
left_child=2 11 -1 8 5 6 -3 -8 9 -4 -10 -2 -12 -14
right_child=1 4 3 -5 -6 -7 7 -9 10 -11 12 -13 13 -15
leaf_value=0.0003302509045263344 -0.000544421418202826 -0.0010718704150895063 -1.589744023467839e-05 0.00072264797699807032 -0.00057591301272623234 0.0005053520696023234 -0.00033725541957080297 0.00028584160906356028 -0.00074636132356004211 0.0011941926975784802 0.00014324759671270417 -0.00018336854376297621 0.00017465872174094935 -0.0001135872778648993
leaf_weight=202 194 31 102 32 27 56 41 173 28 32 327 140 143 667
leaf_count=202 194 31 102 32 27 56 41 173 28 32 327 140 143 667
internal_value=-6.73554e-06 -0.000178078 6.73237e-05 2.72024e-05 4.24054e-05 9.95925e-05 5.17016e-06 0.00016545 9.52785e-06 0.000279785 -2.17708e-05 -0.000394081 -3.28667e-06 -6.25468e-05
internal_weight=2195 662 1533 1331 328 301 245 214 1299 134 1165 334 1137 810
internal_count=2195 662 1533 1331 328 301 245 214 1299 134 1165 334 1137 810
is_linear=0
shrinkage=0.03


Tree=171
num_leaves=15
num_cat=0
split_feature=1 16 6 15 11 11 16 11 11 16 11 18 13 7
split_gain=0.0291744 0.0168758 0.014463 0.049932 0.01331 0.0239595 0.0190852 0.0157701 0.0338043 0.0215575 0.0181773 0.0151984 0.010825 0.0106917
threshold=1.0000000180025095e-35 52.071428571428577 3.5000000000000004 58.500000000000007 75.500000000000014 56.500000000000007 70.380952380952394 92.500000000000014 89.500000000000014 77.214285714285737 81.500000000000014 75.125000000000014 37.500000000000007 14.500000000000002
decision_type=2 2 2 2 2 2 2 2 2 2 2 2 2 2
left_child=2 -2 3 -1 5 6 -5 8 10 -9 11 -6 -4 -11
right_child=1 -3 12 4 7 -7 -8 9 -10 13 -12 -13 -14 -15
leaf_value=0.0011330753626368408 -0.00084535131591110255 -0.00013849717154708089 -0.0006160799658920784 0.00021540284778457134 -3.8047197866541596e-05 0.00036517888227010807 -0.00048433744060193102 0.00099303134323026139 -0.00062422289009836894 -5.7077191009945097e-06 0.00021988678615225186 -0.00074731580456596249 -4.6773574641384072e-05 0.00049032478778826777
leaf_weight=41 31 631 32 74 96 290 65 25 92 211 183 37 340 47
leaf_count=41 31 631 32 74 96 290 65 25 92 211 183 37 340 47
internal_value=-6.53665e-06 -0.000172823 6.5337e-05 0.000117476 7.93205e-05 0.000210363 -0.000112936 -2.22221e-06 -0.000121472 0.000169522 2.64056e-05 -0.000239467 -9.72666e-05 8.6199e-05
internal_weight=2195 662 1533 1161 1120 429 139 691 408 283 316 133 372 258
internal_count=2195 662 1533 1161 1120 429 139 691 408 283 316 133 372 258
is_linear=0
shrinkage=0.03


Tree=172
num_leaves=15
num_cat=0
split_feature=4 4 13 16 13 7 16 14 17 18 15 11 15 11
split_gain=0.0238084 0.0183385 0.0546913 0.0213159 0.0144636 0.0128767 0.010517 0.0116021 0.0130848 0.0130386 0.0106702 0.00910886 0.0133014 0.007043
threshold=1.0000000180025095e-35 2.5000000000000004 1.0000000180025095e-35 50.071428571428577 44.500000000000007 11.000000000000002 93.571428571428584 61.500000000000007 16.791437727377115 90.625000000000014 54.583333333333336 55.500000000000007 76.833333333333357 82.500000000000014
decision_type=2 2 2 2 2 2 2 2 2 2 2 2 2 2
left_child=13 2 -2 -4 -3 -5 7 10 -9 11 -7 -10 -13 -1
right_child=1 4 3 5 -6 6 -8 8 9 -11 -12 12 -14 -15
leaf_value=0.0004245189332681137 0.0013016849905917686 -0.00098776243974078577 -0.00061601658007765024 -0.0001321061294896447 -0.0002195642978663922 0.00057842928496938835 0.00042347334661415866 -0.00015686334871819438 -0.00019419531976962658 -0.00042713268976816228 9.6021108928835022e-05 0.00063680899207435181 0.00010909862240413742 0.00011495365070431002
leaf_weight=123 27 25 54 565 153 47 61 413 46 35 299 61 142 144
leaf_count=123 27 25 54 565 153 47 61 413 46 35 299 61 142 144
internal_value=-6.34232e-06 -4.315e-05 -1.35589e-05 -3.49123e-05 -0.000332373 -1.57532e-05 4.3859e-05 2.12728e-05 -4.92294e-05 0.000107296 0.000163029 0.000183824 0.000270016 0.000258614
internal_weight=2195 1928 1750 1723 178 1669 1104 1043 697 284 346 249 203 267
internal_count=2195 1928 1750 1723 178 1669 1104 1043 697 284 346 249 203 267
is_linear=0
shrinkage=0.03


Tree=173
num_leaves=15
num_cat=0
split_feature=0 0 4 17 4 2 19 17 15 6 13 17 14 11
split_gain=0.0272292 0.0331016 0.0156555 0.0161329 0.0118842 0.0119812 0.0447525 0.0130758 0.0114464 0.0455458 0.0305114 0.0106317 0.0104052 0.00768018
threshold=4.5000000000000009 5.5000000000000009 1.0000000180025095e-35 22.298302248130305 2.5000000000000004 1.0000000180025095e-35 1.0000000180025095e-35 12.610463403205292 58.500000000000007 3.5000000000000004 44.500000000000007 16.763054614240257 73.500000000000014 88.500000000000014
decision_type=2 2 2 2 2 2 2 2 2 2 2 2 2 2
left_child=2 11 -1 8 5 6 -3 -8 9 -4 -10 -2 -7 -12
right_child=1 4 3 -5 -6 12 7 -9 10 -11 13 -13 -14 -15
leaf_value=0.00030870769496630984 -0.00051997797648856744 -0.0010359556696948858 0.0010958280258013733 0.00068089738691593405 -0.00054415323771536347 0.00087835873942822208 -0.00030987639470757652 0.00028058472628392087 -0.00082233307824935758 -1.1321385697969659e-05 5.3480662879384721e-05 -0.00017550919260061841 6.4017576717430655e-05 -0.00012559321745923184
leaf_weight=202 194 31 41 32 27 29 41 173 41 164 752 140 27 301
leaf_count=202 194 31 41 32 27 29 41 173 41 164 752 140 27 301
internal_value=-6.13905e-06 -0.000166786 6.32971e-05 2.58485e-05 4.73049e-05 0.000101985 1.07982e-05 0.000166544 9.20042e-06 0.000214353 -2.94029e-05 -0.000376545 0.000493741 2.22181e-06
internal_weight=2195 662 1533 1331 328 301 245 214 1299 205 1094 334 56 1053
internal_count=2195 662 1533 1331 328 301 245 214 1299 205 1094 334 56 1053
is_linear=0
shrinkage=0.03


Tree=174
num_leaves=15
num_cat=0
split_feature=1 4 17 4 18 2 13 17 11 11 17 12 12 11
split_gain=0.0256395 0.014733 0.0152081 0.0122389 0.0117502 0.0373876 0.0225004 0.0110491 0.00806125 0.0335202 0.0100921 0.0119446 0.0113957 0.0123744
threshold=1.0000000180025095e-35 1.0000000180025095e-35 22.298302248130305 2.5000000000000004 55.583333333333336 1.0000000180025095e-35 44.500000000000007 13.02926992228584 88.500000000000014 92.500000000000014 12.500476145128383 62.500000000000007 55.500000000000007 76.500000000000014
decision_type=2 2 2 2 2 2 2 2 2 2 2 2 2 2
left_child=1 -1 4 7 5 -3 -6 -2 10 -10 -8 12 13 -12
right_child=3 2 -4 -5 6 -7 8 -9 9 -11 11 -13 -14 -15
leaf_value=0.00029949208302068971 -0.00036937959714207881 -9.986508826417758e-06 0.00066108945683068169 -0.00059069321961777112 -0.00056413833668025643 0.0011516192361754789 -0.00030147909857987544 -5.647524057914057e-05 -0.0005711201875470579 0.00010008361276659298 0.00034831376814508985 1.1363067704521061e-05 0.00060170835186597023 -0.00019065453532675746
leaf_weight=202 128 102 32 54 64 32 63 480 99 202 95 513 66 63
leaf_count=202 128 102 32 54 64 32 63 480 99 202 95 513 66 63
internal_value=-5.95738e-06 6.14213e-05 2.50926e-05 -0.000161844 8.92879e-06 0.000273888 -2.17559e-05 -0.000122848 1.02555e-05 -0.000121838 6.00457e-05 9.13161e-05 0.000273559 0.000133561
internal_weight=2195 1533 1331 662 1299 134 1165 608 1101 301 800 737 224 158
internal_count=2195 1533 1331 662 1299 134 1165 608 1101 301 800 737 224 158
is_linear=0
shrinkage=0.03


Tree=175
num_leaves=15
num_cat=0
split_feature=12 6 0 13 13 16 18 18 11 6 16 12 12 14
split_gain=0.0393202 0.0262347 0.0172566 0.01648 0.0158116 0.0115542 0.0183547 0.0139584 0.0110637 0.0160571 0.0108607 0.0107922 0.0146323 0.0105106
threshold=1.0000000180025095e-35 3.5000000000000004 1.5000000000000002 75.500000000000014 98.500000000000014 58.928571428571438 58.583333333333336 68.291666666666671 75.500000000000014 1.5000000000000002 48.071428571428577 63.500000000000007 55.500000000000007 50.500000000000007
decision_type=2 2 2 2 2 2 2 2 2 2 2 2 2 2
left_child=-1 2 13 8 11 6 10 -7 9 -4 -3 12 -5 -2
right_child=1 5 3 4 -6 7 -8 -9 -10 -11 -12 -13 -14 -15
leaf_value=0.0011600430629019123 -0.00024892902779733627 -0.00063717578405472026 0.00080999594557215452 -0.00023397759581561978 9.0095835565049209e-05 5.9979243756970381e-05 -0.0008243157493086743 -0.00056605643078096602 -1.959555771496388e-05 0.00015341080219360252 -0.00011766849128304914 -0.00033793624315207459 0.00032136134013523008 0.00025712802450101073
leaf_weight=25 40 43 39 120 235 204 52 37 264 212 209 260 65 390
leaf_count=25 40 43 39 120 235 204 52 37 264 212 209 260 65 390
internal_value=3.12463e-07 -1.35767e-05 4.68477e-05 -1.18367e-05 -0.000108723 -0.000193497 -0.00031618 -3.8076e-05 0.000116053 0.000258239 -0.000208483 -0.000213683 -3.81798e-05 0.000209585
internal_weight=2195 2170 1625 1195 680 545 304 241 515 251 252 445 185 430
internal_count=2195 2170 1625 1195 680 545 304 241 515 251 252 445 185 430
is_linear=0
shrinkage=0.03


Tree=176
num_leaves=15
num_cat=0
split_feature=12 6 0 13 13 16 15 0 16 11 6 16 17 4
split_gain=0.0370846 0.0247116 0.0162339 0.0155148 0.01488 0.0108788 0.0150764 0.0107726 0.0105305 0.0104189 0.015136 0.0101162 0.013197 0.0100769
threshold=1.0000000180025095e-35 3.5000000000000004 1.5000000000000002 75.500000000000014 98.500000000000014 58.928571428571438 58.500000000000007 5.5000000000000009 48.071428571428577 75.500000000000014 1.5000000000000002 82.928571428571445 19.722295657546347 1.5000000000000002
decision_type=2 2 2 2 2 2 2 2 2 2 2 2 2 2
left_child=-1 2 11 9 7 6 8 -5 -3 10 -4 13 -13 -2
right_child=1 5 3 4 -6 -7 -8 -9 -10 -11 -12 12 -14 -15
leaf_value=0.0011265802506554442 0.00026458785314362768 -0.00061849494112803686 0.00078630356372195813 -0.000279902775896428 8.7404411868315568e-05 -3.6996486397125284e-05 -0.00072083868790373551 9.1293910521595859e-05 -0.0001048128331080079 -1.9009910750818956e-05 0.00014883009079863434 0.00086653494915036949 0.00012002510497537017 -6.4516436423987285e-05
leaf_weight=25 204 43 39 358 235 241 62 87 199 264 212 42 43 141
leaf_count=25 204 43 39 358 235 241 62 87 199 264 212 42 43 141
internal_value=3.01263e-07 -1.31872e-05 4.54568e-05 -1.14619e-05 -0.000105468 -0.000187806 -0.00030685 -0.00020729 -0.000198257 0.000112627 0.000250607 0.000203298 0.000494676 0.000130287
internal_weight=2195 2170 1625 1195 680 545 304 445 242 515 251 430 85 345
internal_count=2195 2170 1625 1195 680 545 304 445 242 515 251 430 85 345
is_linear=0
shrinkage=0.03


Tree=177
num_leaves=15
num_cat=0
split_feature=12 6 8 0 11 16 18 18 4 4 17 0 0 11
split_gain=0.0349745 0.0232754 0.0154562 0.0112218 0.0111093 0.0102466 0.0168602 0.0131543 0.010396 0.00962065 0.00867144 0.00819288 0.0146439 0.0119489
threshold=1.0000000180025095e-35 3.5000000000000004 5.8000000000000007 1.5000000000000002 72.500000000000014 58.928571428571438 58.583333333333336 68.291666666666671 1.5000000000000002 1.0000000180025095e-35 11.858290248557434 5.5000000000000009 4.5000000000000009 75.500000000000014
decision_type=2 2 2 2 2 2 2 2 2 2 2 2 2 2
left_child=-1 2 3 4 -2 6 8 -7 10 -6 -3 12 13 -5
right_child=1 5 -4 11 9 7 -8 -9 -10 -11 -12 -13 -14 -15
leaf_value=0.0010940827406907025 0.00042717792188598063 0.00036260672230381779 0.00017457684566211891 0.00017096180689315168 0.00048716630479744209 5.9293126226005305e-05 -0.00078476353159683909 -0.00054844093980806836 -0.00035658297163585352 -7.2323160153533331e-05 -0.00018828394680895144 0.00010911739313914123 -0.00037645212156257912 -0.00014945375597103791
leaf_weight=25 84 42 543 155 32 204 52 37 147 170 63 164 159 318
leaf_count=25 84 42 543 155 32 204 52 37 147 170 63 164 159 318
internal_value=3.14725e-07 -1.27844e-05 4.41301e-05 -2.14352e-05 0.00013944 -0.000182254 -0.000297786 -3.58912e-05 -0.000194594 1.82721e-05 3.34143e-05 -7.93396e-05 -0.000128338 -4.43158e-05
internal_weight=2195 2170 1625 1082 286 545 304 241 252 202 105 796 632 473
internal_count=2195 2170 1625 1082 286 545 304 241 252 202 105 796 632 473
is_linear=0
shrinkage=0.03


Tree=178
num_leaves=15
num_cat=0
split_feature=12 6 0 13 13 14 16 15 16 4 12 14 16 13
split_gain=0.0329855 0.0219187 0.014658 0.014559 0.0146182 0.00967 0.00964366 0.0137317 0.00978506 0.00959002 0.0124067 0.0091785 0.00910035 0.0100019
threshold=1.0000000180025095e-35 3.5000000000000004 1.5000000000000002 75.500000000000014 81.500000000000014 50.500000000000007 58.928571428571438 58.500000000000007 48.071428571428577 1.5000000000000002 73.500000000000014 51.500000000000007 70.464285714285737 99.500000000000014
decision_type=2 2 2 2 2 2 2 2 2 2 2 2 2 2
left_child=-1 2 5 9 -5 -2 7 8 -3 10 -4 -10 -6 -14
right_child=1 6 3 4 12 -7 -8 -9 11 -11 -12 -13 13 -15
leaf_value=0.0010625226827911459 -0.00024689249416086367 -0.00059039779424148778 0.00059693520141536284 -0.00037434718073664627 0.00043670586983457076 0.00023841775945898251 -3.4875077088911874e-05 -0.00068402025920693719 0.00014456905401207874 -2.7503770535540935e-05 0.00011841155724015375 -0.00026668476293054529 -0.00016889261057188447 0.0001046249206046923
leaf_weight=25 40 43 63 140 34 390 241 62 83 244 208 116 311 195
leaf_count=25 40 43 63 140 34 390 241 62 83 244 208 116 311 195
internal_value=3.10867e-07 -1.24104e-05 4.28204e-05 -1.12649e-05 -0.000102329 0.000192805 -0.000176866 -0.000288948 -0.000185333 0.000108941 0.000231441 -9.52916e-05 -3.12446e-05 -6.34872e-05
internal_weight=2195 2170 1625 1195 680 430 545 304 242 515 271 199 540 506
internal_count=2195 2170 1625 1195 680 430 545 304 242 515 271 199 540 506
is_linear=0
shrinkage=0.03


Tree=179
num_leaves=15
num_cat=0
split_feature=12 6 7 11 14 4 16 17 7 13 16 12 12 4
split_gain=0.0311097 0.0206409 0.0144719 0.0105417 0.0138383 0.0121777 0.00908971 0.0125012 0.0111391 0.00857727 0.0127832 0.0120257 0.0118699 0.0105105
threshold=1.0000000180025095e-35 3.5000000000000004 14.500000000000002 63.500000000000007 76.500000000000014 1.0000000180025095e-35 62.619047619047628 13.86499532052146 11.000000000000002 75.500000000000014 78.928571428571445 75.500000000000014 52.500000000000007 2.5000000000000004
decision_type=2 2 2 2 2 2 2 2 2 2 2 2 2 2
left_child=-1 2 3 4 -2 -5 8 -8 -3 13 11 12 -11 -7
right_child=1 6 -4 5 -6 9 7 -9 -10 10 -12 -13 -14 -15
leaf_value=0.0010318729949470322 0.00036179703083564704 -0.00046860504473766521 0.00016777322459186989 0.00022118905325094768 -8.4535730689822223e-05 5.3442682490411558e-05 0.00026855438726830895 -0.00027719269439865668 -0.00013191985250577792 -0.00071854348844948722 -6.3247677983973514e-05 -0.0008090205287693867 -5.3453438833778762e-05 -0.00045306520723637991
leaf_weight=25 130 134 543 109 119 301 84 67 260 33 217 48 84 41
leaf_count=25 130 134 543 109 119 301 84 67 260 33 217 48 84 41
internal_value=3.05756e-07 -1.20485e-05 4.15483e-05 -2.1894e-05 0.000149004 -7.30963e-05 -0.000171639 2.61712e-05 -0.000247323 -0.000117646 -0.000215154 -0.00041335 -0.000245543 -8.42288e-06
internal_weight=2195 2170 1625 1082 249 833 545 151 394 724 382 165 117 342
internal_count=2195 2170 1625 1082 249 833 545 151 394 724 382 165 117 342
is_linear=0
shrinkage=0.03


Tree=180
num_leaves=15
num_cat=0
split_feature=6 14 0 0 11 11 18 2 5 11 7 0 17 14
split_gain=0.0246924 0.0437626 0.0178453 0.0286968 0.0129579 0.0150717 0.0134011 0.0120896 0.0384739 0.012017 0.0104882 0.00944783 0.00840481 0.00780609
threshold=1.5000000000000002 50.500000000000007 4.5000000000000009 5.5000000000000009 89.500000000000014 96.000000000000014 77.375000000000014 1.0000000180025095e-35 31.500000000000004 86.500000000000014 11.000000000000002 1.5000000000000002 10.414042207669 45.500000000000007
decision_type=2 2 2 2 2 2 2 2 2 2 2 2 2 2
left_child=1 -1 4 -4 9 6 -6 8 -5 12 -7 -3 -2 -14
right_child=2 11 3 7 5 10 -8 -9 -10 -11 -12 -13 13 -15
leaf_value=0.0013086001211295611 -0.00047285303116950672 0.00031819045367826535 -0.00044522219736543801 -0.0010991875355228268 -0.0001197624629130587 -0.00034214290060882209 -0.00099649248352008213 0.00041920988177875156 8.7452505012387759e-05 0.00048972167651160046 0.00025169301459909081 3.1599802267598729e-05 -0.00014388125661282862 7.9006917269633414e-05
leaf_weight=28 29 142 238 28 29 48 34 52 161 51 58 376 173 755
leaf_count=28 29 142 238 28 29 48 34 52 161 51 58 376 173 755
internal_value=-4.29754e-07 0.00017434 -5.81234e-05 -0.00021229 4.74414e-06 -0.00023756 -0.000601095 1.86322e-05 -9.3206e-05 4.55638e-05 -1.78983e-05 0.000110625 2.14074e-05 3.73454e-05
internal_weight=2202 546 1656 479 1177 169 63 241 189 1008 106 518 957 928
internal_count=2202 546 1656 479 1177 169 63 241 189 1008 106 518 957 928
is_linear=0
shrinkage=0.03


Tree=181
num_leaves=15
num_cat=0
split_feature=6 14 0 0 15 13 16 0 16 17 15 16 15 18
split_gain=0.0232604 0.0412709 0.0167959 0.0269987 0.0115715 0.0112566 0.0108289 0.0115603 0.0106239 0.0107927 0.00952335 0.00929528 0.008427 0.00832044
threshold=1.5000000000000002 50.500000000000007 4.5000000000000009 5.5000000000000009 84.833333333333357 98.500000000000014 102.21428571428574 1.5000000000000002 82.071428571428584 19.722295657546347 74.416666666666671 79.928571428571445 69.500000000000014 79.291666666666671
decision_type=2 2 2 2 2 2 2 2 2 2 2 2 2 2
left_child=1 -1 4 11 5 -2 7 8 -3 -10 -9 -4 -5 -12
right_child=2 6 3 12 -6 -7 -8 10 9 -11 13 -13 -14 -15
leaf_value=0.0012706958242403022 1.0139351780997506e-05 -1.0066617095756139e-05 -0.00052817691017682789 -9.3327800327799566e-05 -0.00033261177593821604 0.00047998757960158398 0.00067076928431874714 0.00038346887006533188 0.00083460512726257242 0.00014816732364124617 -0.00043346568072738588 -6.6740847071153375e-05 0.00029847801154297168 -1.0180322279786934e-05
leaf_weight=28 1046 58 188 173 84 47 28 45 44 39 49 50 68 255
leaf_count=28 1046 58 188 173 84 47 28 45 44 39 49 50 68 255
internal_value=-4.25496e-07 0.0001692 -5.64212e-05 -0.000205986 4.56987e-06 3.07635e-05 0.000107326 7.38292e-05 0.000302042 0.000517666 -1.89711e-05 -0.000431921 1.79998e-05 -7.96047e-05
internal_weight=2202 546 1656 479 1177 1093 518 490 141 83 349 238 241 304
internal_count=2202 546 1656 479 1177 1093 518 490 141 83 349 238 241 304
is_linear=0
shrinkage=0.03


Tree=182
num_leaves=15
num_cat=0
split_feature=4 5 18 5 2 16 4 0 0 2 15 18 6 18
split_gain=0.0246941 0.0442916 0.028859 0.0191087 0.0350533 0.0217778 0.0179187 0.029573 0.0177413 0.0221969 0.0152014 0.0143349 0.0161369 0.0140177
threshold=1.5000000000000002 32.500000000000007 51.583333333333336 31.500000000000004 1.0000000180025095e-35 58.226190476190482 2.5000000000000004 3.5000000000000004 5.5000000000000009 1.0000000180025095e-35 73.166666666666671 90.625000000000014 1.5000000000000002 70.625000000000014
decision_type=2 2 2 2 2 2 2 2 2 2 2 2 2 2
left_child=2 6 -1 4 -4 -5 7 -2 9 10 -9 12 -6 -3
right_child=1 13 3 5 11 -7 -8 8 -10 -11 -12 -13 -14 -15
leaf_value=0.0010125021790635996 0.00043470484948525076 -0.00034480114188385839 -0.00099277950697701013 -0.00036534095272624032 0.00055768824430466014 0.00016299738167910516 -0.00022326792959881649 -0.00029566127841826529 0.0003023138938892987 0.00014501030040926045 -0.0011899734596753943 -0.00057742347413870061 -5.4920577352157893e-05 -0.00093267414766490795
leaf_weight=28 170 234 37 75 45 931 171 44 62 54 28 37 243 43
leaf_count=28 170 234 37 75 45 931 171 44 62 54 28 37 243 43
internal_value=-3.77029e-07 -0.000132498 7.59453e-05 5.60504e-05 -0.000130619 0.000123285 2.85657e-05 0.000149142 -0.000110014 -0.000313688 -0.000654986 -2.9721e-05 4.23981e-05 -0.000439086
internal_weight=2202 806 1396 1368 362 1006 529 358 188 126 72 325 288 277
internal_count=2202 806 1396 1368 362 1006 529 358 188 126 72 325 288 277
is_linear=0
shrinkage=0.03


Tree=183
num_leaves=15
num_cat=0
split_feature=4 5 18 6 16 4 0 0 2 16 5 16 2 18
split_gain=0.0232514 0.0416906 0.0272164 0.0182795 0.0341838 0.0168586 0.0278507 0.0167185 0.0209221 0.0144872 0.013589 0.0150939 0.0164033 0.0142656
threshold=1.5000000000000002 32.500000000000007 51.583333333333336 3.5000000000000004 64.309523809523824 2.5000000000000004 3.5000000000000004 5.5000000000000009 1.0000000180025095e-35 73.214285714285737 32.500000000000007 63.071428571428577 1.0000000180025095e-35 59.375000000000007
decision_type=2 2 2 2 2 2 2 2 2 2 2 2 2 2
left_child=2 5 -1 4 -4 6 -2 8 9 -8 11 12 -5 -14
right_child=1 -3 3 10 -6 -7 7 -9 -10 -11 -12 -13 13 -15
leaf_value=0.00098317452513709143 0.00042173997121209504 -0.00042605135509946442 0.0010494267233811757 -0.0011637841248997457 8.2377442248575652e-05 -0.00021660883155777281 -0.00025539553181650783 0.00029338843460815649 0.00014073908752470742 -0.0011155476597559755 1.621777170246629e-05 9.9509305335232045e-05 0.0001813963228979164 -0.00076273297365144659
leaf_weight=28 170 277 33 30 1027 171 41 62 54 31 183 39 28 28
leaf_count=28 170 277 33 30 1027 171 41 62 54 31 183 39 28 28
internal_value=-3.97878e-07 -0.000128602 7.36614e-05 5.4341e-05 0.000113444 2.76619e-05 0.000144617 -0.000106878 -0.000304594 -0.000635947 -0.000148775 -0.000388537 -0.000608461 -0.000295768
internal_weight=2202 806 1396 1368 1060 529 358 188 126 72 308 125 86 56
internal_count=2202 806 1396 1368 1060 529 358 188 126 72 308 125 86 56
is_linear=0
shrinkage=0.03


Tree=184
num_leaves=15
num_cat=0
split_feature=6 14 0 0 15 4 2 19 16 0 15 16 17 16
split_gain=0.0220976 0.0386821 0.0155318 0.0245685 0.0113821 0.0129823 0.0111262 0.0342686 0.00989345 0.0105585 0.00938703 0.0092841 0.00999826 0.00892857
threshold=1.5000000000000002 50.500000000000007 4.5000000000000009 5.5000000000000009 84.833333333333357 1.0000000180025095e-35 1.0000000180025095e-35 1.0000000180025095e-35 102.21428571428574 1.5000000000000002 74.416666666666671 82.071428571428584 19.722295657546347 80.619047619047635
decision_type=2 2 2 2 2 2 2 2 2 2 2 2 2 2
left_child=1 -1 4 -4 5 -2 7 -5 9 11 -11 -3 -13 -7
right_child=2 8 3 6 -6 13 -8 -9 -10 10 -12 12 -14 -15
leaf_value=0.0012313302981281843 0.0002983320416867773 -8.034513241185223e-07 -0.0004143265598644248 -0.0010418013109151144 -0.00033073106539771233 -3.6658204257373683e-05 0.00039917357491117293 7.8125055243381879e-05 0.00064360054791904979 0.00038385190706974196 -7.5892494718394368e-05 0.00079770148669679956 0.00013720654237840788 0.00030643563183509063
leaf_weight=28 140 58 238 28 84 880 52 161 28 45 304 44 39 73
leaf_count=28 140 58 238 28 84 880 52 161 28 45 304 44 39 73
internal_value=-3.95095e-07 0.000164937 -5.49733e-05 -0.0001988 3.6783e-06 2.96574e-05 1.48769e-05 -9.23999e-05 0.000105032 7.3009e-05 -1.56858e-05 0.000291109 0.000492677 -1.00835e-05
internal_weight=2202 546 1656 479 1177 1093 241 189 518 490 349 141 83 953
internal_count=2202 546 1656 479 1177 1093 241 189 518 490 349 141 83 953
is_linear=0
shrinkage=0.03


Tree=185
num_leaves=15
num_cat=0
split_feature=7 16 18 16 0 0 18 6 2 17 12 17 16 12
split_gain=0.0208995 0.0117123 0.0083905 0.0129566 0.0104825 0.0164244 0.014347 0.0199017 0.0185104 0.0155445 0.0119924 0.0114403 0.0108821 0.0106433
threshold=14.500000000000002 97.142857142857153 88.125000000000014 82.773809523809533 4.5000000000000009 5.5000000000000009 71.375000000000014 3.5000000000000004 1.0000000180025095e-35 18.348932751717999 78.500000000000014 13.692629223385604 70.154761904761912 61.500000000000007
decision_type=2 2 2 2 2 2 2 2 2 2 2 2 2 2
left_child=1 2 3 4 6 -6 7 8 11 -8 13 -1 -13 -9
right_child=-2 -3 -4 -5 5 -7 9 10 -10 -11 -12 12 -14 -15
leaf_value=0.00047207066764760951 0.0001260155133430658 0.0003016009921010078 -0.00028457943741286301 0.00021900153700890338 -0.00047512126740686397 -4.9389163872779418e-05 -0.0003036961284581083 4.7439433613114731e-06 0.00079396604208159256 0.00017604229113742434 0.00048740761354565621 -0.00024982166599365883 0.00042634390667080878 -0.00041901645143980202
leaf_weight=56 741 72 171 132 144 187 245 120 49 80 26 74 29 95
leaf_count=56 741 72 171 132 144 187 245 120 49 80 26 74 29 95
internal_value=-3.94202e-06 -6.90498e-05 -8.82041e-05 -6.08497e-05 -9.44477e-05 -0.000235475 -3.39114e-05 7.59299e-05 0.000290239 -0.000185429 -0.000109469 0.000131011 -5.7176e-05 -0.000183572
internal_weight=2221 1480 1408 1237 1105 331 774 449 208 325 241 159 103 215
internal_count=2221 1480 1408 1237 1105 331 774 449 208 325 241 159 103 215
is_linear=0
shrinkage=0.03


Tree=186
num_leaves=15
num_cat=0
split_feature=7 4 2 4 18 11 16 12 11 0 18 6 16 11
split_gain=0.0196608 0.0139711 0.015328 0.0131437 0.00987644 0.0092744 0.0104933 0.0103853 0.0166892 0.0100991 0.00909017 0.0160755 0.00964327 0.00907115
threshold=14.500000000000002 1.5000000000000002 1.0000000180025095e-35 2.5000000000000004 74.875000000000014 71.500000000000014 97.142857142857153 53.500000000000007 45.500000000000007 4.5000000000000009 88.375000000000014 1.5000000000000002 80.357142857142875 77.500000000000014
decision_type=2 2 2 2 2 2 2 2 2 2 2 2 2 2
left_child=1 5 4 -4 13 7 10 9 -9 -1 11 -7 -13 -3
right_child=-2 2 3 -5 -6 6 -8 8 -10 -11 -12 12 -14 -15
leaf_value=0.0008881932481770114 0.00012224014284750674 -0.00030300909633515402 0.00024444902304417658 -0.00021838656830111008 -0.00063594145376397215 0.00049007435493210016 0.00032065684990292148 -0.00056276392657309763 0.00013478192862013058 9.2867904109880322e-05 -0.00034719789805635426 -0.00019079266922471071 0.00018349074838901102 0.00019419341287105522
leaf_weight=28 741 224 107 112 68 44 55 34 261 29 114 288 78 38
leaf_count=28 741 224 107 112 68 44 55 34 261 29 114 288 78 38
internal_value=-3.80722e-06 -6.6956e-05 -0.000186838 7.83096e-06 -0.00031566 3.8614e-06 -6.99327e-05 0.000125098 5.27572e-05 0.000492132 -0.000111462 -4.52311e-05 -0.000110745 -0.000230432
internal_weight=2221 1480 549 219 330 931 579 352 295 57 524 410 366 262
internal_count=2221 1480 549 219 330 931 579 352 295 57 524 410 366 262
is_linear=0
shrinkage=0.03


Tree=187
num_leaves=15
num_cat=0
split_feature=7 4 5 4 0 0 15 11 11 11 2 6 12 15
split_gain=0.0184987 0.0131556 0.0197145 0.0124049 0.0131772 0.0097012 0.00894982 0.0112716 0.0115853 0.0095479 0.00849495 0.00828046 0.0122944 0.0123273
threshold=14.500000000000002 1.5000000000000002 32.500000000000007 2.5000000000000004 3.5000000000000004 5.5000000000000009 52.500000000000007 45.500000000000007 71.500000000000014 74.500000000000014 1.0000000180025095e-35 1.5000000000000002 37.500000000000007 55.166666666666679
decision_type=2 2 2 2 2 2 2 2 2 2 2 2 2 2
left_child=1 6 3 4 -3 10 -1 -8 -9 -10 -6 -2 -13 -14
right_child=11 2 -4 -5 5 -7 7 8 9 -11 -12 12 13 -15
leaf_value=0.00054200696733055847 0.00029065682293839151 0.00029598866370361064 -0.00043357789333173501 -0.00029434690594262931 -0.00064082485207888696 0.00019353358523345533 -0.00055651971064931294 0.0001609624036870468 -0.0005054056690382173 -3.562402677419525e-05 -2.852794464810618e-06 -0.00056456409601701632 0.00042517948057918276 2.8855290838712262e-05
leaf_weight=26 187 119 184 125 41 46 32 295 41 537 34 26 83 445
leaf_count=26 187 119 184 125 41 46 32 295 41 537 34 26 83 445
internal_value=-3.68743e-06 -6.49414e-05 -0.000181272 -5.32445e-05 7.303e-05 -0.000146872 3.77805e-06 -1.22661e-05 8.29761e-06 -6.9763e-05 -0.000355454 0.000118578 6.00744e-05 9.18422e-05
internal_weight=2221 1480 549 365 240 121 931 905 873 578 75 741 554 528
internal_count=2221 1480 549 365 240 121 931 905 873 578 75 741 554 528
is_linear=0
shrinkage=0.03


Tree=188
num_leaves=15
num_cat=0
split_feature=7 4 5 4 15 11 11 16 11 18 11 18 16 11
split_gain=0.0174119 0.012383 0.0185527 0.0116751 0.00844074 0.0106245 0.0109049 0.009958 0.00862223 0.0122215 0.00990367 0.0114531 0.0201097 0.00835426
threshold=14.500000000000002 1.5000000000000002 32.500000000000007 2.5000000000000004 52.500000000000007 45.500000000000007 71.500000000000014 97.142857142857153 75.500000000000014 88.375000000000014 92.500000000000014 69.583333333333357 80.357142857142875 89.500000000000014
decision_type=2 2 2 2 2 2 2 2 2 2 2 2 2 2
left_child=1 4 3 -3 -1 -6 -7 8 -8 10 11 -10 13 -13
right_child=-2 2 -4 -5 5 6 7 -9 9 -11 -12 12 -14 -15
leaf_value=0.0005263489739607192 0.00011502782668229568 7.0819895587358195e-05 -0.00042064086687231965 -0.00028558657637664249 -0.00054033005028031767 0.00015614984495924373 -0.00049156818857227331 0.00031276189725230912 0.00024924054019114314 -0.00034040194266708566 0.00028283937586351268 -0.00021260288941642541 0.0002541745410070732 -0.00069904912270002948
leaf_weight=26 741 240 184 125 32 295 47 55 71 113 92 88 62 50
leaf_count=26 741 240 184 125 32 295 47 55 71 113 92 88 62 50
internal_value=-3.59161e-06 -6.3019e-05 -0.000175882 -5.16839e-05 3.65201e-06 -1.19291e-05 8.03563e-06 -6.76981e-05 -0.000108229 -6.94268e-05 1.56297e-05 -7.57899e-05 -0.000191842 -0.000392613
internal_weight=2221 1480 549 365 931 905 873 578 523 476 363 271 200 138
internal_count=2221 1480 549 365 931 905 873 578 523 476 363 271 200 138
is_linear=0
shrinkage=0.03


Tree=189
num_leaves=15
num_cat=0
split_feature=7 4 5 4 0 0 18 12 2 12 17 16 2 15
split_gain=0.0163881 0.0116536 0.0174612 0.01099 0.0124094 0.00914074 0.00804851 0.0213942 0.0143628 0.0100484 0.0126923 0.00931749 0.00800334 0.00796073
threshold=14.500000000000002 1.5000000000000002 32.500000000000007 2.5000000000000004 3.5000000000000004 5.5000000000000009 57.375000000000007 47.500000000000007 1.0000000180025095e-35 53.500000000000007 16.297823335795602 55.071428571428577 1.0000000180025095e-35 52.500000000000007
decision_type=2 2 2 2 2 2 2 2 2 2 2 2 2 2
left_child=1 13 3 4 -3 12 8 -8 11 -9 -11 -2 -6 -1
right_child=6 2 -4 -5 5 -7 7 9 -10 10 -12 -13 -14 -15
leaf_value=0.00051114334905933995 -9.0924673248082404e-05 0.00028507610684937391 -0.00040808985357304931 -0.00027708697703755683 -0.00062413184408796954 0.00018577172175703689 -0.00062301493169415105 0.00050986550847972878 0.00086821166777305975 -9.858818005692835e-05 0.0001985019963997088 0.00052568193207428392 -4.833555431105196e-06 -1.1605276346945052e-05
leaf_weight=26 59 119 184 125 41 46 37 51 32 224 304 34 34 905
leaf_count=26 59 119 184 125 41 46 37 51 32 224 304 34 34 905
internal_value=-3.49767e-06 -6.11515e-05 -0.00017064 -5.0151e-05 6.87041e-05 -0.000144684 0.000111582 6.67734e-05 0.000330114 0.000111851 7.25156e-05 0.000137696 -0.000347141 3.52628e-06
internal_weight=2221 1480 549 365 240 121 741 616 125 579 528 93 75 931
internal_count=2221 1480 549 365 240 121 741 616 125 579 528 93 75 931
is_linear=0
shrinkage=0.03


Tree=190
num_leaves=15
num_cat=0
split_feature=13 4 18 7 2 5 4 16 5 18 16 18 18 16
split_gain=0.0289166 0.01797 0.0148434 0.0122129 0.00778674 0.0304135 0.0134438 0.0178736 0.0155747 0.0112404 0.00760268 0.0188712 0.00947842 0.0125163
threshold=1.0000000180025095e-35 1.0000000180025095e-35 46.625000000000007 11.000000000000002 1.0000000180025095e-35 31.500000000000004 1.5000000000000002 73.500000000000014 32.500000000000007 80.125000000000014 58.226190476190482 53.875000000000007 66.375000000000014 74.214285714285737
decision_type=2 2 2 2 2 2 2 2 2 2 2 2 2 2
left_child=-1 -2 -3 -4 5 -5 10 8 -8 -9 11 -7 -12 -14
right_child=1 2 3 4 -6 6 7 9 -10 -11 12 -13 13 -15
leaf_value=0.00079346304157430813 0.00021392468190414805 -0.00068405450612772254 -0.00013869734810205653 -0.00073368406002303414 0.00012690835503480688 0.00038505969491476813 0.0003397558818766344 -0.00089514486514963212 -0.00018926406871985584 -9.0098150928194317e-05 0.00042806846394771606 -0.00068571384382349514 -0.0001955531596296864 0.00020201983137483207
leaf_weight=40 279 31 642 51 422 26 73 39 154 26 90 32 101 236
leaf_count=40 279 31 642 51 422 26 73 39 154 26 90 32 101 236
internal_value=4.06221e-06 -1.06312e-05 -4.33053e-05 -3.24509e-05 2.21845e-05 -3.1278e-05 1.57097e-05 -0.000144821 -1.83947e-05 -0.00057937 0.000112458 -0.000207321 0.000156277 8.26399e-05
internal_weight=2242 2202 1923 1892 1250 828 777 292 227 65 485 58 427 337
internal_count=2242 2202 1923 1892 1250 828 777 292 227 65 485 58 427 337
is_linear=0
shrinkage=0.03


Tree=191
num_leaves=15
num_cat=0
split_feature=12 4 18 7 18 13 11 1 13 13 12 12 14 12
split_gain=0.0286439 0.0165939 0.0141041 0.0119312 0.0064926 0.00633175 0.00900157 0.00577705 0.006074 0.00647108 0.00566422 0.0104515 0.0069979 0.00868604
threshold=1.0000000180025095e-35 1.0000000180025095e-35 46.625000000000007 11.000000000000002 98.291666666666671 67.500000000000014 45.500000000000007 1.0000000180025095e-35 57.500000000000007 90.500000000000014 67.500000000000014 41.500000000000007 64.500000000000014 81.500000000000014
decision_type=2 2 2 2 2 2 2 2 2 2 2 2 2 2
left_child=-1 -2 -3 7 5 10 -7 -4 -9 -10 11 -5 -12 -14
right_child=1 2 3 4 -6 6 -8 8 9 -11 12 -13 13 -15
leaf_value=0.00094065265585507819 0.00020752986244094375 -0.00066417416455806229 -7.5091422014728383e-05 -0.00022970710490798494 0.00048498336141670329 -0.00053123207260134884 -2.2931170954796049e-05 9.344454335335354e-06 -0.00046581130486745865 6.3567458777330236e-05 0.00018398935183212102 0.00027917217184104102 -0.00030952281939686688 8.9226023317314689e-05
leaf_weight=28 279 31 454 43 26 32 632 51 116 25 118 212 96 99
leaf_count=28 279 31 454 43 26 32 632 51 116 25 118 212 96 99
internal_value=3.92532e-06 -8.3406e-06 -3.95572e-05 -2.90442e-05 2.47805e-05 1.4683e-05 -4.81896e-05 -0.000133737 -0.000271302 -0.000372163 8.81374e-05 0.000192799 2.52746e-06 -0.000107659
internal_weight=2242 2214 1935 1904 1258 1232 664 646 192 141 568 255 313 195
internal_count=2242 2214 1935 1904 1258 1232 664 646 192 141 568 255 313 195
is_linear=0
shrinkage=0.03


Tree=192
num_leaves=15
num_cat=0
split_feature=6 18 11 18 4 14 4 16 11 11 18 18 16 16
split_gain=0.0166888 0.0659166 0.0167537 0.018571 0.0216505 0.0184826 0.0158084 0.0165772 0.0155353 0.0143383 0.0116676 0.0110942 0.0100434 0.00997142
threshold=3.5000000000000004 55.875000000000007 45.500000000000007 68.291666666666671 1.5000000000000002 76.500000000000014 1.0000000180025095e-35 80.357142857142875 93.500000000000014 89.500000000000014 86.125000000000014 102.62500000000001 78.309523809523824 65.214285714285737
decision_type=2 2 2 2 2 2 2 2 2 2 2 2 2 2
left_child=1 -1 -3 4 5 -4 12 8 9 -8 -9 -12 -5 -6
right_child=-2 2 3 6 13 -7 7 10 -10 -11 11 -13 -14 -15
leaf_value=0.0014204493545055871 -0.00014205991860595206 -0.00069051574977869491 0.00085423058031812763 0.0006668314968977172 -9.8369170211380655e-05 5.8673023127734529e-05 -0.00014480614004009024 0.00023835677854448374 0.00030099309896468182 -0.00057177780723446112 -0.00012217556358254196 0.0005190762182206122 0.00012726718734733627 0.00033010538102750509
leaf_weight=30 536 28 73 37 133 41 491 215 59 82 241 26 174 76
leaf_count=30 536 28 73 37 133 41 491 215 59 82 241 26 174 76
internal_value=3.80703e-06 4.96926e-05 2.4324e-05 3.68808e-05 0.000240475 0.000571107 -1.28941e-05 -5.80349e-05 -0.000158993 -0.000206798 7.43968e-05 -5.80277e-05 0.000224582 5.82697e-05
internal_weight=2242 1706 1676 1648 323 114 1325 1114 632 573 482 267 211 209
internal_count=2242 1706 1676 1648 323 114 1325 1114 632 573 482 267 211 209
is_linear=0
shrinkage=0.03


Tree=193
num_leaves=15
num_cat=0
split_feature=12 0 8 16 6 18 16 14 16 15 17 11 17 17
split_gain=0.0265464 0.0166706 0.0128644 0.0127039 0.0107688 0.0102473 0.0155924 0.0100937 0.00910335 0.00883409 0.00904909 0.0080905 0.0074053 0.00727208
threshold=1.0000000180025095e-35 1.0000000180025095e-35 5.8000000000000007 62.619047619047628 3.5000000000000004 69.125000000000014 76.500000000000014 76.500000000000014 81.928571428571445 58.833333333333336 13.60147050873505 89.500000000000014 18.819946167732713 20.606286571917362
decision_type=2 2 2 2 2 2 2 2 2 2 2 2 2 2
left_child=-1 8 3 4 -3 7 -7 -5 11 -6 -11 -2 -10 -4
right_child=1 2 13 5 9 6 -8 -9 12 10 -12 -13 -14 -15
leaf_value=0.00090550840093657882 0.00018375116955701235 8.1968113001243303e-05 3.7101916357340448e-05 0.00025587005509850112 -0.00025150691525476729 -0.0002941055509083006 -7.1844146598013221e-06 -0.00016856616265002925 0.00091944350699822491 -0.00099246830097399642 -0.00024571323235755295 -0.00034893636194314678 0.00018686363527684499 0.00038957519479661891
leaf_weight=28 226 57 578 163 144 251 527 72 25 35 26 28 25 57
leaf_count=28 226 57 578 163 144 251 527 72 25 35 26 28 25 57
internal_value=3.72955e-06 -8.07872e-06 -4.09475e-05 -9.58684e-05 -0.000281663 -4.75844e-05 -0.00010001 0.000125667 0.00019789 -0.000382678 -0.000683276 0.000123892 0.000564 6.9304e-05
internal_weight=2242 2214 1910 1275 262 1013 778 235 304 205 61 254 50 635
internal_count=2242 2214 1910 1275 262 1013 778 235 304 205 61 254 50 635
is_linear=0
shrinkage=0.03


Tree=194
num_leaves=15
num_cat=0
split_feature=12 0 16 7 16 2 19 15 18 17 0 0 14 17
split_gain=0.0250306 0.0157004 0.0122039 0.0131937 0.0108069 0.010636 0.0232004 0.00958825 0.0102587 0.00847259 0.00733998 0.0162837 0.00838627 0.0102049
threshold=1.0000000180025095e-35 1.0000000180025095e-35 100.64285714285715 11.000000000000002 61.309523809523817 1.0000000180025095e-35 1.0000000180025095e-35 58.833333333333336 55.125000000000007 14.985707476506365 5.5000000000000009 4.5000000000000009 62.500000000000007 14.504514524882604
decision_type=2 2 2 2 2 2 2 2 2 2 2 2 2 2
left_child=-1 5 3 4 7 6 -2 8 -3 -6 11 -5 13 -12
right_child=1 2 -4 10 9 -7 -8 -9 -10 -11 12 -13 -14 -15
leaf_value=0.00087927987863277565 -0.00056910950410383522 -0.00053757557403878308 0.00047232206497006341 3.230324463285822e-05 4.8935693576559661e-05 0.0004943896098232542 0.0002263274077983898 -0.00083063786064362696 0.00019829342933371663 -0.00020001663431923041 5.1081921119475732e-05 -0.00026457185210788985 4.5808794731233634e-05 0.00080543478252366181
leaf_weight=28 39 39 40 798 196 77 188 36 29 328 31 209 171 33
leaf_count=28 39 39 40 798 196 77 188 36 29 328 31 209 171 33
internal_value=3.62638e-06 -7.8398e-06 -3.97379e-05 -5.09376e-05 -0.000162882 0.000192046 8.77697e-05 -0.000440836 -0.000225423 -0.000106981 5.75118e-06 -2.95137e-05 0.00015635 0.000446452
internal_weight=2242 2214 1910 1870 628 304 227 104 68 524 1242 1007 235 64
internal_count=2242 2214 1910 1870 628 304 227 104 68 524 1242 1007 235 64
is_linear=0
shrinkage=0.03


Tree=195
num_leaves=15
num_cat=0
split_feature=4 13 2 4 18 16 14 15 16 0 0 16 18 16
split_gain=0.0147356 0.0319981 0.0252895 0.0216621 0.0190023 0.0155476 0.0123861 0.0107456 0.00854734 0.00836128 0.0122662 0.00896663 0.0085504 0.010583
threshold=1.5000000000000002 36.500000000000007 1.0000000180025095e-35 2.5000000000000004 74.875000000000014 76.357142857142875 40.500000000000007 48.833333333333336 79.785714285714292 1.5000000000000002 5.5000000000000009 100.64285714285715 86.291666666666671 79.642857142857153
decision_type=2 2 2 2 2 2 2 2 2 2 2 2 2 2
left_child=1 -1 4 5 7 -4 -5 -2 -6 -3 11 12 13 -11
right_child=2 9 3 6 8 -7 -8 -9 -10 10 -12 -13 -14 -15
leaf_value=0.001086121825630673 -0.00054909742712933452 0.00016366386707567131 0.00076402023986024269 -0.00072392556357145723 -0.00087617820897531386 0.00014161113360185279 -1.9453562291649479e-05 -8.2329518232842833e-05 -0.00028674682569024816 -0.00010269843332306985 0.00020838317250088562 0.00043640293195721823 -0.0002609870908638405 0.00017814334518591161
leaf_weight=26 50 374 54 26 51 107 134 347 41 416 197 31 173 169
leaf_count=26 50 374 54 26 51 107 134 347 41 416 197 31 173 169
internal_value=4.03049e-06 6.34256e-05 -9.75541e-05 0.000109139 -0.000233182 0.000353797 -0.000137716 -0.000142348 -0.000619405 4.30904e-05 -2.7638e-06 -5.56807e-05 -7.63539e-05 -2.14008e-05
internal_weight=2196 1386 810 321 489 161 160 397 92 1360 986 789 758 585
internal_count=2196 1386 810 321 489 161 160 397 92 1360 986 789 758 585
is_linear=0
shrinkage=0.03


Tree=196
num_leaves=15
num_cat=0
split_feature=4 13 5 4 0 5 2 0 2 18 17 0 13 16
split_gain=0.0138821 0.0301781 0.0284002 0.0185239 0.0226246 0.0181057 0.0347666 0.0173697 0.0200947 0.0160584 0.0156919 0.014555 0.0144095 0.0118337
threshold=1.5000000000000002 36.500000000000007 32.500000000000007 2.5000000000000004 3.5000000000000004 31.500000000000004 1.0000000180025095e-35 5.5000000000000009 1.0000000180025095e-35 70.625000000000014 15.014278164332039 5.5000000000000009 44.500000000000007 70.619047619047635
decision_type=2 2 2 2 2 2 2 2 2 2 2 2 2 2
left_child=1 -1 3 4 13 6 -3 8 10 -4 -6 -8 -5 -2
right_child=2 5 9 12 7 -7 11 -9 -10 -11 -12 -13 -14 -15
leaf_value=0.0010547449848511152 0.00070842280908774613 -0.0010138861089315566 -0.00024592362630642615 -0.00085678556144961877 -0.00013108434913856152 0.0001061098706446436 -0.00011669123961200638 0.00032586990839127562 0.00017383335311832421 -0.00089238383341580627 -0.0010038414950339267 0.00050945936977912331 -0.00010370228574246022 0.00019480614517250973
leaf_weight=26 69 36 232 26 36 1011 276 66 53 40 38 37 152 98
leaf_count=26 69 36 232 26 36 1011 276 66 53 40 38 37 152 98
internal_value=3.91063e-06 6.15598e-05 -9.46879e-05 3.17182e-05 0.00015539 4.18115e-05 -0.000144222 -6.58745e-05 -0.000270414 -0.000343912 -0.000586666 -4.12867e-05 -0.000217875 0.000409973
internal_weight=2196 1386 810 538 360 1360 349 193 127 272 74 313 178 167
internal_count=2196 1386 810 538 360 1360 349 193 127 272 74 313 178 167
is_linear=0
shrinkage=0.03


Tree=197
num_leaves=15
num_cat=0
split_feature=6 16 13 18 12 2 4 5 13 17 12 12 16 18
split_gain=0.0157981 0.0514322 0.0186217 0.0141458 0.0171878 0.017067 0.0122434 0.0236194 0.0109777 0.0104652 0.0095303 0.0115656 0.00800716 0.00798149
threshold=3.5000000000000004 58.226190476190482 36.500000000000007 68.291666666666671 51.500000000000007 1.0000000180025095e-35 1.5000000000000002 32.500000000000007 50.500000000000007 13.02926992228584 57.500000000000007 65.500000000000014 65.214285714285737 55.375000000000007
decision_type=2 2 2 2 2 2 2 2 2 2 2 2 2 2
left_child=1 -1 -2 5 -5 6 7 -3 -4 -6 -10 13 -8 -12
right_child=2 3 8 4 9 -7 12 -9 10 -11 11 -13 -14 -15
leaf_value=0.0011404550176590228 -0.00080702849394375721 -0.0001980627947845138 0.00010376126076660639 -0.00058349871200489547 -0.00044329990011528539 0.00068296916605719486 -0.00017964205804008355 0.00076321934268650546 -4.1409661228836546e-05 1.7712224097763345e-05 -0.00033552757933434538 -0.00014335910772717976 0.00025864798339575321 -0.0010214571109522254
leaf_weight=37 34 38 171 46 45 54 122 56 177 1210 33 90 53 30
leaf_count=37 34 38 171 46 45 54 122 56 177 1210 33 90 53 30
internal_value=3.77568e-06 4.94488e-05 -0.000137852 2.39056e-05 -2.02509e-05 0.000201276 0.000102408 0.000376622 -9.09219e-05 8.42124e-07 -0.000191812 -0.000364408 -4.61874e-05 -0.000673017
internal_weight=2196 1661 535 1624 1301 323 269 94 501 1255 330 153 175 63
internal_count=2196 1661 535 1624 1301 323 269 94 501 1255 330 153 175 63
is_linear=0
shrinkage=0.03


Tree=198
num_leaves=15
num_cat=0
split_feature=6 18 13 18 2 4 14 17 13 11 16 11 13 13
split_gain=0.0148893 0.0491344 0.0175517 0.0148678 0.0176152 0.0126087 0.0172624 0.0110932 0.0103403 0.00835976 0.0107497 0.0102816 0.00979985 0.00979322
threshold=3.5000000000000004 55.875000000000007 36.500000000000007 68.291666666666671 1.0000000180025095e-35 1.5000000000000002 76.500000000000014 13.02926992228584 50.500000000000007 54.500000000000007 71.928571428571445 75.500000000000014 75.500000000000014 55.500000000000007
decision_type=2 2 2 2 2 2 2 2 2 2 2 2 2 2
left_child=1 -1 -2 4 5 6 -3 -5 -4 10 -9 12 13 -11
right_child=2 3 8 7 -6 -7 -8 9 -10 11 -12 -13 -14 -15
leaf_value=0.0012720335172168138 -0.00078350939706433556 0.00069078024665702932 0.00010066652237667789 -0.00046226578814509726 0.00069603163927835828 -3.8881000960589243e-05 -0.00014154266105227483 5.6295859583769922e-05 -0.00018619718699483201 -6.6994551659351395e-05 -0.00063810606515489335 -4.236052423351142e-05 5.0482988317321796e-05 0.00056989474939454538
leaf_weight=28 34 60 171 48 54 182 35 39 330 30 40 803 266 76
leaf_count=28 34 60 171 48 54 182 35 39 330 30 40 803 266 76
internal_value=3.65167e-06 4.79917e-05 -0.000133842 2.62382e-05 0.000205448 0.00010765 0.000385855 -1.94439e-05 -8.82801e-05 -2.13893e-06 -0.000298881 1.80495e-05 0.000148215 0.000390702
internal_weight=2196 1661 535 1633 331 277 95 1302 501 1254 79 1175 372 106
internal_count=2196 1661 535 1633 331 277 95 1302 501 1254 79 1175 372 106
is_linear=0
shrinkage=0.03


Tree=199
num_leaves=15
num_cat=0
split_feature=6 16 15 4 5 14 5 11 0 15 16 14 18 16
split_gain=0.0140227 0.0472287 0.0129914 0.0154851 0.0160348 0.0137876 0.0138485 0.0126787 0.0112248 0.0104522 0.0105489 0.0138973 0.00971848 0.0133333
threshold=3.5000000000000004 58.226190476190482 72.833333333333357 1.5000000000000002 32.500000000000007 72.500000000000014 32.500000000000007 36.500000000000007 1.0000000180025095e-35 75.166666666666671 71.619047619047635 58.500000000000007 70.625000000000014 76.500000000000014
decision_type=2 2 2 2 2 2 2 2 2 2 2 2 2 2
left_child=1 -1 3 5 -5 -3 -7 -2 -4 12 -11 -12 -10 -14
right_child=7 2 8 4 -6 6 -8 -9 9 10 11 -13 13 -15
leaf_value=0.0010920588727917914 -0.00075160582990585164 0.00060815664562171386 0.00023164762828567224 0.00019708936312184228 -0.00023704536189325152 -0.00017647045517258126 0.00040628990627737948 -9.541921499847962e-05 4.8768199534000208e-05 0.00054504835337866099 -0.00037564863288881126 2.1452981896940263e-06 -0.00066521744183354226 1.9578312595303244e-05
leaf_weight=37 27 92 122 168 139 67 79 508 53 27 100 662 77 38
leaf_count=37 27 92 122 168 139 67 79 508 53 27 100 662 77 38
internal_value=3.55682e-06 4.6587e-05 2.21104e-05 0.000141362 3.95298e-07 0.000322434 0.000139478 -0.000129876 -3.81982e-05 -7.28045e-05 -2.69074e-05 -4.78613e-05 -0.000286923 -0.000440719
internal_weight=2196 1661 1624 545 307 238 146 535 1079 957 789 762 168 115
internal_count=2196 1661 1624 545 307 238 146 535 1079 957 789 762 168 115
is_linear=0
shrinkage=0.03


Tree=200
num_leaves=15
num_cat=0
split_feature=0 0 6 17 15 11 11 13 17 11 6 13 5 14
split_gain=0.0203772 0.0190257 0.012123 0.0240805 0.0130431 0.0119447 0.00923031 0.011378 0.00760362 0.00754976 0.0102847 0.00816951 0.00709332 0.0116191
threshold=4.5000000000000009 5.5000000000000009 1.5000000000000002 15.0625677345865 84.500000000000014 41.500000000000007 71.500000000000014 92.500000000000014 16.763054614240257 74.500000000000014 3.5000000000000004 89.500000000000014 31.500000000000004 61.500000000000007
decision_type=2 2 2 2 2 2 2 2 2 2 2 2 2 2
left_child=2 8 3 -1 5 -4 -7 9 -2 10 -8 -11 13 -3
right_child=1 12 4 -5 -6 6 7 -9 -10 11 -12 -13 -14 -15
leaf_value=0.0010592363503787461 -0.0004347304164540623 0.00029076613663860102 -0.00041470413020921538 0.00013131261196583978 -0.00032634906192966314 0.00013624010375746078 1.2640279060828366e-05 0.0005306467585313809 -0.0001391097289350633 4.3742006379388556e-06 -0.00080053593044105006 -0.00053731947723362184 0.00011874618128370326 -0.00037223164414990604
leaf_weight=26 186 33 50 380 98 569 27 28 137 348 28 26 209 79
leaf_count=26 186 33 50 380 98 569 27 28 137 348 28 26 209 79
internal_value=-5.87574e-06 -0.000147981 5.21025e-05 0.000193193 3.18681e-06 3.34755e-05 5.56991e-05 -4.46591e-05 -0.00031016 -8.3355e-05 -0.000408243 -3.46161e-05 1.56653e-05 -0.00017604
internal_weight=2224 644 1580 406 1174 1076 1026 457 323 429 55 374 321 112
internal_count=2224 644 1580 406 1174 1076 1026 457 323 429 55 374 321 112
is_linear=0
shrinkage=0.03


Tree=201
num_leaves=15
num_cat=0
split_feature=0 0 6 17 18 4 2 5 4 17 17 13 13 17
split_gain=0.019177 0.0179077 0.0114218 0.0227162 0.0131761 0.0122025 0.00859344 0.0467046 0.00766316 0.00715621 0.00671718 0.00651796 0.0100499 0.00708599
threshold=4.5000000000000009 5.5000000000000009 1.5000000000000002 15.0625677345865 88.625000000000014 1.0000000180025095e-35 1.0000000180025095e-35 31.500000000000004 2.5000000000000004 16.763054614240257 10.564991605251302 76.500000000000014 92.500000000000014 18.291293791622341
decision_type=2 2 2 2 2 2 2 2 2 2 2 2 2 2
left_child=2 9 3 -1 5 -4 7 -3 10 -2 -7 -5 13 -13
right_child=1 6 4 11 -6 8 -8 -9 -10 -11 -12 12 -14 -15
leaf_value=0.0010286361918163797 -0.00042175824387262966 -0.00098074891953729097 0.00028784338345639812 0.00030288779649307847 -0.00048910941274717774 -0.00039259580951849264 0.00030407364185521142 0.00011520075831296187 -0.00026090915821738904 -0.00013496667945139999 3.1408801646553096e-05 -3.9712439470735013e-05 0.00017185712548285791 -0.00062882008684229929
leaf_weight=26 186 41 137 126 46 34 71 209 100 137 857 58 170 26
leaf_count=26 186 41 137 126 46 34 71 209 100 137 857 58 170 26
internal_value=-5.70946e-06 -0.000143566 5.05355e-05 0.000187485 3.05559e-06 2.35416e-05 1.51988e-05 -6.77263e-05 -1.32499e-05 -0.000300908 1.48071e-05 0.000127384 3.9476e-05 -0.000227308
internal_weight=2224 644 1580 406 1174 1128 321 250 991 323 891 380 254 84
internal_count=2224 644 1580 406 1174 1128 321 250 991 323 891 380 254 84
is_linear=0
shrinkage=0.03


Tree=202
num_leaves=15
num_cat=0
split_feature=6 16 11 14 14 4 14 18 14 17 18 14 2 7
split_gain=0.0140611 0.0312071 0.0173079 0.0123572 0.0204895 0.011046 0.00910003 0.00862621 0.0112021 0.00927709 0.00873908 0.00828828 0.0143596 0.00695402
threshold=1.5000000000000002 70.773809523809533 36.500000000000007 89.500000000000014 92.500000000000014 2.5000000000000004 49.500000000000007 88.625000000000014 87.500000000000014 16.791437727377115 73.375000000000014 62.500000000000007 1.0000000180025095e-35 14.500000000000002
decision_type=2 2 2 2 2 2 2 2 2 2 2 2 2 2
left_child=1 -1 -2 5 -5 7 -7 8 9 13 -11 12 -3 -4
right_child=2 11 3 4 -6 6 -8 -9 -10 10 -12 -13 -14 -15
leaf_value=0.0010491749769343803 -0.00072974185194735501 -0.00061042767352773801 -8.054426542715563e-05 -0.00062848541612402188 -6.5102616492306677e-06 -0.00066440067252433678 -0.0001106556804910669 -0.00044272953117823426 0.00046590950001980391 0.0005157260287004256 8.1655593295470102e-05 0.00011660119880828698 0.0002297969053581576 8.6537353176697104e-05
leaf_weight=30 32 39 650 79 118 36 98 34 51 55 166 462 33 341
leaf_count=30 32 39 650 79 118 36 98 34 51 55 166 462 33 341
internal_value=-5.5531e-06 0.000123729 -4.95258e-05 -3.57157e-05 -0.000257846 -4.97722e-06 -0.000263242 2.18878e-05 3.47357e-05 1.62231e-05 0.000191519 6.98735e-05 -0.000227452 -2.30227e-05
internal_weight=2224 564 1660 1628 197 1431 134 1297 1263 1212 221 534 72 991
internal_count=2224 564 1660 1628 197 1431 134 1297 1263 1212 221 534 72 991
is_linear=0
shrinkage=0.03


Tree=203
num_leaves=15
num_cat=0
split_feature=0 0 6 16 15 11 14 16 2 11 13 2 5 11
split_gain=0.0180767 0.0167681 0.0101521 0.0267257 0.0118264 0.0107064 0.0105708 0.00989257 0.00896653 0.00864951 0.0105082 0.00809589 0.0438173 0.00702006
threshold=4.5000000000000009 5.5000000000000009 1.5000000000000002 72.071428571428584 84.500000000000014 41.500000000000007 62.500000000000007 53.357142857142868 1.0000000180025095e-35 71.500000000000014 92.500000000000014 1.0000000180025095e-35 31.500000000000004 73.500000000000014
decision_type=2 2 2 2 2 2 2 2 2 2 2 2 2 2
left_child=2 -2 3 -1 5 7 8 -4 -5 -7 13 12 -3 -11
right_child=1 11 4 6 -6 9 -8 -9 -10 10 -12 -13 -14 -15
leaf_value=0.0010107263154850443 -0.00029149303863286387 -0.00095044602656603927 3.3744910117373088e-05 -0.00061453739868386854 -0.00030934376947257215 0.00013229139032773675 0.00017450048833979451 -0.00080076425121380728 0.00012927589547221682 -0.00046387239395139309 0.000510052599229625 0.00029477998662817603 0.00011108874085558844 -4.1617747006335883e-05
leaf_weight=31 323 41 25 30 98 569 318 25 27 38 28 71 209 391
leaf_count=31 323 41 25 30 98 569 318 25 27 38 28 71 209 391
internal_value=-5.39632e-06 -0.00013924 4.92112e-05 0.000178324 4.44672e-06 3.32868e-05 0.000107007 -0.000391029 -0.000266051 5.43256e-05 -4.28246e-05 1.43915e-05 -6.6096e-05 -8.0012e-05
internal_weight=2224 644 1580 406 1174 1076 375 50 57 1026 457 321 250 429
internal_count=2224 644 1580 406 1174 1076 375 50 57 1026 457 321 250 429
is_linear=0
shrinkage=0.03


Tree=204
num_leaves=15
num_cat=0
split_feature=1 6 17 18 4 15 11 18 11 11 18 12 12 6
split_gain=0.0170148 0.00956066 0.0203208 0.0115891 0.0111941 0.00897724 0.00809036 0.0098276 0.00938473 0.00877085 0.0123149 0.0122395 0.0145862 0.00778121
threshold=1.0000000180025095e-35 1.5000000000000002 15.0625677345865 88.625000000000014 1.0000000180025095e-35 47.833333333333336 41.500000000000007 51.875000000000007 71.500000000000014 78.500000000000014 66.875000000000014 57.500000000000007 63.500000000000007 3.5000000000000004
decision_type=2 2 2 2 2 2 2 2 2 2 2 2 2 2
left_child=1 2 -1 4 -3 -2 7 -6 -8 13 -11 -12 -13 -10
right_child=5 3 -4 -5 6 -7 8 -9 9 10 11 12 -14 -15
leaf_value=0.00096857096294924192 -0.00064222808671183878 0.00027664556235401465 0.00011619477140876248 -0.00045728713274002076 4.3260905465733509e-05 -0.00011018446689884915 9.7082972418151593e-05 -0.00078815470412127279 -0.00014781990851324441 0.00057350215706748937 -0.00047510858864852171 0.00046180526137521322 -0.00011147515745817567 -0.00063145577969589797
leaf_weight=26 29 137 380 46 25 615 500 25 123 30 50 54 145 39
leaf_count=26 29 137 380 46 25 615 500 25 123 30 50 54 145 39
internal_value=-5.24894e-06 4.77303e-05 0.000173026 4.28933e-06 2.35009e-05 -0.000135102 -1.17385e-05 -0.00037975 8.1981e-06 -9.257e-05 9.54266e-06 -6.04265e-05 4.56196e-05 -0.00026741
internal_weight=2224 1580 406 1174 1128 644 991 50 941 441 279 249 199 162
internal_count=2224 1580 406 1174 1128 644 991 50 941 441 279 249 199 162
is_linear=0
shrinkage=0.03


Tree=205
num_leaves=15
num_cat=0
split_feature=6 14 12 14 14 14 7 4 18 18 5 16 5 18
split_gain=0.0161236 0.0753391 0.0175511 0.00958832 0.0198937 0.0114214 0.00807188 0.00697971 0.0126694 0.00987394 0.0217597 0.00811541 0.00753989 0.00585751
threshold=1.5000000000000002 48.500000000000007 36.500000000000007 89.500000000000014 90.500000000000014 87.500000000000014 14.500000000000002 1.5000000000000002 86.291666666666671 71.708333333333357 32.500000000000007 100.64285714285715 32.500000000000007 70.875000000000014
decision_type=2 2 2 2 2 2 2 2 2 2 2 2 2 2
left_child=1 -1 -2 5 -5 6 13 8 12 -9 -11 -10 -3 -4
right_child=2 7 3 4 -6 -7 -8 9 11 10 -12 -13 -14 -15
leaf_value=0.0017034547686881315 -0.00063086152928782259 0.00013144754407124872 -2.8726030944840178e-05 -0.00084678080331426688 -8.6015364530986081e-05 0.00038597575751453877 7.0534761924002256e-05 0.00027285564974162673 -5.0647556922420227e-05 1.0613521668087091e-05 -0.00079098393508632259 0.00046887897328199487 0.00065765492485499839 -0.00018873757992265397
leaf_weight=25 46 46 582 38 151 60 446 50 212 111 41 30 53 318
leaf_count=25 46 46 582 38 151 60 446 50 212 111 41 30 53 318
internal_value=-1.17732e-05 0.000125855 -5.94582e-05 -4.25939e-05 -0.000242625 -1.55515e-05 -3.37235e-05 5.02238e-05 0.000132862 -8.92462e-05 -0.000209363 1.54211e-05 0.000416914 -8.54102e-05
internal_weight=2209 568 1641 1595 189 1406 1346 543 341 202 152 242 99 900
internal_count=2209 568 1641 1595 189 1406 1346 543 341 202 152 242 99 900
is_linear=0
shrinkage=0.03


Tree=206
num_leaves=15
num_cat=0
split_feature=4 5 13 5 4 0 16 0 0 16 18 17 16 18
split_gain=0.0156431 0.0277988 0.0252094 0.0185441 0.0172687 0.0242926 0.0125445 0.0116618 0.0102249 0.0111631 0.0124416 0.015404 0.00982191 0.0126088
threshold=1.5000000000000002 32.500000000000007 36.500000000000007 31.500000000000004 2.5000000000000004 1.0000000180025095e-35 74.928571428571445 5.5000000000000009 1.5000000000000002 61.226190476190482 68.291666666666671 16.226814945369835 90.464285714285737 86.125000000000014
decision_type=2 2 2 2 2 2 2 2 2 2 2 2 2 2
left_child=2 4 -1 -4 5 -2 -3 8 -5 -10 -11 -12 13 -13
right_child=1 6 3 7 -6 -7 -8 -9 9 10 11 12 -14 -15
leaf_value=0.00097579739933000649 0.00084270168724357895 -0.00028761237330112826 -0.00015545826481746708 0.00020587762677658556 -0.00022001421164405621 4.8774947464855491e-05 -0.00098176579913482635 0.00034501310718858768 -0.00041428272759443829 0.00034470384394491864 -0.00036201642191158228 7.9143535463639423e-05 0.00031357040516276043 -0.00042522898802170686
leaf_weight=25 38 265 349 276 186 315 25 146 56 91 101 182 96 58
leaf_count=25 38 265 349 276 186 315 25 146 56 91 101 182 96 58
internal_value=-1.14053e-05 -0.000114332 5.0463e-05 3.26834e-05 1.32141e-05 0.000136379 -0.000350621 9.80428e-05 5.57632e-05 -1.54119e-05 2.75958e-05 -3.90744e-05 5.87866e-05 -4.40052e-05
internal_weight=2209 829 1380 1355 539 353 290 1006 860 584 528 437 336 240
internal_count=2209 829 1380 1355 539 353 290 1006 860 584 528 437 336 240
is_linear=0
shrinkage=0.03


Tree=207
num_leaves=15
num_cat=0
split_feature=6 14 12 14 14 14 14 13 13 18 13 11 11 17
split_gain=0.0151632 0.0706101 0.016875 0.00909029 0.0187124 0.0105955 0.00768339 0.00815038 0.0111397 0.0149272 0.010187 0.00662522 0.00820648 0.00836228
threshold=1.5000000000000002 48.500000000000007 36.500000000000007 89.500000000000014 90.500000000000014 87.500000000000014 41.500000000000007 67.500000000000014 77.500000000000014 68.291666666666671 41.500000000000007 76.500000000000014 70.500000000000014 21.353598648620114
decision_type=2 2 2 2 2 2 2 2 2 2 2 2 2 2
left_child=1 -1 -2 5 -5 6 -4 10 -9 -10 -8 12 -3 -14
right_child=2 11 3 4 -6 -7 7 8 9 -11 -12 -13 13 -15
leaf_value=0.0016496921154276396 -0.00061759125902020233 6.2523512298948432e-05 -0.00025596463590161871 -0.00082147689123443198 -8.3642916148451871e-05 0.00037230023144759606 -0.00033932530550587485 -0.00023671777779676374 0.00036655146284448524 -8.9402963067641391e-05 0.00010327528995629211 -2.7440689832384495e-05 0.00085074580017605722 0.00011894354577854192
leaf_weight=25 46 133 124 38 151 60 50 257 85 259 571 354 28 28
leaf_count=25 46 133 124 38 151 60 50 257 85 259 571 354 28 28
internal_value=-1.1059e-05 0.000122407 -5.73021e-05 -4.07664e-05 -0.000235533 -1.44363e-05 -3.19393e-05 -9.01607e-06 -8.76986e-05 2.39961e-05 6.71509e-05 4.91869e-05 0.000192101 0.000493351
internal_weight=2209 568 1641 1595 189 1406 1346 1222 601 344 621 543 189 56
internal_count=2209 568 1641 1595 189 1406 1346 1222 601 344 621 543 189 56
is_linear=0
shrinkage=0.03


Tree=208
num_leaves=15
num_cat=0
split_feature=6 18 11 18 2 12 12 12 12 11 11 18 12 14
split_gain=0.0145847 0.0519486 0.015884 0.0184857 0.0141797 0.0139396 0.00797509 0.0109871 0.0137091 0.0109253 0.0166364 0.00795283 0.0105982 0.00757116
threshold=3.5000000000000004 55.875000000000007 45.500000000000007 68.291666666666671 1.0000000180025095e-35 36.500000000000007 54.500000000000007 75.500000000000014 92.500000000000014 64.500000000000014 59.500000000000007 68.291666666666671 78.500000000000014 91.500000000000014
decision_type=2 2 2 2 2 2 2 2 2 2 2 2 2 2
left_child=1 -1 -3 4 -4 -2 -5 13 9 10 -9 12 -7 -8
right_child=5 2 3 6 -6 11 7 8 -10 -11 -12 -13 -14 -15
leaf_value=0.0012705004587769508 -0.00074318650623106147 -0.00065111780574625302 0.00013854540900633182 -0.00027726091422872353 0.00067701000349600538 -0.00011026176192323432 0.00022981885652513507 -0.00015523519586381821 7.7417797638032509e-05 -0.00028603840281811839 0.00050475965684239311 -0.00050754347060829761 0.00044722269691357556 -5.3682353143479837e-05
leaf_weight=29 32 31 265 104 52 441 241 135 344 288 45 40 32 130
leaf_count=29 32 31 265 104 52 441 241 135 344 288 45 40 32 130
internal_value=-1.07129e-05 3.34152e-05 1.07098e-05 2.38984e-05 0.000228725 -0.00014526 -2.66907e-05 -4.44698e-06 -6.62349e-05 -0.000171766 1.16406e-05 -0.000106589 -7.16822e-05 0.000130602
internal_weight=2209 1664 1635 1604 317 545 1287 1183 812 468 180 513 473 371
internal_count=2209 1664 1635 1604 317 545 1287 1183 812 468 180 513 473 371
is_linear=0
shrinkage=0.03


Tree=209
num_leaves=15
num_cat=0
split_feature=6 16 12 18 11 11 11 11 7 11 6 18 16 17
split_gain=0.0139994 0.0620333 0.0150766 0.00829373 0.00685336 0.00719131 0.00680201 0.00836804 0.00658983 0.00645816 0.00606331 0.00834165 0.0129299 0.0100496
threshold=1.5000000000000002 68.928571428571445 36.500000000000007 88.625000000000014 76.500000000000014 120.00000000000001 106.50000000000001 105.50000000000001 14.500000000000002 55.500000000000007 3.5000000000000004 73.875000000000014 75.928571428571445 18.949175562838338
decision_type=2 2 2 2 2 2 2 2 2 2 2 2 2 2
left_child=1 -1 -2 8 9 6 7 -6 10 -3 11 -4 -13 -14
right_child=2 4 3 -5 5 -7 -8 -9 -10 -11 -12 12 13 -15
leaf_value=0.0015493878186232624 -0.0005844101279062476 -0.00020009567288892163 8.6151061232158093e-05 -0.00044070156003969408 -6.289502176770034e-05 0.00035769231487602852 -0.00035051356339863558 0.00049501052417326712 5.7870084404722347e-05 0.00027582093013728395 -0.0001747535588311769 -0.00039038845510977146 7.8456103922873774e-05 -0.00051856831370467504
leaf_weight=25 46 30 335 44 232 38 63 26 533 154 343 110 202 28
leaf_count=25 46 30 335 44 232 38 63 26 533 154 343 110 202 28
internal_value=-1.03839e-05 0.000117858 -5.48171e-05 -3.9187e-05 4.92227e-05 -2.71448e-05 -7.36712e-05 -4.97782e-06 -2.75199e-05 0.000197564 -7.22409e-05 -1.99678e-05 -0.000124472 3.84462e-06
internal_weight=2209 568 1641 1595 543 359 321 258 1551 184 1018 675 340 230
internal_count=2209 568 1641 1595 543 359 321 258 1551 184 1018 675 340 230
is_linear=0
shrinkage=0.03


Tree=210
num_leaves=15
num_cat=0
split_feature=0 0 18 12 12 13 16 14 11 16 12 12 15 0
split_gain=0.011112 0.0256118 0.0161235 0.023069 0.0218061 0.016837 0.0112063 0.0111889 0.00811862 0.0118372 0.0118155 0.0124806 0.0153237 0.00933016
threshold=4.5000000000000009 5.5000000000000009 56.625000000000007 51.500000000000007 44.500000000000007 51.500000000000007 53.785714285714292 76.500000000000014 75.500000000000014 58.071428571428577 75.500000000000014 55.500000000000007 70.166666666666671 1.5000000000000002
decision_type=2 2 2 2 2 2 2 2 2 2 2 2 2 2
left_child=2 -2 3 5 -4 -1 -3 -8 9 -6 11 12 -10 -12
right_child=1 6 4 -5 8 -7 7 -9 10 -11 13 -13 -14 -15
leaf_value=0.0013324141207461556 -0.00028206720075162289 -0.00048348499037924092 -0.00059207724002189937 1.8748357667845994e-05 -0.00034862238506320862 0.00037600779849565288 0.00031708298161586005 -4.2775945966186916e-05 0.00018394978629904642 0.00016236168572923574 7.865555690365966e-05 0.0002040187460354193 -0.00049212247598916291 -0.00025830036140987505
leaf_weight=26 321 27 49 91 43 46 160 150 58 572 108 269 61 231
leaf_count=26 321 27 49 91 43 46 160 150 58 572 108 269 61 231
internal_value=1.25462e-05 -9.07011e-05 5.62937e-05 0.000337637 2.31065e-05 0.000734898 9.18746e-05 0.00014338 4.59927e-05 0.000126126 -2.1876e-05 9.10707e-05 -0.000163821 -0.000151036
internal_weight=2212 658 1554 163 1391 72 337 310 1342 615 727 388 119 339
internal_count=2212 658 1554 163 1391 72 337 310 1342 615 727 388 119 339
is_linear=0
shrinkage=0.03


Tree=211
num_leaves=15
num_cat=0
split_feature=4 2 16 4 16 16 14 19 2 16 6 16 6 16
split_gain=0.0126567 0.0260649 0.0254706 0.0219595 0.0169973 0.0156785 0.0111725 0.0100678 0.0189624 0.0119344 0.0135616 0.0116062 0.0244578 0.0156568
threshold=1.5000000000000002 1.0000000180025095e-35 73.690476190476204 2.5000000000000004 53.071428571428577 75.928571428571445 39.500000000000007 1.0000000180025095e-35 1.0000000180025095e-35 89.214285714285737 1.5000000000000002 72.154761904761912 3.5000000000000004 69.928571428571445
decision_type=2 2 2 2 2 2 2 2 2 2 2 2 2 2
left_child=4 2 -2 5 -1 -3 -5 8 -6 10 -10 12 13 -12
right_child=1 3 -4 6 7 -7 -8 -9 9 -11 11 -13 -14 -15
leaf_value=0.00079965601858150747 -0.00010999153215773275 0.00075473172703468812 -0.0006458413208601996 -0.00066210298076400465 -0.00075723507688106855 0.00015311474899166476 -1.2131704064433588e-05 0.00010211470978843393 0.00061675360233389906 -0.00043460549725055255 0.0011659386748215184 -0.00024350795488995073 -0.00017678225636840437 0.00017120223517849809
leaf_weight=27 399 58 99 28 33 117 133 991 34 50 26 109 77 31
leaf_count=27 399 58 99 28 33 117 133 991 34 50 26 109 77 31
internal_value=1.21721e-05 -8.00128e-05 -0.000217597 0.000123947 6.79823e-05 0.000355663 -0.000128559 5.2779e-05 -8.29379e-05 -1.27884e-05 6.46414e-05 -1.482e-05 0.000171628 0.000637221
internal_weight=2212 834 498 336 1378 175 161 1351 360 327 277 243 134 57
internal_count=2212 834 498 336 1378 175 161 1351 360 327 277 243 134 57
is_linear=0
shrinkage=0.03


Tree=212
num_leaves=15
num_cat=0
split_feature=4 5 18 4 0 0 2 16 16 5 2 18 16 13
split_gain=0.0119163 0.026472 0.0193462 0.0175055 0.0229684 0.0174817 0.0175705 0.0151447 0.0127701 0.0111161 0.0172926 0.0150664 0.0104473 0.0123794
threshold=1.5000000000000002 32.500000000000007 51.583333333333336 2.5000000000000004 3.5000000000000004 5.5000000000000009 1.0000000180025095e-35 73.690476190476204 74.928571428571445 31.500000000000004 1.0000000180025095e-35 89.875000000000014 66.071428571428584 56.500000000000007
decision_type=2 2 2 2 2 2 2 2 2 2 2 2 2 2
left_child=2 3 -1 4 12 6 7 -6 -3 10 -4 -12 13 -2
right_child=1 8 9 -5 5 -7 -8 -9 -10 -11 11 -13 -14 -15
leaf_value=0.0008465484528902119 0.0012373651432482382 -0.00024677818409985473 -0.00072706665790506773 -0.00019821753436220508 -0.00017264680016169001 0.00033358948802261317 0.00012452060388750397 -0.0010461471895475618 -0.00094676710978651836 0.00010130451017588958 5.3824721071449544e-05 -0.00055509383690410428 0.00025950553779904476 0.00029642078372287667
leaf_weight=27 25 261 34 179 40 67 59 32 25 994 282 41 120 26
leaf_count=27 25 261 34 179 40 67 59 32 25 994 282 41 120 26
internal_value=1.18167e-05 -7.76312e-05 6.59699e-05 4.45352e-05 0.000162511 -5.75179e-05 -0.000258562 -0.000569882 -0.000311052 4.97553e-05 -9.36561e-05 -2.4943e-05 0.000416134 0.000772593
internal_weight=2212 834 1378 548 369 198 131 72 286 1351 357 323 171 51
internal_count=2212 834 1378 548 369 198 131 72 286 1351 357 323 171 51
is_linear=0
shrinkage=0.03


Tree=213
num_leaves=15
num_cat=0
split_feature=4 5 18 4 0 0 2 16 16 5 2 18 16 13
split_gain=0.0112131 0.0249321 0.0182468 0.0164819 0.0216512 0.0164712 0.0165597 0.0142774 0.0120533 0.0104709 0.0162981 0.0141953 0.0098626 0.0116758
threshold=1.5000000000000002 32.500000000000007 51.583333333333336 2.5000000000000004 3.5000000000000004 5.5000000000000009 1.0000000180025095e-35 73.690476190476204 74.928571428571445 31.500000000000004 1.0000000180025095e-35 89.875000000000014 66.071428571428584 56.500000000000007
decision_type=2 2 2 2 2 2 2 2 2 2 2 2 2 2
left_child=2 3 -1 4 12 6 7 -6 -3 10 -4 -12 13 -2
right_child=1 8 9 -5 5 -7 -8 -9 -10 -11 11 -13 -14 -15
leaf_value=0.00082205901857897905 0.0012016719264479783 -0.00023940309558633823 -0.00070587786107457107 -0.00019230403881131979 -0.00016759373459336065 0.00032372897733426616 0.0001208472446014639 -0.0010157138081690804 -0.00091945651651118303 9.8268430670811339e-05 5.2215684083530627e-05 -0.00053883752155733022 0.00025178470941851581 0.00028785751408172975
leaf_weight=27 25 261 34 179 40 67 59 32 25 994 282 41 120 26
leaf_count=27 25 261 34 179 40 67 59 32 25 994 282 41 120 26
internal_value=1.14536e-05 -7.53151e-05 6.39847e-05 4.32447e-05 0.000157719 -5.5907e-05 -0.000251054 -0.000553286 -0.000301845 4.82376e-05 -9.09493e-05 -2.42412e-05 0.000403963 0.0007503
internal_weight=2212 834 1378 548 369 198 131 72 286 1351 357 323 171 51
internal_count=2212 834 1378 548 369 198 131 72 286 1351 357 323 171 51
is_linear=0
shrinkage=0.03


Tree=214
num_leaves=15
num_cat=0
split_feature=4 5 18 4 0 0 2 16 18 5 2 18 15 6
split_gain=0.0105514 0.0234818 0.0172098 0.0155182 0.0204096 0.0155192 0.0156071 0.0134598 0.0115227 0.00986309 0.0153609 0.0133745 0.00981563 0.00957421
threshold=1.5000000000000002 32.500000000000007 51.583333333333336 2.5000000000000004 3.5000000000000004 5.5000000000000009 1.0000000180025095e-35 73.690476190476204 70.625000000000014 31.500000000000004 1.0000000180025095e-35 89.875000000000014 61.166666666666679 1.5000000000000002
decision_type=2 2 2 2 2 2 2 2 2 2 2 2 2 2
left_child=2 3 -1 4 12 6 7 -6 -3 10 -4 13 -2 -12
right_child=1 8 9 -5 5 -7 -8 -9 -10 -11 11 -13 -14 -15
leaf_value=0.00079827803934417064 0.00091988317629632848 -0.00020989841024183313 -0.00068530656558661053 -0.0001865669743262212 -0.00016268855369672543 0.00031415993183412971 0.00011728225168189965 -0.0009861657806587488 -0.00073466773218630501 9.5323338566469194e-05 0.00044674314744517449 -0.00052305727533946212 0.00029186656440636908 -2.6112984893540265e-05
leaf_weight=27 26 242 34 179 40 67 59 32 44 994 45 41 145 237
leaf_count=27 26 242 34 179 40 67 59 32 44 994 45 41 145 237
internal_value=1.11015e-05 -7.30682e-05 6.20592e-05 4.19917e-05 0.000153069 -5.43412e-05 -0.000243763 -0.000537174 -0.000292911 4.67662e-05 -8.83208e-05 -2.3559e-05 0.000392147 5.06548e-05
internal_weight=2212 834 1378 548 369 198 131 72 286 1351 357 323 171 282
internal_count=2212 834 1378 548 369 198 131 72 286 1351 357 323 171 282
is_linear=0
shrinkage=0.03


Tree=215
num_leaves=15
num_cat=0
split_feature=6 16 14 14 14 14 12 13 6 14 14 13 18 12
split_gain=0.0120537 0.0532608 0.0121582 0.0131926 0.0142449 0.00819347 0.00773545 0.00992704 0.00907666 0.00877005 0.00810335 0.0073075 0.00679385 0.00912784
threshold=1.5000000000000002 68.642857142857153 41.500000000000007 89.500000000000014 92.500000000000014 87.500000000000014 62.500000000000007 62.500000000000007 3.5000000000000004 74.500000000000014 51.500000000000007 60.500000000000007 56.375000000000007 77.500000000000014
decision_type=2 2 2 2 2 2 2 2 2 2 2 2 2 2
left_child=1 -1 12 5 -5 6 8 -8 9 11 -10 -4 -2 -14
right_child=2 -3 3 4 -6 -7 7 -9 10 -11 -12 -13 13 -15
leaf_value=0.0014525926574312437 -2.9019286256220382e-05 6.139676135734599e-05 0.0008125235493151615 -0.00056395944810356017 -3.2225318723719506e-05 0.00036762834014371034 5.9136372547918863e-05 -0.00016536472411599623 0.00023207494172215536 1.640553605409527e-06 -0.00013313483733621138 0.00026168677318795964 -0.00061775325343314499 2.9246680496726183e-05
leaf_weight=25 58 525 25 74 115 59 343 365 75 108 194 145 70 27
leaf_count=25 58 525 25 74 115 59 343 365 75 108 194 145 70 27
internal_value=5.58512e-06 0.000127154 -3.47948e-05 -8.62425e-06 -0.00024229 2.51439e-05 8.76316e-06 -5.66722e-05 9.34071e-05 0.0002133 -3.08281e-05 0.00034697 -0.000286883 -0.0004392
internal_weight=2208 550 1658 1503 189 1314 1255 708 547 278 269 170 155 97
internal_count=2208 550 1658 1503 189 1314 1255 708 547 278 269 170 155 97
is_linear=0
shrinkage=0.03


Tree=216
num_leaves=15
num_cat=0
split_feature=6 16 14 14 14 4 14 16 14 12 13 6 14 11
split_gain=0.0113526 0.0502374 0.0114512 0.0124251 0.0134143 0.0092897 0.0079585 0.015617 0.00771625 0.00728517 0.00934196 0.00854778 0.00826101 0.00800345
threshold=1.5000000000000002 68.642857142857153 41.500000000000007 89.500000000000014 92.500000000000014 2.5000000000000004 33.500000000000007 70.464285714285737 87.500000000000014 62.500000000000007 62.500000000000007 3.5000000000000004 74.500000000000014 62.500000000000007
decision_type=2 2 2 2 2 2 2 2 2 2 2 2 2 2
left_child=1 -1 5 8 -5 6 7 -2 9 11 -11 12 -4 -12
right_child=2 -3 3 4 -6 -7 -8 -9 -10 10 13 -13 -14 -15
leaf_value=0.0014106909611571329 0.0005236542248680695 5.9558360284178191e-05 0.00033674941953346175 -0.00054726624818868003 -3.1266887770094588e-05 -0.00070944368298764206 -0.00039888406309182751 -0.00041567655466496941 0.00035678330447990445 5.7367438274563615e-05 -3.2437671690053344e-05 -2.9892303988971329e-05 1.591793750092353e-06 -0.00031441429893960278
leaf_weight=25 33 525 170 74 115 34 59 29 59 343 200 269 108 165
leaf_count=25 33 525 170 74 115 34 59 29 59 343 200 269 108 165
internal_value=5.44115e-06 0.000123422 -3.37469e-05 -8.34876e-06 -0.000235115 -0.000278395 -0.000152452 8.46658e-05 2.44223e-05 8.52579e-06 -5.49765e-05 9.06692e-05 0.000207017 -0.000160417
internal_weight=2208 550 1658 1503 189 155 121 62 1314 1255 708 547 278 365
internal_count=2208 550 1658 1503 189 155 121 62 1314 1255 708 547 278 365
is_linear=0
shrinkage=0.03


Tree=217
num_leaves=15
num_cat=0
split_feature=6 16 13 11 16 2 4 12 11 11 12 12 17 12
split_gain=0.0108225 0.0435731 0.0124208 0.00961614 0.00743592 0.0213627 0.0142375 0.0124217 0.0131016 0.0148448 0.0075249 0.00901678 0.00866298 0.00729491
threshold=3.5000000000000004 58.071428571428577 36.500000000000007 45.500000000000007 70.380952380952394 1.0000000180025095e-35 2.5000000000000004 51.500000000000007 55.500000000000007 75.500000000000014 60.500000000000007 46.500000000000007 15.42647598432376 75.500000000000014
decision_type=2 2 2 2 2 2 2 2 2 2 2 2 2 2
left_child=1 -1 -2 -3 5 10 -7 -6 -9 -10 11 -5 -13 -11
right_child=2 3 -4 4 7 6 -8 8 9 13 -12 12 -14 -15
leaf_value=0.0010474392196384112 -0.00070441365390433929 -0.00046512506105500501 -7.6110683869647056e-05 -9.9516103665033969e-05 -0.00056190175732730749 0.00099858078707161188 0.00021176005047891523 -0.00028041281958247698 0.00022270077865438283 7.754362548862552e-05 -9.3495439843815461e-05 0.00081392627457276944 9.5204497141117652e-05 -0.00010849373848031972
leaf_weight=37 29 35 514 44 34 37 47 123 303 343 180 30 30 422
leaf_count=37 29 35 514 44 34 37 47 123 303 343 180 30 30 422
internal_value=5.28154e-06 4.32151e-05 -0.0001109 1.97628e-05 3.07015e-05 0.000148761 0.000566006 -4.8569e-06 1.15034e-05 4.53538e-05 2.3797e-05 0.00022576 0.000462017 -2.50886e-05
internal_weight=2208 1665 543 1628 1593 368 84 1225 1191 1068 284 104 60 765
internal_count=2208 1665 543 1628 1593 368 84 1225 1191 1068 284 104 60 765
is_linear=0
shrinkage=0.03


Tree=218
num_leaves=15
num_cat=0
split_feature=12 4 2 19 4 16 0 16 16 18 13 13 16 18
split_gain=0.00929823 0.00810167 0.00688035 0.0335742 0.0133329 0.0135369 0.00828004 0.00765453 0.00790228 0.00702095 0.00651601 0.0176912 0.00705514 0.0128086
threshold=1.0000000180025095e-35 1.0000000180025095e-35 1.0000000180025095e-35 1.0000000180025095e-35 1.5000000000000002 73.214285714285737 1.0000000180025095e-35 65.214285714285737 63.154761904761912 68.125000000000014 71.500000000000014 73.500000000000014 80.357142857142875 77.375000000000014
decision_type=2 2 2 2 2 2 2 2 2 2 2 2 2 2
left_child=-1 -2 3 -3 10 7 -4 8 -6 -9 -5 -12 13 -13
right_child=1 2 6 4 5 -7 -8 9 -10 -11 11 12 -14 -15
leaf_value=0.00051280352898174896 0.00015052579511945252 -0.00067611788576629663 0.0003476377823924897 0.00014983609120527568 -9.1415644180870001e-05 -0.00047584545684062064 1.5987893900656212e-05 0.0004078525779246143 -0.00057111723295141315 -7.693011981609743e-05 -0.00078576760232233647 8.0131641168099336e-05 0.00016671356638508074 -0.00042042923664910271
leaf_weight=31 272 75 76 339 223 92 565 48 35 59 25 130 168 70
leaf_count=31 272 75 76 339 223 92 565 48 35 59 25 130 168 70
internal_value=5.13773e-06 -2.32345e-06 -2.42151e-05 -6.47994e-05 -2.57028e-05 -0.000152668 5.57901e-05 -7.01321e-05 -0.000158445 0.000142305 5.36639e-05 -2.94634e-05 2.39061e-05 -9.62847e-05
internal_weight=2208 2177 1905 1264 1189 457 641 365 258 107 732 393 368 200
internal_count=2208 2177 1905 1264 1189 457 641 365 258 107 732 393 368 200
is_linear=0
shrinkage=0.03


Tree=219
num_leaves=15
num_cat=0
split_feature=12 4 7 16 15 18 14 16 18 16 16 13 17 14
split_gain=0.00876641 0.00762708 0.00588837 0.005939 0.0101849 0.00955107 0.0107962 0.00937595 0.00897369 0.0115122 0.00777214 0.00564778 0.0070239 0.00830542
threshold=1.0000000180025095e-35 1.0000000180025095e-35 14.500000000000002 64.928571428571445 61.500000000000007 70.875000000000014 85.000000000000014 79.071428571428584 86.125000000000014 83.464285714285737 59.500000000000007 53.500000000000007 16.994396835708091 88.500000000000014
decision_type=2 2 2 2 2 2 2 2 2 2 2 2 2 2
left_child=-1 -2 3 4 -3 6 -5 -7 9 -9 -6 -4 13 -13
right_child=1 2 11 5 10 7 -8 8 -10 -11 -12 12 -14 -15
leaf_value=0.00049790018296334891 0.0001460265639008747 -4.8988361396001903e-05 0.00023093218565875195 0.00025470097912897631 -0.00077932770065217475 -0.00020766713499776189 -0.00025166221745166696 -5.5205095889375244e-06 -0.00011709754295229827 0.00049963615851993375 -0.00023890078022958226 -1.7187653855370641e-05 0.00015484188076658504 -0.00046031091634424892
leaf_weight=31 272 267 125 181 31 276 47 111 193 63 102 283 183 43
leaf_count=31 272 267 125 181 31 276 47 111 193 63 102 283 183 43
internal_value=4.9664e-06 -2.27825e-06 -2.3519e-05 -6.07552e-05 -0.000156295 -1.67506e-05 0.000149676 -7.59042e-05 2.34823e-05 0.000179191 -0.000369741 5.11077e-05 6.58026e-06 -7.68654e-05
internal_weight=2208 2177 1905 1271 400 871 228 643 367 174 133 634 509 326
internal_count=2208 2177 1905 1271 400 871 228 643 367 174 133 634 509 326
is_linear=0
shrinkage=0.03


Tree=220
num_leaves=15
num_cat=0
split_feature=0 18 2 12 0 11 17 4 17 17 17 19 2 18
split_gain=0.0111537 0.0195232 0.0289398 0.02157 0.0195117 0.00630785 0.00626965 0.00599699 0.00600156 0.00710807 0.00901819 0.00589648 0.0309415 0.00530443
threshold=4.5000000000000009 56.625000000000007 1.0000000180025095e-35 43.500000000000007 5.5000000000000009 41.500000000000007 11.444482923842051 1.0000000180025095e-35 12.432675841161865 12.893889275369188 13.12667219774354 1.0000000180025095e-35 1.0000000180025095e-35 61.125000000000007
decision_type=2 2 2 2 2 2 2 2 2 2 2 2 2 2
left_child=1 2 5 -3 -2 -1 -7 -5 -9 -10 -11 12 -6 -12
right_child=4 3 -4 7 11 6 -8 8 9 10 13 -13 -14 -15
leaf_value=-0.00025403144888969109 -0.00026834507330074597 -0.00061975298175697237 0.00098539599663629998 0.0001817599956684804 -0.000799275740181866 -5.2754758238201823e-05 0.00043781229081105264 -0.00027532335396244888 0.00041611679964762515 -0.00047198444443946586 0.00029593228640179838 0.00015076160035290296 0.00024517383007912789 7.2722403518070225e-06
leaf_weight=31 313 46 46 208 38 40 55 63 39 33 60 221 73 944
leaf_count=31 313 46 46 208 38 40 55 63 39 33 60 221 73 944
internal_value=6.09637e-06 4.93609e-05 0.000349937 1.2023e-05 -9.87928e-05 0.000112012 0.00023286 3.40419e-05 6.93039e-06 2.36967e-05 8.5517e-06 6.13819e-05 -0.000116329 2.48001e-05
internal_weight=2210 1565 172 1393 645 126 95 1347 1139 1076 1037 332 111 1004
internal_count=2210 1565 172 1393 645 126 95 1347 1139 1076 1037 332 111 1004
is_linear=0
shrinkage=0.03


Tree=221
num_leaves=15
num_cat=0
split_feature=0 18 2 12 0 16 16 0 12 17 13 12 11 16
split_gain=0.0105009 0.0183922 0.0272679 0.0203208 0.0183573 0.00707515 0.00584421 0.00576016 0.0073638 0.00790358 0.0069283 0.0113358 0.00794257 0.00635671
threshold=4.5000000000000009 56.625000000000007 1.0000000180025095e-35 43.500000000000007 5.5000000000000009 54.500000000000007 101.92857142857144 1.0000000180025095e-35 71.500000000000014 21.483104182233792 75.500000000000014 74.500000000000014 75.500000000000014 82.071428571428584
decision_type=2 2 2 2 2 2 2 2 2 2 2 2 2 2
left_child=1 2 5 -3 -2 -1 7 13 -9 10 11 -10 -12 -5
right_child=4 3 -4 6 -6 -7 -8 8 9 -11 12 -13 -14 -15
leaf_value=-5.6547007513132944e-05 -0.00026032035500587195 -0.00060155597478250399 0.00095646307969953805 8.1958726318084185e-05 5.9504142764699861e-05 0.00041102451532303046 0.00045431858388273496 9.3005143347079752e-05 -0.00058550798633534996 0.00024468455741457132 -6.4622501230533443e-05 4.548259516206527e-05 -0.00038894149965606627 0.00047957382211461663
leaf_weight=82 313 46 46 188 332 44 28 420 27 65 150 301 124 44
leaf_count=82 313 46 46 188 332 44 28 420 27 65 150 301 124 44
internal_value=5.91319e-06 4.78926e-05 0.000339633 1.16523e-05 -9.58602e-05 0.000108683 3.30241e-05 2.37433e-05 -5.26638e-06 -6.71931e-05 -0.000101218 -8.08049e-06 -0.000212275 0.000159103
internal_weight=2210 1565 172 1393 645 126 1347 1319 1087 667 602 328 274 232
internal_count=2210 1565 172 1393 645 126 1347 1319 1087 667 602 328 274 232
is_linear=0
shrinkage=0.03


Tree=222
num_leaves=15
num_cat=0
split_feature=0 18 2 12 0 16 4 16 11 11 16 14 11 16
split_gain=0.00988455 0.0173305 0.0256892 0.0191442 0.0172758 0.00666565 0.00562103 0.00551126 0.00558901 0.0151543 0.00875363 0.00743424 0.00668055 0.00579399
threshold=4.5000000000000009 56.625000000000007 1.0000000180025095e-35 43.500000000000007 5.5000000000000009 54.500000000000007 2.5000000000000004 101.92857142857144 89.500000000000014 92.500000000000014 76.357142857142875 57.500000000000007 87.500000000000014 58.071428571428577
decision_type=2 2 2 2 2 2 2 2 2 2 2 2 2 2
left_child=1 2 5 -3 -2 -1 -6 8 12 -10 -11 -12 13 -5
right_child=4 3 -4 7 6 -7 -8 -9 9 10 11 -13 -14 -15
leaf_value=-5.4871036051506043e-05 -0.00025253562055793991 -0.00058389326808305374 0.00092837970592378775 -0.00028518319426043689 9.5513428694026572e-05 0.00039896780250516412 -0.00034170267702048193 0.00044115901550334269 -0.00040522614730512129 0.00056066608316121763 -0.00047841644032554806 4.1148467126832759e-05 0.00041367348763109792 6.0355302482062612e-05
leaf_weight=82 313 46 46 45 304 44 28 28 93 25 27 215 45 869
leaf_count=82 313 46 46 45 304 44 28 28 93 25 27 215 45 869
internal_value=5.74758e-06 4.64763e-05 0.000329671 1.12975e-05 -9.29938e-05 0.000105506 5.77244e-05 3.20414e-05 2.30289e-05 -7.7622e-05 3.75736e-05 -1.85498e-05 6.08538e-05 4.30499e-05
internal_weight=2210 1565 172 1393 645 126 332 1347 1319 360 267 242 959 914
internal_count=2210 1565 172 1393 645 126 332 1347 1319 360 267 242 959 914
is_linear=0
shrinkage=0.03


Tree=223
num_leaves=15
num_cat=0
split_feature=0 18 2 12 0 11 17 5 2 4 17 17 17 5
split_gain=0.00930629 0.0163301 0.024202 0.0180357 0.016255 0.0058605 0.00550134 0.00541508 0.0291699 0.00526067 0.00550558 0.00666098 0.00838636 0.00563877
threshold=4.5000000000000009 56.625000000000007 1.0000000180025095e-35 43.500000000000007 5.5000000000000009 41.500000000000007 11.444482923842051 31.500000000000004 1.0000000180025095e-35 1.0000000180025095e-35 12.432675841161865 12.893889275369188 13.12667219774354 32.500000000000007
decision_type=2 2 2 2 2 2 2 2 2 2 2 2 2 2
left_child=1 2 5 -3 -2 -1 -7 8 -6 -5 -11 -12 -13 -14
right_child=4 3 -4 9 7 6 -8 -9 -10 10 11 12 13 -15
leaf_value=-0.00025032114614987222 -0.00024498367843213143 -0.0005667491730840064 0.00090112089365225359 0.00016944036295171827 -0.00077741670545387583 -4.8623903450079076e-05 0.00041091887052191716 0.00014162954596277149 0.00023669807052765219 -0.0002646421491044748 0.00040163289596966935 -0.00045629976591204892 8.5876432535915358e-05 -5.7169321789351175e-05
leaf_weight=31 313 46 46 208 38 40 55 221 73 63 39 33 561 443
leaf_count=31 313 46 46 208 38 40 55 221 73 63 39 33 561 443
internal_value=5.58245e-06 4.51019e-05 0.000320002 1.09535e-05 -9.02271e-05 0.000102422 0.000218936 5.59705e-05 -0.000114318 3.10879e-05 5.69597e-06 2.17553e-05 7.09555e-06 2.27655e-05
internal_weight=2210 1565 172 1393 645 126 95 332 111 1347 1139 1076 1037 1004
internal_count=2210 1565 172 1393 645 126 95 332 111 1347 1139 1076 1037 1004
is_linear=0
shrinkage=0.03


Tree=224
num_leaves=15
num_cat=0
split_feature=12 7 16 4 5 5 2 16 15 6 4 16 2 11
split_gain=0.00931041 0.00684349 0.00720848 0.00461415 0.0130955 0.00830264 0.0151998 0.007264 0.00709911 0.00698551 0.0068498 0.00644772 0.00993025 0.00460826
threshold=1.0000000180025095e-35 11.000000000000002 50.642857142857146 1.5000000000000002 32.500000000000007 31.500000000000004 1.0000000180025095e-35 72.154761904761912 64.500000000000014 3.5000000000000004 2.5000000000000004 75.642857142857153 1.0000000180025095e-35 89.500000000000014
decision_type=2 2 2 2 2 2 2 2 2 2 2 2 2 2
left_child=-1 2 -2 5 10 6 -3 9 -6 -8 11 -5 -13 -4
right_child=1 3 13 4 8 -7 7 -9 -10 -11 -12 12 -14 -15
leaf_value=0.00053031320043373843 -0.0005671647561785693 -0.00072056133111392891 -9.5375227637584361e-06 0.00030345428599420384 -0.00011816890438261908 0.00012935833907410602 0.00050916094363492447 -0.00014740924468481496 -0.00053169744505592259 -1.5715694945457572e-05 -0.00011613568251111971 -0.00040901896916644499 0.00019713919645857433 -0.00017826045614741061
leaf_weight=29 25 28 504 131 124 684 39 113 53 53 117 36 70 204
leaf_count=29 25 28 504 131 124 684 39 113 53 53 117 36 70 204
internal_value=5.41065e-06 -1.80864e-06 -7.64389e-05 3.5997e-05 -3.43377e-05 7.67182e-05 -7.77057e-05 1.31706e-05 -0.000244285 0.000209869 7.10286e-05 0.000163526 -1.06245e-05 -5.83355e-05
internal_weight=2210 2181 733 1448 531 917 233 205 177 92 354 237 106 708
internal_count=2210 2181 733 1448 531 917 233 205 177 92 354 237 106 708
is_linear=0
shrinkage=0.03


Tree=225
num_leaves=15
num_cat=0
split_feature=6 16 13 4 16 2 16 13 16 16 2 14 14 18
split_gain=0.0144168 0.0377713 0.00933928 0.00844559 0.0287556 0.0156722 0.0139908 0.0176851 0.0130986 0.00805878 0.0116622 0.0102673 0.0101648 0.00790771
threshold=3.5000000000000004 57.500000000000007 36.500000000000007 1.5000000000000002 63.357142857142868 1.0000000180025095e-35 67.464285714285737 52.500000000000007 73.214285714285737 70.464285714285737 1.0000000180025095e-35 54.500000000000007 76.500000000000014 68.291666666666671
decision_type=2 2 2 2 2 2 2 2 2 2 2 2 2 2
left_child=1 -1 -2 4 -3 8 -7 -8 -5 10 12 -11 -6 -4
right_child=2 3 13 5 9 6 7 -9 -10 11 -12 -13 -14 -15
leaf_value=0.001099236180423759 -0.00064031107084144509 0.0010250624440543887 -6.9154142885902324e-05 -7.1447502595059194e-05 0.00028562825651640784 0.00075247677999349045 -0.00069502509011027335 0.00013846962824756766 -0.00046623479696588927 -0.0003477685133839259 0.00072189654805697499 4.6543983332302328e-05 -0.00040269111346990231 -0.00051952090625969791
leaf_weight=29 30 27 466 254 67 27 25 192 107 63 36 832 26 37
leaf_count=29 30 27 466 254 67 27 25 192 107 63 36 832 26 37
internal_value=1.22463e-06 4.4249e-05 -0.000134619 2.51218e-05 7.6498e-05 -6.41075e-05 0.00012132 3.96972e-05 -0.000189427 5.05114e-05 0.000271233 1.84308e-05 9.09581e-05 -0.000103248
internal_weight=2218 1685 533 1656 1051 605 244 217 361 1024 129 895 93 503
internal_count=2218 1685 533 1656 1051 605 244 217 361 1024 129 895 93 503
is_linear=0
shrinkage=0.03


Tree=226
num_leaves=15
num_cat=0
split_feature=6 16 13 4 16 2 16 13 16 18 18 14 14 18
split_gain=0.0135813 0.0356129 0.00880709 0.00795284 0.0271185 0.0147527 0.0131976 0.0166738 0.0123323 0.00777834 0.00963804 0.00848875 0.0101455 0.0074542
threshold=3.5000000000000004 57.500000000000007 36.500000000000007 1.5000000000000002 63.357142857142868 1.0000000180025095e-35 67.464285714285737 52.500000000000007 73.214285714285737 76.125000000000014 78.125000000000014 74.500000000000014 57.500000000000007 68.291666666666671
decision_type=2 2 2 2 2 2 2 2 2 2 2 2 2 2
left_child=1 -1 -2 4 -3 8 -7 -8 -5 11 -11 12 -6 -4
right_child=2 3 13 5 9 6 7 -9 -10 10 -12 -13 -14 -15
leaf_value=0.0010673583408934064 -0.0006217213976854128 0.00099540883874786753 -6.7083960987278002e-05 -6.9312481896571722e-05 9.3882151550668126e-05 0.00073070871676983581 -0.00067497628414107914 0.00013433706472338892 -0.00045237726029881739 -0.00036211760493642942 2.5173752500813863e-05 3.0931412719268686e-05 0.00057197772117268124 -0.00050434542441890736
leaf_weight=29 30 27 466 254 84 27 25 192 107 63 599 202 76 37
leaf_count=29 30 27 466 254 84 27 25 192 107 63 599 202 76 37
internal_value=1.19948e-06 4.29587e-05 -0.000130649 2.4386e-05 7.4241e-05 -6.22012e-05 0.000117704 3.84297e-05 -0.000183788 4.90049e-05 -1.21739e-05 0.00016061 0.00032312 -0.000100185
internal_weight=2218 1685 533 1656 1051 605 244 217 361 1024 662 362 160 503
internal_count=2218 1685 533 1656 1051 605 244 217 361 1024 662 362 160 503
is_linear=0
shrinkage=0.03


Tree=227
num_leaves=15
num_cat=0
split_feature=12 6 14 18 2 7 17 18 16 12 12 14 16 11
split_gain=0.0142097 0.00891216 0.00818853 0.0120256 0.00890512 0.0079706 0.00745488 0.00735961 0.00673929 0.00650307 0.00687292 0.00633893 0.00564617 0.00559014
threshold=1.0000000180025095e-35 3.5000000000000004 76.500000000000014 73.625000000000014 1.0000000180025095e-35 14.500000000000002 20.711165578760166 68.291666666666671 102.21428571428574 78.500000000000014 71.500000000000014 59.500000000000007 68.928571428571445 49.500000000000007
decision_type=2 2 2 2 2 2 2 2 2 2 2 2 2 2
left_child=-1 2 3 4 -2 11 -7 9 13 10 -3 -5 -6 -4
right_child=1 7 8 5 12 6 -8 -9 -10 -11 -12 -13 -14 -15
leaf_value=0.00067272480454578598 0.00013919634402822446 -7.49137166591925e-05 -0.0003832017445529345 -0.00024471155791062579 0.00076133526027517384 6.2174189356896514e-05 0.00062584985604709285 -0.00051160236612374243 0.00043643653762186517 0.00031770065574057618 -0.00047376412241773811 2.4143982883951802e-05 0.00025825902928927657 -3.5473990587324662e-05
leaf_weight=27 305 414 43 137 37 87 27 38 25 33 42 184 46 773
leaf_count=27 305 414 43 137 37 87 27 38 25 33 42 184 46 773
internal_value=1.17564e-06 -7.40308e-06 2.66572e-05 9.38769e-05 0.000215072 -1.44689e-05 0.000199958 -0.000114795 -3.91572e-05 -8.2978e-05 -0.000112606 -9.10048e-05 0.000488916 -5.42445e-05
internal_weight=2218 2191 1664 823 388 435 114 527 841 489 456 321 83 816
internal_count=2218 2191 1664 823 388 435 114 527 841 489 456 321 83 816
is_linear=0
shrinkage=0.03


Tree=228
num_leaves=15
num_cat=0
split_feature=12 6 12 13 17 12 15 12 7 16 15 15 15 12
split_gain=0.0133986 0.00839423 0.00778459 0.00798222 0.00620144 0.00939886 0.00731498 0.00855833 0.00547858 0.0060256 0.0110577 0.00559702 0.00544192 0.00629982
threshold=1.0000000180025095e-35 3.5000000000000004 63.500000000000007 63.500000000000007 12.943098784288242 55.500000000000007 69.833333333333357 50.500000000000007 11.000000000000002 62.619047619047628 58.500000000000007 51.500000000000007 54.416666666666679 44.500000000000007
decision_type=2 2 2 2 2 2 2 2 2 2 2 2 2 2
left_child=-1 2 3 -2 -5 6 7 -6 9 10 11 -3 -10 -14
right_child=1 8 -4 4 5 -7 -8 -9 12 -11 -12 -13 13 -15
leaf_value=0.00065326382792721101 0.00041592240000042964 -0.00051210792424031886 -1.4481624803147382e-05 0.0005235747497898466 -8.714134349897255e-05 0.00022758734241774893 -0.00025559763910853382 0.00047893436759581417 0.00010904685356885537 1.1641378054076179e-05 -0.00073736354033462697 2.0184079920382875e-05 -0.00053049152985500591 -6.7279856579500382e-05
leaf_weight=27 73 25 1200 25 76 148 108 34 133 57 44 56 30 182
leaf_count=27 73 25 1200 25 76 148 108 34 133 57 44 56 30 182
internal_value=1.16165e-06 -7.16865e-06 2.58871e-05 0.000130095 7.58065e-05 4.38779e-05 -8.1312e-05 9.05659e-05 -0.000111393 -0.000244101 -0.000359886 -0.000148345 -4.0882e-05 -0.000135012
internal_weight=2218 2191 1664 464 391 366 218 110 527 182 125 81 345 212
internal_count=2218 2191 1664 464 391 366 218 110 527 182 125 81 345 212
is_linear=0
shrinkage=0.03


Tree=229
num_leaves=15
num_cat=0
split_feature=12 0 7 11 11 15 13 12 11 15 2 12 12 18
split_gain=0.0126345 0.00821416 0.00781611 0.00615517 0.00940345 0.00611947 0.0060069 0.00600648 0.00580857 0.00560095 0.00764806 0.00525096 0.00923542 0.0114975
threshold=1.0000000180025095e-35 1.0000000180025095e-35 11.000000000000002 92.500000000000014 89.500000000000014 81.833333333333357 82.500000000000014 86.500000000000014 46.500000000000007 74.833333333333357 1.0000000180025095e-35 63.500000000000007 46.500000000000007 58.583333333333336
decision_type=2 2 2 2 2 2 2 2 2 2 2 2 2 2
left_child=-1 6 8 4 11 -5 7 9 -3 10 -2 12 13 -4
right_child=1 2 3 5 -6 -7 -8 -9 -10 -11 -12 -13 -14 -15
leaf_value=0.00063436584148023815 -3.8461612317145667e-05 -0.00055460476817993025 5.2524982445622577e-05 0.00054002418448148733 -0.00035193019645268336 9.0969346074543727e-05 0.00042066187987594664 0.00040476943393203817 -9.6258029204021456e-05 -0.00035135858662794237 0.00043788223410410861 -4.7531162083277107e-05 0.00018073397446714807 -0.00058777760704314074
leaf_weight=27 125 25 90 33 68 142 55 40 615 32 39 594 299 34
leaf_count=27 125 25 90 33 68 142 55 40 615 32 39 594 299 34
internal_value=1.12999e-06 -6.95931e-06 -2.97116e-05 1.36661e-05 -1.3017e-05 0.000178235 0.000141188 7.45563e-05 -0.000114999 5.45326e-06 7.67826e-05 9.9673e-06 9.06315e-05 -0.00012634
internal_weight=2218 2191 1900 1260 1085 175 291 236 640 196 164 1017 423 124
internal_count=2218 2191 1900 1260 1085 175 291 236 640 196 164 1017 423 124
is_linear=0
shrinkage=0.03


Tree=230
num_leaves=15
num_cat=0
split_feature=4 15 12 14 16 16 4 13 12 2 16 15 11 12
split_gain=0.00830594 0.00857835 0.00702794 0.00776702 0.00742824 0.00638423 0.0133556 0.0113837 0.012877 0.0103509 0.0119132 0.00899337 0.00615007 0.00725988
threshold=2.5000000000000004 70.416666666666671 60.500000000000007 33.500000000000007 48.071428571428577 80.500000000000014 1.0000000180025095e-35 62.500000000000007 64.500000000000014 1.0000000180025095e-35 71.226190476190496 82.833333333333357 88.500000000000014 58.500000000000007
decision_type=2 2 2 2 2 2 2 2 2 2 2 2 2 2
left_child=2 -2 3 -1 -5 6 -4 -8 -9 10 -10 -7 13 -6
right_child=1 -3 5 4 12 11 7 8 9 -11 -12 -13 -14 -15
leaf_value=0.00053706622731303525 -6.5612924640075872e-05 -0.00051660498112647069 0.00025815351129949705 -0.0003980552711612384 9.9135971052067198e-05 0.00027758173453288948 4.713311664040889e-06 -0.00084788008235461474 -8.9260229542298684e-05 5.7443097746664568e-05 -0.00049269738887318902 -1.129517011154844e-05 -0.0001272061754307868 0.00049282970029533774
leaf_weight=33 129 53 95 28 420 125 364 27 138 115 126 421 93 46
leaf_count=33 129 53 95 28 420 125 364 27 138 115 126 421 93 46
internal_value=-5.47109e-06 -0.000199051 1.19652e-05 9.60685e-05 7.04052e-05 -2.5032e-05 -7.56973e-05 -0.000117168 -0.000226184 -0.00017978 -0.000282942 5.52262e-05 9.4539e-05 0.000138971
internal_weight=2213 182 2031 620 587 1411 865 770 406 379 264 546 559 466
internal_count=2213 182 2031 620 587 1411 865 770 406 379 264 546 559 466
is_linear=0
shrinkage=0.03


Tree=231
num_leaves=15
num_cat=0
split_feature=6 15 13 18 4 16 13 18 13 5 5 16 4 12
split_gain=0.00863508 0.0220502 0.0127312 0.00959987 0.0130114 0.0154678 0.00942165 0.0133926 0.00970474 0.00879946 0.00864602 0.00854621 0.013457 0.00823546
threshold=3.5000000000000004 54.583333333333336 36.500000000000007 68.291666666666671 1.5000000000000002 64.309523809523824 52.500000000000007 72.875000000000014 63.500000000000007 32.500000000000007 32.500000000000007 79.154761904761912 1.0000000180025095e-35 63.500000000000007
decision_type=2 2 2 2 2 2 2 2 2 2 2 2 2 2
left_child=1 -1 -2 4 5 -3 7 -5 -8 -7 -6 12 -10 -14
right_child=2 3 -4 6 10 9 8 -9 11 -11 -12 -13 13 -15
leaf_value=0.00079608558391390202 -0.00069025285383759181 0.0010559314121760858 -7.2984117825549547e-05 -1.0749815547889148e-05 0.00022960993668461654 -9.6158580969596754e-05 0.00015892879103516087 -0.00090458735879897522 0.00040375187534664287 0.00048828491142451048 -0.00013754617261544527 2.7109579380867929e-05 -4.4540653751547713e-05 -0.00032481350107604445
leaf_weight=32 31 25 507 36 101 42 252 25 35 50 132 561 167 217
leaf_count=32 31 25 507 36 101 42 252 25 35 50 132 561 167 217
internal_value=-5.31809e-06 2.82755e-05 -0.000109766 1.28461e-05 0.00015199 0.00040866 -2.49069e-05 -0.000385758 -6.74172e-06 0.000223309 2.19084e-05 -4.94613e-05 -0.000151803 -0.000203356
internal_weight=2213 1675 538 1643 350 117 1293 61 1232 92 233 980 419 384
internal_count=2213 1675 538 1643 350 117 1293 61 1232 92 233 980 419 384
is_linear=0
shrinkage=0.03


Tree=232
num_leaves=15
num_cat=0
split_feature=6 18 13 14 18 4 17 12 12 11 11 12 2 12
split_gain=0.00813347 0.019069 0.0120046 0.0110923 0.00784345 0.0121926 0.0120175 0.00901294 0.00785023 0.00673372 0.00794069 0.00706788 0.00643737 0.00578631
threshold=3.5000000000000004 57.583333333333336 36.500000000000007 64.500000000000014 68.291666666666671 1.5000000000000002 15.42647598432376 51.500000000000007 68.500000000000014 55.500000000000007 64.500000000000014 96.000000000000014 1.0000000180025095e-35 72.500000000000014
decision_type=2 2 2 2 2 2 2 2 2 2 2 2 2 2
left_child=1 3 -2 -1 5 6 8 -6 -3 -9 11 -11 -7 -12
right_child=2 4 -4 -5 7 12 -8 9 -10 10 13 -13 -14 -15
leaf_value=0.0010137550704207062 -0.00067019236721534983 0.0010361319724179338 -7.0798905612217645e-05 0.00013935712386026151 -0.00040729764146062565 -7.086934116006396e-05 9.2768687773646131e-05 -0.00021478931143867054 0.00030718347840674037 0.00034937144940400735 8.1065608441655305e-05 -5.1082516770942935e-05 0.0003592624588820495 -7.3623400994365869e-05
leaf_weight=26 31 29 507 26 52 177 61 126 26 108 338 62 37 607
leaf_count=26 31 29 507 26 52 177 61 126 26 108 338 62 37 607
internal_value=-5.14665e-06 2.74566e-05 -0.000106516 0.000587435 9.16459e-06 0.000139477 0.000385723 -2.41758e-05 0.000703177 -7.80736e-06 1.5754e-05 0.000203879 4.82433e-06 -1.82683e-05
internal_weight=2213 1675 538 52 1623 330 116 1293 55 1241 1115 170 214 945
internal_count=2213 1675 538 52 1623 330 116 1293 55 1241 1115 170 214 945
is_linear=0
shrinkage=0.03


Tree=233
num_leaves=15
num_cat=0
split_feature=6 15 13 15 11 16 13 13 11 14 14 15 18 16
split_gain=0.00766304 0.020106 0.0113194 0.00869397 0.00987052 0.0115362 0.00814751 0.00585165 0.00543025 0.00536169 0.0109857 0.00781974 0.00626798 0.00581409
threshold=3.5000000000000004 54.583333333333336 36.500000000000007 72.833333333333357 50.500000000000007 68.214285714285737 54.500000000000007 86.500000000000014 55.500000000000007 50.500000000000007 46.500000000000007 55.500000000000007 63.875000000000007 63.071428571428577
decision_type=2 2 2 2 2 2 2 2 2 2 2 2 2 2
left_child=1 -1 -2 4 5 -3 -5 -6 -8 10 11 -4 -12 -11
right_child=2 3 9 6 7 -7 8 -9 -10 13 12 -13 -14 -15
leaf_value=0.00075985804364212201 -0.00065071489974798168 4.8847980898456517e-05 0.00017644279446675808 -0.00043916061886854795 0.00013356505239897777 -0.00063514083198242584 -0.00028523540939204398 0.00056059440674876128 -3.7987333840374716e-06 -0.00022828797684711831 0.00073394062982905391 -0.00028767117038369178 7.696280789857085e-05 4.4050230903499493e-05
leaf_weight=32 31 72 57 43 454 31 65 30 948 221 27 74 25 103
leaf_count=32 31 72 57 43 454 31 65 30 948 221 27 74 25 103
internal_value=-4.96759e-06 2.66788e-05 -0.000103362 1.19454e-05 0.000104408 -0.00016114 -3.9502e-05 0.000161135 -2.21208e-05 -6.86791e-05 6.09224e-05 -8.59216e-05 0.000425498 -0.000141842
internal_weight=2213 1675 538 1643 587 103 1056 484 1013 507 183 131 52 324
internal_count=2213 1675 538 1643 587 103 1056 484 1013 507 183 131 52 324
is_linear=0
shrinkage=0.03


Tree=234
num_leaves=15
num_cat=0
split_feature=4 17 17 12 14 18 0 7 0 13 0 17 13 16
split_gain=0.00757001 0.00828916 0.00710721 0.00638246 0.00755565 0.00670369 0.00624907 0.0114618 0.010367 0.00580548 0.00670413 0.0061713 0.00542335 0.00931644
threshold=2.5000000000000004 17.062203553164412 15.499999766894101 60.500000000000007 33.500000000000007 47.125000000000007 5.5000000000000009 14.500000000000002 1.5000000000000002 41.500000000000007 1.0000000180025095e-35 10.84303594808263 62.500000000000007 78.928571428571445
decision_type=2 2 2 2 2 2 2 2 2 2 2 2 2 2
left_child=3 2 -2 4 -1 -6 8 -8 -7 -5 -11 -12 -13 -14
right_child=1 -3 -4 9 5 6 7 -9 -10 10 11 12 13 -15
leaf_value=0.00052691890204133575 -0.00022557864266576524 -0.00054862742773945105 0.00022644305095185545 -0.00041070243029560729 -0.00034903009109918702 0.00023108206032247834 5.7663813571899052e-05 0.00066844018636567687 -7.1855285291789063e-05 0.00016873632028290329 -0.00049507409441643037 6.6551612524059977e-05 -0.00018650631746659405 1.7478032996164514e-05
leaf_weight=33 93 43 46 33 32 159 75 43 278 159 25 375 355 464
leaf_count=33 93 43 46 33 32 159 75 43 278 159 25 375 355 464
internal_value=-4.8185e-06 -0.000189624 -7.54398e-05 1.18273e-05 9.19752e-05 6.66689e-05 9.12218e-05 0.000283982 3.86427e-05 -2.34303e-05 -1.38649e-05 -3.78012e-05 -2.78206e-05 -7.10597e-05
internal_weight=2213 182 139 2031 620 587 555 118 437 1411 1378 1219 1194 819
internal_count=2213 182 139 2031 620 587 555 118 437 1411 1378 1219 1194 819
is_linear=0
shrinkage=0.03


Tree=235
num_leaves=15
num_cat=0
split_feature=6 18 13 15 16 18 18 12 11 17 18 12 4 16
split_gain=0.0099048 0.0337124 0.0128473 0.00652217 0.00825744 0.00881266 0.0084134 0.00820357 0.0123635 0.00612194 0.00609352 0.00991395 0.00937564 0.0147131
threshold=3.5000000000000004 55.875000000000007 36.500000000000007 52.500000000000007 59.500000000000007 68.291666666666671 55.125000000000007 37.500000000000007 37.500000000000007 13.384425917567409 68.291666666666671 52.500000000000007 1.5000000000000002 64.309523809523824
decision_type=2 2 2 2 2 2 2 2 2 2 2 2 2 2
left_child=1 -1 -2 7 6 -6 -5 -4 -9 -8 12 -12 13 -3
right_child=2 10 3 4 5 -7 9 8 -10 -11 11 -13 -14 -15
leaf_value=0.00098476458605463533 -0.00073781063771873176 0.00097702773856536392 -0.00029305843226294117 -5.0894785420717414e-05 6.5412985132795357e-05 -0.00042946601998454964 -0.00064161383091810751 -0.0002706127891152781 0.00048746479616738723 -0.00012571072364153224 -0.00037721641820553486 5.7076628287168472e-06 1.3748455484672192e-05 0.00016516477563221127
leaf_weight=32 27 25 32 73 190 38 65 27 63 31 63 1236 217 91
leaf_count=32 27 25 32 73 190 38 65 27 63 31 63 1236 217 91
internal_value=-9.44821e-07 3.54419e-05 -0.0001117 -7.77714e-05 -0.00013666 -1.85821e-05 -0.000294915 0.000113412 0.000259567 -0.000478034 1.62361e-05 -1.31396e-05 0.000130524 0.00034699
internal_weight=2210 1664 546 519 397 228 169 122 90 96 1632 1299 333 116
internal_count=2210 1664 546 519 397 228 169 122 90 96 1632 1299 333 116
is_linear=0
shrinkage=0.03


Tree=236
num_leaves=15
num_cat=0
split_feature=12 13 1 16 18 7 16 16 4 2 12 6 11 4
split_gain=0.00939622 0.00982943 0.00770868 0.00556978 0.00729208 0.00857838 0.00683161 0.00669435 0.0059499 0.0082805 0.00732733 0.00709711 0.00562487 0.00550157
threshold=1.0000000180025095e-35 36.500000000000007 1.0000000180025095e-35 101.92857142857144 88.375000000000014 11.000000000000002 83.464285714285737 87.071428571428584 1.0000000180025095e-35 1.0000000180025095e-35 59.500000000000007 1.5000000000000002 85.000000000000014 1.5000000000000002
decision_type=2 2 2 2 2 2 2 2 2 2 2 2 2 2
left_child=-1 -2 3 4 6 7 8 -6 -3 10 12 -11 -10 -13
right_child=1 2 -4 -5 5 -7 -8 -9 9 11 -12 13 -14 -15
leaf_value=0.00051770435428367023 -0.00057714179294028622 0.00023115921939487039 -8.9643960330417668e-05 0.0004470323690550466 -0.00070951179751465394 1.8599409080304254e-05 0.00031431417401912512 -0.00016709054961665969 0.00014309989947464233 0.000569035871749586 -0.00011955089054808675 -3.6799182634910577e-05 -0.00020932313266675917 0.0002170209353229998
leaf_weight=30 26 126 627 28 30 148 85 63 221 30 441 151 49 155
leaf_count=30 26 126 627 28 30 148 85 63 221 30 441 151 49 155
internal_value=-9.19557e-07 -8.29068e-06 -1.1597e-06 3.52076e-05 2.72222e-05 -0.000123625 5.61959e-05 -0.000347752 3.72399e-05 1.37046e-05 -4.4297e-05 0.000136207 7.86052e-05 9.20579e-05
internal_weight=2210 2180 2154 1527 1499 241 1258 93 1173 1047 711 336 270 306
internal_count=2210 2180 2154 1527 1499 241 1258 93 1173 1047 711 336 270 306
is_linear=0
shrinkage=0.03


Tree=237
num_leaves=15
num_cat=0
split_feature=6 18 13 0 11 13 11 18 13 13 11 13 17 18
split_gain=0.00936594 0.0316562 0.0117741 0.00819352 0.00580279 0.00863755 0.0118321 0.00555554 0.0175002 0.00760851 0.00829339 0.00901885 0.00668544 0.00595935
threshold=3.5000000000000004 55.875000000000007 36.500000000000007 1.5000000000000002 50.500000000000007 45.500000000000007 46.500000000000007 73.625000000000014 54.500000000000007 63.500000000000007 79.500000000000014 46.500000000000007 13.670266373057801 86.125000000000014
decision_type=2 2 2 2 2 2 2 2 2 2 2 2 2 2
left_child=1 -1 -2 -3 5 -4 -7 9 -9 10 11 -5 -10 -14
right_child=2 3 4 7 -6 6 -8 8 12 -11 -12 -13 13 -15
leaf_value=0.0009544153284249743 -0.00070798227591304958 0.00012552029943912807 0.00052092019550036635 -0.00021536387262885716 -0.00015438634445565506 -0.0002186120624714472 0.00030320636778342897 -0.00067455004256150532 -0.00048472390984835356 -4.2560964955975156e-05 0.00066682207461957253 0.00030296225215116626 5.0100092473566698e-05 -0.00012503297419171191
leaf_weight=32 27 445 29 46 322 108 60 40 28 233 30 84 435 291
leaf_count=32 27 445 29 46 322 108 60 40 28 233 30 84 435 291
internal_value=-8.84523e-07 3.44986e-05 -0.000108585 1.58876e-05 -7.61006e-05 5.19923e-05 -3.1557e-05 -2.52842e-05 -7.09177e-05 6.68576e-05 0.000225473 0.000119311 -3.80437e-05 -2.01733e-05
internal_weight=2210 1664 546 1632 519 197 168 1187 794 393 160 130 754 726
internal_count=2210 1664 546 1632 519 197 168 1187 794 393 160 130 754 726
is_linear=0
shrinkage=0.03


Tree=238
num_leaves=15
num_cat=0
split_feature=12 0 16 18 16 18 14 17 14 14 12 15 14 0
split_gain=0.00892081 0.00786475 0.00597846 0.0068792 0.0076563 0.013902 0.00625697 0.00600099 0.00626868 0.00498779 0.00638435 0.00536411 0.00652643 0.00637673
threshold=1.0000000180025095e-35 1.5000000000000002 100.64285714285715 86.291666666666671 58.226190476190482 57.375000000000007 61.500000000000007 19.345231260953817 69.500000000000014 73.500000000000014 44.500000000000007 61.166666666666679 54.500000000000007 4.5000000000000009
decision_type=2 2 2 2 2 2 2 2 2 2 2 2 2 2
left_child=-1 -2 3 4 5 6 -3 -5 -9 10 -6 -12 13 -13
right_child=1 2 -4 7 9 -7 -8 8 -10 -11 11 12 -14 -15
leaf_value=0.00050447956163195834 8.4771312118830258e-05 5.1858311823294071e-05 0.00031025356487329449 -0.00037826667127471104 -0.00039034013331939392 -0.00071335564698337718 -0.00036186404385668363 -0.00045769487537683978 2.0297697962826636e-05 -5.8544727024100889e-05 0.00032837182491847846 1.1764639511573791e-05 0.00014381720189116857 -0.00040654962257259431
leaf_weight=30 596 109 41 98 25 37 46 30 121 546 73 138 278 42
leaf_count=30 596 109 41 98 25 37 46 30 121 546 73 138 278 42
internal_value=-8.53906e-07 -8.03615e-06 -4.29876e-05 -5.25686e-05 -2.47146e-05 -0.000199019 -7.24564e-05 -0.000196642 -7.70541e-05 5.80721e-06 6.89934e-05 9.13123e-05 5.28947e-05 -8.75489e-05
internal_weight=2210 2180 1584 1543 1294 192 155 249 151 1102 556 531 458 180
internal_count=2210 2180 1584 1543 1294 192 155 249 151 1102 556 531 458 180
is_linear=0
shrinkage=0.03


Tree=239
num_leaves=15
num_cat=0
split_feature=6 18 13 18 0 0 4 12 11 16 11 15 15 16
split_gain=0.00881617 0.0367922 0.0146801 0.00807259 0.0075259 0.0101853 0.00490137 0.00574794 0.00843718 0.01276 0.00705083 0.00592492 0.00782008 0.00601078
threshold=1.5000000000000002 69.291666666666671 36.500000000000007 88.625000000000014 4.5000000000000009 5.5000000000000009 1.0000000180025095e-35 62.500000000000007 53.500000000000007 62.619047619047628 46.500000000000007 72.833333333333357 70.416666666666671 78.928571428571445
decision_type=2 2 2 2 2 2 2 2 2 2 2 2 2 2
left_child=1 -1 -2 4 6 -6 -4 -8 10 -10 -9 12 -11 -13
right_child=2 -3 3 -5 5 -7 7 8 9 11 -12 13 -14 -15
leaf_value=0.0011232782469596714 -0.00055876836680560722 4.3878481625966813e-05 0.00020207671802221309 -0.00044709011366089372 -0.00024423488674861173 3.3303537582563374e-05 9.5863202169130097e-05 -0.00011052664175319174 -0.00053702084479338827 -8.6146147542093141e-06 0.00033510360459124199 -0.00023899448103854195 0.00057983070264946523 8.3403871679987971e-05
leaf_weight=29 46 542 135 38 244 231 399 53 56 93 78 166 25 75
leaf_count=29 46 542 135 38 244 231 399 53 56 93 78 166 25 75
internal_value=-8.46078e-07 0.000100567 -3.62165e-05 -2.0786e-05 -1.00877e-05 -0.000109477 3.36861e-05 9.44216e-06 -5.37715e-05 -0.000119995 0.000155339 -5.36321e-05 0.000119881 -0.000138733
internal_weight=2210 571 1639 1593 1555 475 1080 945 546 415 131 359 118 241
internal_count=2210 571 1639 1593 1555 475 1080 945 546 415 131 359 118 241
is_linear=0
shrinkage=0.03


Tree=240
num_leaves=15
num_cat=0
split_feature=7 18 11 14 12 0 11 14 16 12 12 0 18 17
split_gain=0.00664223 0.00676798 0.0157638 0.013445 0.00963022 0.0058721 0.00781399 0.00940072 0.00770068 0.00824641 0.00844479 0.00574744 0.00548204 0.00800831
threshold=11.000000000000002 51.583333333333336 41.500000000000007 51.500000000000007 43.500000000000007 4.5000000000000009 91.500000000000014 69.500000000000014 75.785714285714292 59.500000000000007 64.500000000000014 5.5000000000000009 68.291666666666671 15.522640838454585
decision_type=2 2 2 2 2 2 2 2 2 2 2 2 2 2
left_child=5 3 -3 -2 -4 6 8 -8 9 -1 -11 -7 -6 -14
right_child=1 2 4 -5 12 11 7 -9 -10 10 -12 -13 13 -15
leaf_value=0.00021648194783975585 0.00070588226017487331 -0.00056063783213087333 -0.00031955841572310493 -3.9825936988927425e-05 0.00014395408090778881 -0.00036206796018329137 -0.00053730515646748238 -3.8618422780321753e-05 0.00029990315437316894 -0.0006162741735378013 -5.0577043118021219e-05 -4.906023719846481e-05 -0.00018239187405820622 5.4902980792769196e-05
leaf_weight=87 38 40 64 49 416 107 49 107 87 27 158 104 156 692
leaf_count=87 38 40 64 49 416 107 49 107 87 27 158 104 156 692
internal_value=-1.79858e-06 3.51798e-05 1.87609e-05 0.000290206 3.66214e-05 -7.58545e-05 -2.11077e-05 -0.000197682 5.59568e-05 -2.28828e-05 -0.000136008 -0.000208748 5.48941e-05 1.10863e-05
internal_weight=2181 1455 1368 87 1328 726 515 156 359 272 185 211 1264 848
internal_count=2181 1455 1368 87 1328 726 515 156 359 272 185 211 1264 848
is_linear=0
shrinkage=0.03


Tree=241
num_leaves=15
num_cat=0
split_feature=4 17 13 0 2 11 19 15 13 7 11 17 16 0
split_gain=0.00709477 0.00694452 0.00678258 0.00636647 0.00808939 0.00653056 0.00639665 0.00700097 0.00586495 0.00578463 0.00525202 0.00752266 0.0086258 0.00447507
threshold=2.5000000000000004 17.443787268987986 1.0000000180025095e-35 1.0000000180025095e-35 1.0000000180025095e-35 77.500000000000014 1.0000000180025095e-35 63.500000000000007 44.500000000000007 11.000000000000002 46.500000000000007 14.985707476506365 70.154761904761912 4.5000000000000009
decision_type=2 2 2 2 2 2 2 2 2 2 2 2 2 2
left_child=2 8 -1 4 6 -6 -4 -8 -2 10 -5 12 -12 -10
right_child=1 -3 3 9 5 -7 7 -9 13 -11 11 -13 -14 -15
leaf_value=0.00044789928124373542 -0.00049042312376615068 -0.00056054389579886829 -0.00035528720509068204 -0.00050101017049099836 0.00080155097279202884 0.00014143950098137982 -0.00011656553077678519 0.00026490971972144994 0.00010982505393136912 2.5036905563506237e-05 -5.1983472035156893e-05 -0.00016889483738738109 0.00036395747325245717 -0.00028995509578713349
leaf_weight=31 26 34 28 26 26 28 68 116 89 1140 169 306 60 34
leaf_count=31 26 34 28 26 26 28 68 116 89 1140 169 306 60 34
internal_value=-1.76298e-06 -0.000180025 1.46462e-05 7.59403e-06 0.000143789 0.000468066 5.93807e-05 0.000124062 -9.00373e-05 -1.37759e-05 -9.25512e-05 -7.18032e-05 5.81053e-05 -2.13043e-06
internal_weight=2181 183 1998 1967 266 54 212 184 149 1701 561 535 229 123
internal_count=2181 183 1998 1967 266 54 212 184 149 1701 561 535 229 123
is_linear=0
shrinkage=0.03


Tree=242
num_leaves=15
num_cat=0
split_feature=4 17 7 18 18 12 11 18 17 11 5 6 12 5
split_gain=0.00669058 0.006544 0.00586987 0.00666873 0.0142 0.00979315 0.00919248 0.00533487 0.00752852 0.00650233 0.00612727 0.00527668 0.00525592 0.00758909
threshold=2.5000000000000004 17.443787268987986 11.000000000000002 51.583333333333336 49.291666666666679 43.500000000000007 41.500000000000007 68.291666666666671 15.522640838454585 55.500000000000007 32.500000000000007 2.5000000000000004 60.500000000000007 32.500000000000007
decision_type=2 2 2 2 2 2 2 2 2 2 2 2 2 2
left_child=2 11 -1 4 -4 -5 -7 12 10 -10 -9 -2 13 -8
right_child=1 -3 3 5 -6 6 7 8 9 -11 -12 -13 -14 -15
leaf_value=-5.8608850767462656e-05 0.00014103128292940949 -0.00054420804498451093 -1.6575570464382231e-05 -0.00034342325257011135 0.00081748723138814735 -0.00050561950259949437 4.8889096630423754e-05 3.2370081769866523e-05 -0.00020648690445994642 9.7697327419287642e-05 -0.00035266991339154578 -0.0002250992537765922 6.6920042165976239e-05 0.0004822535152574453
leaf_weight=664 56 34 45 58 30 25 64 70 70 582 78 93 228 84
leaf_count=664 56 34 45 58 30 25 64 70 70 582 78 93 228 84
internal_value=-1.71531e-06 -0.000174825 1.42196e-05 5.04868e-05 0.000323416 3.39843e-05 5.24811e-05 6.4765e-05 2.08918e-05 6.47733e-05 -0.000171561 -8.74703e-05 0.000157809 0.000296439
internal_weight=2181 183 1998 1334 75 1259 1201 1176 800 652 148 149 376 148
internal_count=2181 183 1998 1334 75 1259 1201 1176 800 652 148 149 376 148
is_linear=0
shrinkage=0.03


Tree=243
num_leaves=15
num_cat=0
split_feature=4 15 7 18 18 11 12 18 14 17 11 14 0 6
split_gain=0.00630226 0.00642627 0.00552352 0.00628948 0.0133873 0.00923651 0.00866465 0.00519475 0.00691485 0.0066948 0.00513069 0.00752621 0.00697882 0.0082056
threshold=2.5000000000000004 70.416666666666671 11.000000000000002 51.583333333333336 49.291666666666679 41.500000000000007 43.500000000000007 57.375000000000007 50.500000000000007 12.500476145128383 91.500000000000014 69.500000000000014 4.5000000000000009 3.5000000000000004
decision_type=2 2 2 2 2 2 2 2 2 2 2 2 2 2
left_child=2 -2 10 4 -4 -5 -7 8 -8 -9 12 -12 13 -1
right_child=1 -3 3 5 -6 6 7 9 -10 -11 11 -13 -14 -15
leaf_value=0.00019354224506823811 -5.3474196456730939e-05 -0.0004412726456966166 -1.6089115548390471e-05 -0.00047854459349764509 0.0007937537254803183 -0.00032585973198163428 0.00070307872786473202 -0.00034356489569242846 5.919611504666407e-05 6.1660551518623552e-05 -0.00050423800609731932 -6.737881322997131e-05 -0.00015680355812263425 -0.00012203547331964882
leaf_weight=199 129 54 45 30 30 53 25 37 36 1078 50 118 180 117
leaf_count=199 129 54 45 30 30 53 25 37 36 1078 50 118 180 117
internal_value=-1.67164e-06 -0.000169683 1.3794e-05 4.89749e-05 0.00031403 3.29486e-05 4.58131e-05 6.28263e-05 0.000330166 4.79178e-05 -5.68532e-05 -0.000199611 -8.19553e-06 7.66822e-05
internal_weight=2181 183 1998 1334 75 1259 1229 1176 61 1115 664 168 496 316
internal_count=2181 183 1998 1334 75 1259 1229 1176 61 1115 664 168 496 316
is_linear=0
shrinkage=0.03


Tree=244
num_leaves=15
num_cat=0
split_feature=4 13 13 0 2 5 15 11 17 13 13 13 11 13
split_gain=0.00593497 0.00654885 0.00644754 0.00605235 0.00758589 0.00608812 0.00648089 0.00606791 0.00584262 0.00480023 0.0067407 0.00616134 0.00608773 0.00554924
threshold=2.5000000000000004 1.0000000180025095e-35 44.500000000000007 1.0000000180025095e-35 1.0000000180025095e-35 31.500000000000004 63.500000000000007 77.500000000000014 17.062203553164412 71.500000000000014 73.500000000000014 69.500000000000014 41.500000000000007 41.500000000000007
decision_type=2 2 2 2 2 2 2 2 2 2 2 2 2 2
left_child=1 -1 -2 4 5 -3 -7 -6 -4 11 -11 12 -5 -14
right_child=2 3 8 9 7 6 -8 -9 -10 10 -12 -13 13 -15
leaf_value=0.00043909917872952064 -0.00056728387647308413 -0.00034703856490648767 2.0935944780014834e-05 -0.00030610429966982337 0.00077473596566253228 -0.00011092418454253397 0.00025611749873720463 0.00013833247122138032 -0.00040335445293189525 -0.00044829561092998258 -4.482533216675003e-05 0.00031612256151592274 -0.00032112318419889115 5.6422944530158544e-05
leaf_weight=31 29 28 116 49 26 68 116 28 38 38 850 65 36 663
leaf_count=31 29 28 116 49 26 68 116 28 38 38 850 65 36 663
internal_value=-1.63108e-06 1.33771e-05 -0.000164673 6.44799e-06 0.000139241 5.75017e-05 0.000120605 0.000453264 -8.56859e-05 -1.43876e-05 -6.25758e-05 3.82582e-05 1.37224e-05 3.65475e-05
internal_weight=2181 1998 183 1967 266 212 184 54 154 1701 888 813 748 699
internal_count=2181 1998 183 1967 266 212 184 54 154 1701 888 813 748 699
is_linear=0
shrinkage=0.03


Tree=245
num_leaves=15
num_cat=0
split_feature=6 18 13 14 14 14 7 12 16 11 12 13 15 14
split_gain=0.00918295 0.028768 0.0133429 0.0101253 0.0123639 0.00757296 0.00565349 0.00585347 0.00487998 0.00926855 0.0060395 0.00575068 0.00557173 0.00456055
threshold=1.5000000000000002 69.125000000000014 33.500000000000007 89.500000000000014 90.500000000000014 87.500000000000014 14.500000000000002 71.500000000000014 58.226190476190482 70.500000000000014 53.500000000000007 60.500000000000007 58.166666666666679 61.500000000000007
decision_type=2 2 2 2 2 2 2 2 2 2 2 2 2 2
left_child=1 -1 -2 5 -5 6 8 -8 12 10 -10 -11 13 -4
right_child=2 -3 3 4 -6 -7 7 -9 9 11 -12 -13 -14 -15
leaf_value=0.0010748388067804626 -0.00056754374647035937 5.3338263988256998e-05 1.9594099686593946e-05 -0.00071366997473983475 -0.00011030372238883501 0.0003474827088013461 0.00015862178230816696 -7.0058990661596145e-05 0.00042067826467942683 4.1968764504027123e-05 5.0418101617499528e-05 -0.00018913313385470948 -0.00045481457631327569 -0.00036738776697587273
leaf_weight=25 41 547 98 37 159 54 281 156 46 148 256 278 51 37
leaf_count=25 41 547 98 37 159 54 281 156 46 148 256 278 51 37
internal_value=-3.63107e-06 9.97822e-05 -3.96945e-05 -2.58309e-05 -0.000227249 2.40888e-06 -1.16307e-05 7.70139e-05 -5.40511e-05 -1.89101e-05 0.000108018 -0.000108934 -0.000190755 -8.83891e-05
internal_weight=2214 572 1642 1601 196 1405 1351 437 914 728 302 426 186 135
internal_count=2214 572 1642 1601 196 1405 1351 437 914 728 302 426 186 135
is_linear=0
shrinkage=0.03


Tree=246
num_leaves=15
num_cat=0
split_feature=6 18 13 11 1 12 16 11 16 13 4 13 11 13
split_gain=0.00865113 0.0271355 0.0125729 0.00653648 0.00680517 0.00633769 0.00607673 0.00901022 0.00745893 0.00709343 0.00579697 0.00531082 0.004743 0.00473904
threshold=1.5000000000000002 69.125000000000014 33.500000000000007 89.500000000000014 1.0000000180025095e-35 61.500000000000007 65.071428571428584 59.500000000000007 66.071428571428584 51.500000000000007 1.5000000000000002 89.500000000000014 77.500000000000014 79.500000000000014
decision_type=2 2 2 2 2 2 2 2 2 2 2 2 2 2
left_child=1 -1 -2 4 5 -4 7 9 -8 -7 12 -5 -6 -12
right_child=2 -3 3 11 10 6 8 -9 -10 -11 13 -13 -14 -15
leaf_value=0.00104383384826808 -0.00055092283216903791 5.1741036315673021e-05 0.0001462678801029269 -0.0001038629942620832 5.5660812181678254e-05 0.00032397058464994188 0.00052023765035928281 -0.00036076457504379119 1.9826509717347086e-05 -0.00013758789869106568 -0.00015868213584372491 -0.00048099009990204816 -0.00026148837143203838 -0.00057241986785084014
leaf_weight=25 41 547 343 158 212 45 28 94 356 85 157 42 52 29
leaf_count=25 41 547 343 158 212 45 28 94 356 85 157 42 52 29
internal_value=-3.52629e-06 9.68478e-05 -3.85298e-05 -2.50722e-05 -2.11765e-06 4.33598e-05 -1.48401e-05 -0.000138678 5.75713e-05 2.34358e-05 -9.81098e-05 -0.000185059 -7.55898e-06 -0.000225906
internal_weight=2214 572 1642 1601 1401 951 608 224 384 130 450 200 264 186
internal_count=2214 572 1642 1601 1401 951 608 224 384 130 450 200 264 186
is_linear=0
shrinkage=0.03


Tree=247
num_leaves=15
num_cat=0
split_feature=6 15 13 14 14 14 8 16 11 13 15 0 16 16
split_gain=0.00815049 0.0257501 0.0118472 0.00945139 0.0116641 0.00717215 0.00517971 0.00468855 0.00852239 0.00538616 0.00513765 0.00444514 0.0076431 0.00710291
threshold=1.5000000000000002 66.166666666666671 33.500000000000007 89.500000000000014 90.500000000000014 87.500000000000014 5.8000000000000007 58.226190476190482 70.500000000000014 60.500000000000007 58.166666666666679 1.0000000180025095e-35 74.357142857142875 81.928571428571445
decision_type=2 2 2 2 2 2 2 2 2 2 2 2 2 2
left_child=1 -1 -2 5 -5 6 7 10 -9 -10 -4 13 -13 -3
right_child=2 11 3 4 -6 -7 -8 8 9 -11 -12 12 -14 -15
leaf_value=0.00099842034202689929 -0.00053478865697148385 -7.4192003699980911e-05 -8.7000947866780576e-05 -0.00069138343400003291 -0.0001053652196665098 0.00033876209510543215 7.4129655066864042e-05 0.00010482836906973744 4.2823194975389674e-05 -0.00018082379624394636 -0.00043889308569655092 0.00037135840336583099 -2.4099294250972466e-05 0.00053426400008902417
leaf_weight=26 41 30 135 37 159 54 437 302 148 278 51 48 429 39
leaf_count=26 41 30 135 37 159 54 437 302 148 278 51 48 429 39
internal_value=-3.4268e-06 9.39997e-05 -3.74024e-05 -2.4339e-05 -0.000218939 2.94449e-06 -1.07189e-05 -5.13232e-05 -1.68809e-05 -0.000103207 -0.000185319 4.91855e-05 1.63888e-05 0.000272437
internal_weight=2214 572 1642 1601 196 1405 1351 914 728 426 186 546 477 69
internal_count=2214 572 1642 1601 196 1405 1351 914 728 426 186 546 477 69
is_linear=0
shrinkage=0.03


Tree=248
num_leaves=15
num_cat=0
split_feature=0 16 4 16 2 16 18 13 16 5 16 6 16 18
split_gain=0.00788364 0.00731492 0.00721798 0.0126483 0.0119417 0.0117182 0.0102325 0.0164812 0.00670958 0.0055943 0.00801726 0.00784099 0.00774584 0.0129384
threshold=1.0000000180025095e-35 81.928571428571445 1.5000000000000002 53.500000000000007 1.0000000180025095e-35 73.500000000000014 55.583333333333336 44.500000000000007 70.154761904761912 31.500000000000004 89.214285714285737 1.5000000000000002 58.226190476190482 68.291666666666671
decision_type=2 2 2 2 2 2 2 2 2 2 2 2 2 2
left_child=1 -1 3 -2 5 8 -6 -8 -4 10 11 -5 -11 -14
right_child=2 -3 4 9 6 -7 7 -9 -10 12 -12 -13 13 -15
leaf_value=8.1625169849798226e-05 0.00066125627267562474 0.00051863677677101811 -0.00016904249100310371 0.00042949940778459582 0.00061441070532265046 -0.00049662796786594161 -0.0007268671910256112 6.7832665701060259e-05 0.00023739700843829526 -0.00029424581681316913 -0.00044402905323854961 -9.3155148140426655e-05 0.0002944099853568517 4.3574448716513732e-06
leaf_weight=254 26 39 286 28 25 94 25 242 41 56 51 236 176 635
leaf_count=254 26 39 286 28 25 94 25 242 41 56 51 236 176 635
internal_value=-3.31955e-06 0.00014136 -2.54489e-05 1.92324e-05 -0.000101071 -0.000203138 4.62781e-05 -9.01197e-06 -0.000117514 4.56305e-06 -0.000103518 -3.63105e-05 4.39054e-05 6.75885e-05
internal_weight=2214 293 1921 1208 713 421 292 267 327 1182 315 264 867 811
internal_count=2214 293 1921 1208 713 421 292 267 327 1182 315 264 867 811
is_linear=0
shrinkage=0.03


Tree=249
num_leaves=15
num_cat=0
split_feature=6 18 16 12 14 14 14 7 18 12 12 4 5 0
split_gain=0.00779963 0.024534 0.0107092 0.00788011 0.00817822 0.0117832 0.0083661 0.0061099 0.00617526 0.00929139 0.00973126 0.00506704 0.00678173 0.004121
threshold=1.5000000000000002 69.125000000000014 86.928571428571445 37.500000000000007 89.500000000000014 90.500000000000014 87.500000000000014 14.500000000000002 57.375000000000007 47.500000000000007 54.500000000000007 1.5000000000000002 31.500000000000004 1.0000000180025095e-35
decision_type=2 2 2 2 2 2 2 2 2 2 2 2 2 2
left_child=1 -1 3 -2 6 -6 7 -5 -9 -10 -11 -12 -13 -3
right_child=2 13 -4 4 5 -7 -8 8 9 10 11 12 -14 -15
leaf_value=0.00099254485427921349 -0.00040079632438707393 0.00026419422349967394 -0.00060785853311997554 -4.8264314787364887e-05 -0.00067279961957338898 -7.9446518247513681e-05 0.00038393680883298375 0.00028187040040380894 -0.00050019802022559028 0.00044402897965762977 8.8454339935129542e-05 6.0997213220743584e-05 -0.00048710719624068583 1.7684862219019098e-05
leaf_weight=25 48 69 28 902 37 147 51 110 27 51 161 42 38 478
leaf_count=25 48 69 28 902 37 147 51 110 27 51 161 42 38 478
internal_value=-3.21068e-06 9.20957e-05 -3.6447e-05 -2.61638e-05 -1.44324e-05 -0.000201754 1.06355e-05 -3.94579e-06 8.91323e-05 2.19977e-05 7.18253e-05 -8.44916e-06 -0.000202152 4.92056e-05
internal_weight=2214 572 1642 1614 1566 184 1382 1331 429 319 292 241 80 547
internal_count=2214 572 1642 1614 1566 184 1382 1331 429 319 292 241 80 547
is_linear=0
shrinkage=0.03


Tree=250
num_leaves=15
num_cat=0
split_feature=6 14 13 16 1 18 16 17 18 12 12 2 16 17
split_gain=0.00696827 0.0279923 0.0108348 0.00601023 0.00561263 0.00610962 0.00510615 0.00624314 0.00495569 0.00650766 0.00732843 0.00530783 0.00562201 0.00593788
threshold=1.5000000000000002 50.500000000000007 33.500000000000007 102.21428571428574 1.0000000180025095e-35 86.291666666666671 82.309523809523824 17.881218278945365 86.291666666666671 69.500000000000014 77.500000000000014 1.0000000180025095e-35 83.464285714285737 16.549348861021013
decision_type=2 2 2 2 2 2 2 2 2 2 2 2 2 2
left_child=1 -1 -2 8 5 6 -4 -8 11 -10 -11 12 13 -3
right_child=2 3 4 -5 -6 -7 7 -9 9 10 -12 -13 -14 -15
leaf_value=0.00099155957007716444 -0.00050861774093666386 0.00016490127626901207 1.0024878895945979e-05 0.00047900895281390357 -0.00010976933210716214 -0.00031247460062149913 0.00051708846995825294 -8.4275159325233496e-05 -0.00045110186804474018 0.00028234677525428454 -0.0001096118351281051 0.00039060529047024571 0.00031035353290499186 -0.00023521906824014449
leaf_weight=28 42 58 993 25 496 49 39 25 35 55 183 48 49 76
leaf_count=28 42 58 993 25 496 49 39 25 35 55 183 48 49 76
internal_value=-7.5864e-06 8.40274e-05 -3.86581e-05 3.42114e-05 -2.60274e-05 1.15929e-05 2.68971e-05 0.000284498 1.12432e-05 -7.51709e-05 -1.82308e-05 0.000113253 3.87771e-05 -6.2094e-05
internal_weight=2201 557 1644 529 1602 1106 1057 64 504 273 238 231 183 134
internal_count=2201 557 1644 529 1602 1106 1057 64 504 273 238 231 183 134
is_linear=0
shrinkage=0.03


Tree=251
num_leaves=15
num_cat=0
split_feature=6 14 13 14 13 13 14 13 14 12 12 14 12 11
split_gain=0.00656823 0.0263935 0.0102099 0.00567355 0.00534811 0.00589026 0.00537097 0.00886106 0.00634022 0.00472223 0.0051454 0.00471592 0.00580602 0.00559856
threshold=1.5000000000000002 50.500000000000007 33.500000000000007 62.500000000000007 67.500000000000014 69.500000000000014 62.500000000000007 44.500000000000007 41.500000000000007 107.50000000000001 111.50000000000001 91.500000000000014 100.50000000000001 106.50000000000001
decision_type=2 2 2 2 2 2 2 2 2 2 2 2 2 2
left_child=1 -1 -2 -3 6 -6 8 -8 -4 11 -11 13 -13 -5
right_child=2 3 4 9 5 -7 7 -9 -10 10 -12 12 -14 -15
leaf_value=0.00096283851592833633 -0.00049371407196727082 -0.00023905827176468977 -0.00014080727606644933 0.00030817036163955042 -0.00037673834737558668 -5.7575448645390407e-05 -0.00040592800172614967 7.4944826608474982e-06 0.00016351071177434615 -0.00041946043020716923 5.2530590272807677e-05 -7.5299971375408439e-05 0.00029905661191002522 -0.00010732692962109639
leaf_weight=28 42 60 75 144 55 748 53 343 328 33 53 155 48 36
leaf_count=28 42 60 75 144 55 748 53 343 328 33 53 155 48 36
internal_value=-7.34063e-06 8.16046e-05 -3.75072e-05 3.32321e-05 -2.52462e-05 -7.98773e-05 2.96896e-05 -4.87204e-05 0.000106668 6.85012e-05 -0.000131322 0.000113595 1.42499e-05 0.000224937
internal_weight=2201 557 1644 529 1602 803 799 396 403 469 86 383 203 180
internal_count=2201 557 1644 529 1602 803 799 396 403 469 86 383 203 180
is_linear=0
shrinkage=0.03


Tree=252
num_leaves=15
num_cat=0
split_feature=4 13 16 13 0 0 0 12 17 13 17 7 13 13
split_gain=0.00640752 0.0121931 0.00628464 0.00570339 0.00517262 0.00522739 0.0105582 0.00502738 0.00525269 0.00487507 0.00533512 0.00631398 0.00547924 0.00603832
threshold=2.5000000000000004 1.0000000180025095e-35 102.21428571428574 44.500000000000007 1.0000000180025095e-35 5.5000000000000009 4.5000000000000009 61.500000000000007 11.378760498233987 71.500000000000014 18.414538361012422 14.500000000000002 78.500000000000014 89.500000000000014
decision_type=2 2 2 2 2 2 2 2 2 2 2 2 2 2
left_child=1 -1 4 -2 -3 6 7 -6 -9 -10 12 -12 -11 -14
right_child=3 2 -4 -5 5 -7 -8 8 9 10 11 -13 13 -15
leaf_value=0.00057998867017555636 -0.00058173648793146836 0.00011767274108891332 0.00046193793516207592 -0.00010709583729246669 9.6849500651482261e-05 8.7323768438363916e-05 -0.00021158964588374651 -0.00042378597456263375 5.1299890495148104e-05 -0.00042483188392809378 -9.8738875037651579e-05 0.0002720669469976377 9.3174255556463048e-05 -0.0002465593926114055
leaf_weight=32 26 257 25 151 297 299 290 31 353 64 123 61 80 112
leaf_count=32 26 257 25 151 297 299 290 31 353 64 123 61 80 112
internal_value=-7.12752e-06 8.04476e-06 -1.42949e-06 -0.000179694 -7.55049e-06 -2.64284e-05 -5.05779e-05 -8.77315e-06 -4.69147e-05 -3.16668e-05 -9.81942e-05 2.49975e-05 -0.000186491 -0.000105254
internal_weight=2201 2024 1992 177 1967 1710 1411 1121 824 793 440 184 256 192
internal_count=2201 2024 1992 177 1967 1710 1411 1121 824 793 440 184 256 192
is_linear=0
shrinkage=0.03


Tree=253
num_leaves=15
num_cat=0
split_feature=6 14 13 14 1 11 13 11 4 16 14 18 14 11
split_gain=0.00609894 0.0246755 0.00992648 0.00531602 0.00506796 0.00585516 0.00673354 0.00602345 0.00476085 0.00447093 0.00596796 0.00692709 0.00528678 0.0044256
threshold=1.5000000000000002 50.500000000000007 33.500000000000007 62.500000000000007 1.0000000180025095e-35 89.500000000000014 89.500000000000014 86.500000000000014 1.5000000000000002 102.21428571428574 91.500000000000014 92.125000000000014 71.500000000000014 77.500000000000014
decision_type=2 2 2 2 2 2 2 2 2 2 2 2 2 2
left_child=1 -1 -2 -3 5 7 -7 -4 13 10 11 -5 -13 -6
right_child=2 3 4 9 8 6 -8 -9 -10 -11 -12 12 -14 -15
leaf_value=0.00093086142381974336 -0.00048581570478935915 -0.00023155159971554627 2.196396149388556e-05 0.00027778271458449956 3.9145433402154597e-05 -6.1832313984082495e-05 -0.00056258492506458416 0.00036028174211969599 -0.00022201676016843448 0.00044861280148884711 -5.9042490289708939e-05 -0.00037209329848337803 0.00016191329002114278 -0.00021497429158668689
leaf_weight=28 42 60 902 142 224 126 29 49 188 25 237 31 34 84
leaf_count=28 42 60 902 142 224 126 29 49 188 25 237 31 34 84
internal_value=-6.91825e-06 7.87904e-05 -3.59873e-05 3.2019e-05 -2.38983e-05 1.18494e-05 -0.000158527 3.97558e-05 -0.000103473 6.6159e-05 4.36647e-05 0.000160976 -9.45458e-05 -3.06314e-05
internal_weight=2201 557 1644 529 1602 1106 155 951 496 469 444 207 65 308
internal_count=2201 557 1644 529 1602 1106 155 951 496 469 444 207 65 308
is_linear=0
shrinkage=0.03


Tree=254
num_leaves=15
num_cat=0
split_feature=4 13 16 13 2 5 4 5 4 14 16 6 16 16
split_gain=0.00594731 0.0117028 0.00559095 0.00524639 0.00481936 0.0185132 0.0137472 0.0125877 0.00872071 0.00869918 0.00730021 0.00794436 0.00713835 0.00708412
threshold=2.5000000000000004 1.0000000180025095e-35 102.21428571428574 44.500000000000007 1.0000000180025095e-35 31.500000000000004 1.5000000000000002 32.500000000000007 1.5000000000000002 53.500000000000007 89.214285714285737 1.5000000000000002 75.309523809523824 73.214285714285737
decision_type=2 2 2 2 2 2 2 2 2 2 2 2 2 2
left_child=1 -1 4 -2 5 -3 -7 9 10 -8 11 -6 -9 -13
right_child=3 2 -4 -5 8 6 7 12 -10 -11 -12 13 -14 -15
leaf_value=0.00056823390356095676 -0.00055856783848462824 -0.00056872787676963648 0.00043567203907654258 -0.00010333032503312048 0.00048007897741626944 5.0317949084793387e-05 0.00042044212014230267 -0.00022372038742241962 0.00025647791062829127 -6.9166017266765906e-05 -0.00036489441038018252 0.00012073648526750599 -0.00073987457202747461 -0.00021084555403583431
leaf_weight=32 26 55 25 151 32 984 42 252 159 135 45 139 26 98
leaf_count=32 26 55 25 151 32 984 42 252 159 135 45 139 26 98
internal_value=-6.71028e-06 7.90691e-06 -1.37492e-06 -0.000172964 -7.14822e-06 -3.35726e-05 -1.27377e-05 -0.000148915 7.62096e-05 4.87215e-05 -1.55973e-05 4.39704e-05 -0.000274473 -1.66832e-05
internal_weight=2201 2024 1992 177 1967 1494 1439 455 473 177 314 269 278 237
internal_count=2201 2024 1992 177 1967 1494 1439 455 473 177 314 269 278 237
is_linear=0
shrinkage=0.03


Tree=255
num_leaves=15
num_cat=0
split_feature=12 16 18 14 18 11 13 18 12 15 6 18 6 11
split_gain=0.00712532 0.00498832 0.0113181 0.00712389 0.0057643 0.0088466 0.0117134 0.0102303 0.00915912 0.00713305 0.00696596 0.00643616 0.00609613 0.00592701
threshold=1.0000000180025095e-35 58.226190476190482 58.583333333333336 61.500000000000007 68.291666666666671 46.500000000000007 46.500000000000007 60.291666666666679 46.500000000000007 66.166666666666671 3.5000000000000004 58.875000000000007 3.5000000000000004 55.500000000000007
decision_type=2 2 2 2 2 2 2 2 2 2 2 2 2 2
left_child=-1 2 3 -2 5 7 -7 -3 11 12 13 -8 -10 -6
right_child=1 4 -4 -5 10 6 8 -9 9 -11 -12 -13 -14 -15
leaf_value=0.00045324846107001985 5.8497051581980487e-05 8.3875007915776222e-05 -0.00055004736692353617 -0.00027849897384658108 -0.00020571648227492152 -0.00020685991701611782 0.00025931868777500798 -0.0005919561229995238 0.00057762677189875035 0.00012084679862805291 -0.00042086472035551099 -0.00026593657084529029 0.00022211948806592584 1.2580915966690713e-05
leaf_weight=30 191 49 45 79 123 72 33 33 91 142 37 54 86 1150
leaf_count=30 191 49 45 79 123 72 33 33 91 142 37 54 86 1150
internal_value=1.61684e-06 -4.78856e-06 -0.000115034 -4.07693e-05 1.38337e-05 9.43029e-05 0.000143709 -0.000191961 0.000206235 0.00028046 -2.0611e-05 -6.6019e-05 0.000407113 -8.65637e-06
internal_weight=2215 2185 315 270 1870 560 478 82 406 319 1310 87 177 1273
internal_count=2215 2185 315 270 1870 560 478 82 406 319 1310 87 177 1273
is_linear=0
shrinkage=0.03


Tree=256
num_leaves=15
num_cat=0
split_feature=12 0 16 18 18 13 13 6 12 14 13 0 13 2
split_gain=0.00671795 0.00550082 0.00534347 0.013461 0.00815044 0.00617475 0.00585281 0.00581993 0.00529156 0.0051023 0.00438434 0.00432147 0.00377573 0.00373583
threshold=1.0000000180025095e-35 1.0000000180025095e-35 59.642857142857146 59.583333333333336 68.291666666666671 46.500000000000007 57.500000000000007 3.5000000000000004 74.500000000000014 61.500000000000007 81.500000000000014 1.5000000000000002 71.500000000000014 1.0000000180025095e-35
decision_type=2 2 2 2 2 2 2 2 2 2 2 2 2 2
left_child=-1 13 3 9 5 -4 8 -6 -7 -3 11 -8 -13 -2
right_child=1 2 4 -5 7 6 10 -9 -10 -11 -12 12 -14 -15
leaf_value=0.00044008963072912828 5.1641232806817954e-05 2.9772543866321505e-05 -0.00016637946190755989 -0.00065262006931880018 -3.1005421207056415e-05 0.00053348322928255677 0.00039769818083956266 -0.0004085710417252573 6.9774862157017301e-05 -0.00025903656424998189 0.00035647276191351311 0.00010475176695954839 -0.00014989277465012735 0.00029346553122965046
leaf_weight=30 221 176 62 39 1122 58 25 37 36 79 44 113 96 77
leaf_count=30 221 176 62 39 1122 58 25 37 36 79 44 113 96 77
internal_value=1.55843e-06 -4.66116e-06 -2.35932e-05 -0.000140875 -1.87326e-06 0.000108871 0.000155069 -4.34007e-05 0.000358497 -6.0364e-05 8.52456e-05 3.29458e-05 -1.23709e-05 0.000114899
internal_weight=2215 2185 1887 294 1593 434 372 1159 94 255 278 234 209 298
internal_count=2215 2185 1887 294 1593 434 372 1159 94 255 278 234 209 298
is_linear=0
shrinkage=0.03


Tree=257
num_leaves=15
num_cat=0
split_feature=12 0 16 18 18 11 13 12 15 16 6 14 11 15
split_gain=0.00633334 0.00517861 0.00503535 0.0127813 0.00767814 0.00802985 0.00852657 0.00807887 0.00675717 0.00601112 0.0054856 0.00464224 0.00461268 0.00804524
threshold=1.0000000180025095e-35 1.0000000180025095e-35 59.642857142857146 58.583333333333336 68.291666666666671 46.500000000000007 46.500000000000007 46.500000000000007 63.500000000000007 61.785714285714292 3.5000000000000004 61.500000000000007 55.500000000000007 69.833333333333357
decision_type=2 2 2 2 2 2 2 2 2 2 2 2 2 2
left_child=-1 -2 3 11 5 9 -7 -8 -9 -4 12 -3 -6 -14
right_child=1 2 4 -5 10 6 7 8 -10 -11 -12 -13 13 -15
leaf_value=0.00042731282072171808 0.00011148621589598521 5.1687490781081243e-05 0.00012299616322986997 -0.00052351902897677721 -0.00020921850521674436 -0.00021008359438274055 -0.00012250496489419176 0.00049990956858314073 0.0001763569026256346 -0.00048969734941651535 -0.0003966364679294393 -0.00023847154627552479 0.00029169741114979053 -3.3253161616734754e-05
leaf_weight=30 298 164 25 60 115 49 54 84 190 32 37 70 73 934
leaf_count=30 298 164 25 60 115 49 54 84 190 32 37 70 73 934
internal_value=1.51993e-06 -4.519e-06 -2.28882e-05 -0.000136738 -1.80377e-06 0.000105684 0.000155911 0.00021106 0.000277005 -0.000223485 -4.211e-05 -3.57576e-05 -3.00761e-05 -9.43065e-06
internal_weight=2215 2185 1887 294 1593 434 377 328 274 57 1159 234 1122 1007
internal_count=2215 2185 1887 294 1593 434 377 328 274 57 1159 234 1122 1007
is_linear=0
shrinkage=0.03


Tree=258
num_leaves=15
num_cat=0
split_feature=6 14 11 18 4 16 18 17 17 16 14 14 4 16
split_gain=0.0059715 0.0350123 0.0101246 0.00591045 0.0055753 0.00618478 0.0146156 0.00741655 0.00662703 0.00553739 0.00899456 0.0104584 0.00713253 0.0104706
threshold=1.5000000000000002 48.500000000000007 36.500000000000007 86.291666666666671 1.0000000180025095e-35 80.619047619047635 76.125000000000014 16.107524769082001 17.443787268987986 65.071428571428584 89.500000000000014 96.000000000000014 2.5000000000000004 68.214285714285737
decision_type=2 2 2 2 2 2 2 2 2 2 2 2 2 2
left_child=1 -1 -2 4 -4 6 9 -8 -7 -6 12 -12 -11 -14
right_child=2 -3 3 -5 5 8 7 -9 -10 10 11 -13 13 -15
leaf_value=0.0011403943247407572 -0.00054722648399712682 3.2722552973635492e-05 0.00014629116963340454 -0.00031930047215220319 -6.5061034615763739e-05 0.00036480125206123505 -0.00059208816289901735 -0.00016498275657987073 -0.0001246735492951792 0.00018021009533531837 -0.00052426427535829127 0.00016899544454645365 0.00027629508259545627 -0.00047740450934865148
leaf_weight=26 32 528 190 55 620 69 54 113 38 346 44 34 28 38
leaf_count=26 32 528 190 55 620 69 54 113 38 346 44 34 28 38
internal_value=1.46699e-06 8.66682e-05 -2.69856e-05 -1.64365e-05 -5.6576e-06 -2.66082e-05 -4.50126e-05 -0.000305791 0.000191424 -5.5385e-06 6.97549e-05 -0.00022376 0.00012573 -0.000158302
internal_weight=2215 554 1661 1629 1574 1384 1277 167 107 1110 490 78 412 66
internal_count=2215 554 1661 1629 1574 1384 1277 167 107 1110 490 78 412 66
is_linear=0
shrinkage=0.03


Tree=259
num_leaves=15
num_cat=0
split_feature=12 0 16 15 14 13 12 13 16 13 16 0 12 11
split_gain=0.0059201 0.00492179 0.00451556 0.00607851 0.00562473 0.00496335 0.00586419 0.00837883 0.00569989 0.00586584 0.00987752 0.00859141 0.00466803 0.00544972
threshold=1.0000000180025095e-35 1.0000000180025095e-35 59.642857142857146 58.833333333333336 61.500000000000007 71.500000000000014 67.500000000000014 46.500000000000007 95.226190476190496 78.500000000000014 68.071428571428584 5.5000000000000009 55.500000000000007 107.50000000000001
decision_type=2 2 2 2 2 2 2 2 2 2 2 2 2 2
left_child=-1 -2 3 4 -3 6 7 -4 9 11 -11 -7 -12 -14
right_child=1 2 5 -5 -6 8 -8 -9 -10 10 12 -13 13 -15
leaf_value=0.00041308346689249679 0.00010866976667641947 4.0631277295233302e-05 -0.0001942904006080845 -0.00039974121045088394 -0.0002715452116620787 -0.00031706408691766576 3.1239958411986107e-06 0.00029927936864600289 0.00015471510635182181 0.00026996974943295054 -0.00030653942359292515 0.00017725164951116313 -1.7792610680795535e-05 -0.00044898188781059749
leaf_weight=30 298 159 38 59 76 155 459 153 111 85 68 39 458 27
leaf_count=30 298 159 38 59 76 155 459 153 111 85 68 39 458 27
internal_value=1.41614e-06 -4.42242e-06 -2.23303e-05 -0.000130144 -6.10507e-05 -2.36338e-06 6.13652e-05 0.000200582 -4.63093e-05 -7.32822e-05 -2.92208e-05 -0.000217292 -7.56129e-05 -4.26714e-05
internal_weight=2215 2185 1887 294 235 1593 650 191 943 832 638 194 553 485
internal_count=2215 2185 1887 294 235 1593 650 191 943 832 638 194 553 485
is_linear=0
shrinkage=0.03


Tree=260
num_leaves=15
num_cat=0
split_feature=6 15 13 14 14 14 13 4 5 17 2 13 5 4
split_gain=0.00625693 0.0229715 0.0114169 0.00638825 0.00900936 0.00498451 0.00369197 0.00401179 0.00857709 0.0138883 0.00944219 0.00535759 0.00487668 0.00464179
threshold=1.5000000000000002 66.166666666666671 36.500000000000007 89.500000000000014 90.500000000000014 87.500000000000014 59.500000000000007 1.5000000000000002 32.500000000000007 12.500476145128383 1.0000000180025095e-35 54.500000000000007 32.500000000000007 2.5000000000000004
decision_type=2 2 2 2 2 2 2 2 2 2 2 2 2 2
left_child=1 -1 -2 5 -5 6 7 8 10 -10 -4 -11 13 -9
right_child=2 -3 3 4 -6 -7 -8 12 9 11 -12 -13 -14 -15
leaf_value=0.00095854469991396541 -0.00051730962831892865 4.462965582720594e-05 -0.00038159458214649927 -0.00057235425881893803 -7.1314811258250087e-05 0.00029447997202518869 -4.3931767714538564e-05 0.00026526281890082394 0.00090385435601302347 4.4612800645790334e-05 0.00015367054446259104 0.00044956764832022596 -0.00020127249160769247 -0.00010068598991746247
leaf_weight=25 41 519 49 40 154 51 831 62 25 112 72 39 94 61
leaf_count=25 41 519 49 40 154 51 831 62 25 112 72 39 94 61
internal_value=3.00787e-07 8.83112e-05 -2.90901e-05 -1.61836e-05 -0.000177027 6.27935e-06 -4.85936e-06 5.82729e-05 0.00012974 0.000262848 -6.44408e-05 0.000151473 -3.96874e-05 8.44276e-05
internal_weight=2175 544 1631 1590 194 1396 1345 514 297 176 121 151 217 123
internal_count=2175 544 1631 1590 194 1396 1345 514 297 176 121 151 217 123
is_linear=0
shrinkage=0.03


Tree=261
num_leaves=15
num_cat=0
split_feature=2 5 18 4 18 5 11 14 0 0 11 14 4 18
split_gain=0.00561033 0.0271643 0.0195279 0.0173921 0.0140695 0.0149838 0.0085331 0.00761599 0.00602114 0.00716082 0.00556383 0.00543385 0.00502848 0.00689051
threshold=1.0000000180025095e-35 31.500000000000004 51.875000000000007 1.5000000000000002 74.125000000000014 32.500000000000007 44.500000000000007 78.500000000000014 5.5000000000000009 1.0000000180025095e-35 76.500000000000014 85.000000000000014 1.5000000000000002 90.125000000000014
decision_type=2 2 2 2 2 2 2 2 2 2 2 2 2 2
left_child=1 -1 -2 -3 5 7 -4 -5 9 10 -8 -10 13 -11
right_child=2 3 6 4 -6 -7 8 -9 11 12 -12 -13 -14 -15
leaf_value=-0.00057675200274948449 0.00083449163552421813 6.6791993389355643e-05 -0.00045569690980482849 0.00033378471025692608 -0.00051429969572714849 -0.00021733597285430653 0.00063350752871162413 -0.00020652567615798035 0.00056653757637832309 -4.089205954517018e-05 7.9299281205749131e-05 3.5580926083235274e-06 8.781177368533424e-05 -0.00049644180652441195
leaf_weight=77 28 1003 29 89 81 234 28 31 37 206 38 26 234 34
leaf_count=77 28 1003 29 89 81 234 28 31 37 206 38 26 234 34
internal_value=3.08669e-07 -3.14922e-05 7.32434e-05 -1.91492e-06 -0.000160126 -7.78652e-05 3.82522e-05 0.000193651 6.27227e-05 3.00555e-05 0.000320364 0.000337883 -1.09565e-05 -0.00010722
internal_weight=2175 1515 660 1438 435 354 632 120 603 540 66 63 474 240
internal_count=2175 1515 660 1438 435 354 632 120 603 540 66 63 474 240
is_linear=0
shrinkage=0.03


Tree=262
num_leaves=15
num_cat=0
split_feature=6 15 11 14 14 4 16 12 12 2 15 12 12 12
split_gain=0.00614172 0.0214895 0.0115163 0.00584066 0.00850627 0.00568147 0.00561088 0.00509155 0.00935722 0.00844413 0.00944729 0.00501053 0.00479403 0.00459423
threshold=1.5000000000000002 66.166666666666671 36.500000000000007 89.500000000000014 90.500000000000014 2.5000000000000004 67.928571428571445 107.50000000000001 94.500000000000014 1.0000000180025095e-35 83.833333333333357 111.50000000000001 60.500000000000007 58.500000000000007
decision_type=2 2 2 2 2 2 2 2 2 2 2 2 2 2
left_child=1 -1 -2 5 -5 12 -7 8 9 -3 -11 -9 13 -4
right_child=2 7 3 4 -6 6 -8 11 -10 10 -12 -13 -14 -15
leaf_value=0.00092919552983053454 -0.00061118283681571486 -9.3914387388567035e-05 6.8981892586894637e-05 -0.0005559069826764554 -6.9060365333326992e-05 -4.2222681383056372e-05 -0.00045623160887528984 -0.00043752943741024602 0.00032832145958276336 0.00061036848040346638 -4.6442399824237713e-06 1.0001059659998646e-05 -2.1049441649533349e-05 0.00039157634036779529
leaf_weight=25 29 221 419 40 154 86 44 34 109 37 55 63 816 43
leaf_count=25 29 221 419 40 154 86 44 34 109 37 55 63 816 43
internal_value=3.00758e-07 8.74971e-05 -2.88183e-05 -1.79014e-05 -0.000171777 3.40707e-06 -0.000184762 4.52439e-05 9.0308e-05 6.63991e-06 0.000246601 -0.000149729 2.26774e-05 9.97878e-05
internal_weight=2175 544 1631 1602 194 1408 130 519 422 313 92 97 1278 462
internal_count=2175 544 1631 1602 194 1408 130 519 422 313 92 97 1278 462
is_linear=0
shrinkage=0.03


Tree=263
num_leaves=15
num_cat=0
split_feature=4 12 0 0 0 2 5 12 12 12 16 17 12 12
split_gain=0.00550527 0.00873998 0.00621878 0.00634873 0.01049 0.00642725 0.0186051 0.00566557 0.00770995 0.0153058 0.0072636 0.00651802 0.00932583 0.00538957
threshold=2.5000000000000004 35.000000000000007 1.0000000180025095e-35 5.5000000000000009 4.5000000000000009 1.0000000180025095e-35 31.500000000000004 71.500000000000014 94.500000000000014 89.500000000000014 72.154761904761912 20.014280615886229 74.500000000000014 107.50000000000001
decision_type=2 2 2 2 2 2 2 2 2 2 2 2 2 2
left_child=1 -1 -3 4 7 6 -5 -4 9 11 -11 12 -9 -10
right_child=-2 2 3 5 -6 -7 -8 8 13 10 -12 -13 -14 -15
leaf_value=0.00056134784535410856 -0.00015533558426732708 0.00014526558829995113 7.7942366432752272e-05 -0.00068613145467160005 -0.00020561546383008963 0.00038414336176731834 0.00013626523653592558 -0.00057633832041756252 0.00018628562394640443 -4.4740995120134483e-05 -0.00062572143334130358 0.00041205203897940617 -1.8290255540521458e-05 -0.00011939603164252349
leaf_weight=25 186 256 486 27 275 61 213 29 151 27 69 26 266 78
leaf_count=25 186 256 486 27 275 61 213 29 151 27 69 26 266 78
internal_value=2.92379e-07 1.49166e-05 7.67884e-06 -1.3016e-05 -3.978e-05 0.000111808 4.12825e-05 6.52754e-07 -5.75245e-05 -0.000134214 -0.000464466 -3.43113e-05 -7.4911e-05 8.21006e-05
internal_weight=2175 1989 1964 1708 1407 301 240 1132 646 417 96 321 295 229
internal_count=2175 1989 1964 1708 1407 301 240 1132 646 417 96 321 295 229
is_linear=0
shrinkage=0.03


Tree=264
num_leaves=15
num_cat=0
split_feature=6 15 11 18 4 12 12 2 15 12 18 15 2 5
split_gain=0.00585504 0.0201283 0.0109429 0.00491462 0.00514677 0.00467857 0.00858469 0.00789861 0.00892632 0.00475125 0.00459532 0.00792059 0.00565905 0.0209282
threshold=1.5000000000000002 66.166666666666671 36.500000000000007 88.625000000000014 1.0000000180025095e-35 107.50000000000001 94.500000000000014 1.0000000180025095e-35 83.833333333333357 111.50000000000001 73.625000000000014 78.833333333333357 1.0000000180025095e-35 31.500000000000004
decision_type=2 2 2 2 2 2 2 2 2 2 2 2 2 2
left_child=1 -1 -2 4 -4 6 7 -3 -9 -7 12 -12 13 -6
right_child=2 5 3 -5 10 9 -8 8 -10 -11 11 -13 -14 -15
leaf_value=0.00090001889437329595 -0.00059583690791623664 -8.968466396696827e-05 0.0001377980725558859 -0.00034174246676606918 -0.00063916528644990559 -0.00042264216170795923 0.00031569194232112992 0.00059324364141119946 -4.570267504147653e-06 1.3106162749636496e-05 -0.00026689485464509021 6.1533337243301319e-07 0.00011414982270575187 4.8956616417472691e-06
leaf_weight=25 29 221 188 40 48 34 109 37 55 63 173 233 301 619
leaf_count=25 29 221 188 40 48 34 109 37 55 63 173 233 301 619
internal_value=2.76323e-07 8.54133e-05 -2.8155e-05 -1.75133e-05 -8.99707e-06 4.45188e-05 8.7715e-05 7.57111e-06 0.000239649 -0.000142385 -2.91682e-05 -0.000113749 6.38747e-06 -4.2341e-05
internal_weight=2175 544 1631 1602 1562 519 422 313 92 97 1374 406 968 667
internal_count=2175 544 1631 1602 1562 519 422 313 92 97 1374 406 968 667
is_linear=0
shrinkage=0.03


Tree=265
num_leaves=15
num_cat=0
split_feature=18 2 16 14 7 0 16 4 15 0 14 16 14 16
split_gain=0.00473302 0.0110881 0.00890625 0.00444864 0.00441593 0.00438449 0.0050106 0.00436317 0.00552944 0.00459568 0.00505155 0.00467205 0.00426648 0.00400271
threshold=58.583333333333336 1.0000000180025095e-35 58.071428571428577 54.500000000000007 14.500000000000002 3.5000000000000004 55.773809523809533 2.5000000000000004 70.416666666666671 1.0000000180025095e-35 67.500000000000014 84.500000000000014 57.500000000000007 97.642857142857153
decision_type=2 2 2 2 2 2 2 2 2 2 2 2 2 2
left_child=1 4 -2 -3 5 6 -1 9 -9 10 12 -12 -4 -11
right_child=2 3 7 -5 -6 -7 -8 8 -10 13 11 -13 -14 -15
leaf_value=-0.00011250523151310127 -0.00043231288538354032 0.00064070532993914988 6.8038317336826225e-05 0.00017496967790066263 0.00015814644660278187 -0.00024226022013213615 0.00035371116542426699 -1.2454563790621855e-05 -0.00041759027823814597 -3.0775023624841628e-05 -5.8505211941687422e-05 0.00038445845155769755 0.00058734850105418655 0.00018360055129938612
leaf_weight=55 46 38 25 37 106 83 32 71 52 1412 103 26 33 82
leaf_count=55 46 38 25 37 106 83 32 71 52 1412 103 26 33 82
internal_value=-5.44004e-06 9.53987e-05 -2.46133e-05 0.000416268 7.018e-06 -8.75888e-05 6.10474e-05 -1.39837e-05 -0.000185718 -1.31485e-06 0.000138482 3.30449e-05 0.000368455 -1.88938e-05
internal_weight=2201 351 1850 75 276 170 87 1804 123 1681 187 129 58 1494
internal_count=2201 351 1850 75 276 170 87 1804 123 1681 187 129 58 1494
is_linear=0
shrinkage=0.03


Tree=266
num_leaves=15
num_cat=0
split_feature=18 12 2 11 11 16 17 11 13 17 11 12 12 11
split_gain=0.00445931 0.016227 0.0104489 0.00975404 0.00648954 0.0066397 0.00611572 0.00595795 0.00544638 0.00533886 0.00463771 0.00542183 0.00737968 0.00705094
threshold=58.583333333333336 44.500000000000007 1.0000000180025095e-35 46.500000000000007 53.500000000000007 61.226190476190482 13.770223223282899 70.500000000000014 47.500000000000007 13.770223223282899 41.500000000000007 37.500000000000007 50.500000000000007 50.500000000000007
decision_type=2 2 2 2 2 2 2 2 2 2 2 2 2 2
left_child=2 7 10 -3 6 9 -5 -2 -4 -6 -1 -12 -13 -14
right_child=1 3 8 4 5 -7 -8 -9 -10 -11 11 12 13 -15
leaf_value=-0.0002267640581139858 -0.00084289962346831867 -0.0003947911673305115 0.00071980817394796752 0.00059137496226217725 -0.000495001097364972 -8.3749418456344568e-07 9.9969509147762096e-05 -0.00019554472067214262 0.00019398914735536388 4.9935918043327267e-05 -0.00032749895690358243 0.00036163439134897265 0.00021758074672106886 -0.00024261182580601363
leaf_weight=59 27 56 29 27 44 1520 126 25 46 25 26 73 57 61
leaf_count=59 27 56 29 27 44 1520 126 25 46 25 26 73 57 61
internal_value=-5.25988e-06 -2.38705e-05 9.26196e-05 -8.61535e-06 4.01841e-06 -1.39941e-05 0.000189965 -0.000541233 0.000404102 -0.000299667 6.82448e-06 7.10836e-05 0.000126764 -2.0355e-05
internal_weight=2201 1850 351 1798 1742 1589 153 52 75 69 276 217 191 118
internal_count=2201 1850 351 1798 1742 1589 153 52 75 69 276 217 191 118
is_linear=0
shrinkage=0.03


Tree=267
num_leaves=15
num_cat=0
split_feature=18 11 2 17 17 13 18 17 18 6 18 2 0 11
split_gain=0.0042016 0.0142199 0.00985095 0.00623062 0.0065458 0.00513657 0.00482168 0.00469155 0.00444126 0.0044052 0.00538609 0.00540861 0.00459567 0.00436709
threshold=58.583333333333336 46.500000000000007 1.0000000180025095e-35 13.12667219774354 12.983506020001364 47.500000000000007 60.291666666666679 13.28048993880436 66.125000000000014 3.5000000000000004 68.291666666666671 1.0000000180025095e-35 1.0000000180025095e-35 41.500000000000007
decision_type=2 2 2 2 2 2 2 2 2 2 2 2 2 2
left_child=2 -2 13 4 6 -4 -3 -5 -8 10 11 -9 -12 -1
right_child=1 3 5 7 -6 -7 8 9 -10 -11 12 -13 -14 -15
leaf_value=-0.00022007452464595188 -0.00046983396825042641 -0.00039961716945981609 0.00069893374225648587 0.00038980442163502344 -0.00057651683595031495 0.00018829329542449099 0.00016579634187399446 8.193110775578502e-05 -0.00018635476911662234 -0.00015653408407815208 0.00015954996105002853 0.00046526832730938448 -2.2896538687009566e-05 6.8952340663115935e-05
leaf_weight=59 61 35 29 28 29 46 65 147 62 138 139 42 1104 217
leaf_count=59 61 35 29 28 29 46 65 147 62 138 139 42 1104 217
internal_value=-5.10878e-06 -2.31737e-05 8.99004e-05 -7.68981e-06 -0.000169164 0.000392339 -9.31534e-05 1.1704e-05 -6.23275e-06 4.71701e-06 2.0355e-05 0.000169118 -2.38238e-06 6.59617e-06
internal_weight=2201 1850 351 1789 191 75 162 1598 127 1570 1432 189 1243 276
internal_count=2201 1850 351 1789 191 75 162 1598 127 1570 1432 189 1243 276
is_linear=0
shrinkage=0.03


Tree=268
num_leaves=15
num_cat=0
split_feature=18 12 2 16 13 7 1 14 16 16 18 16 16 14
split_gain=0.00395845 0.0151198 0.00928694 0.00602919 0.00484437 0.00412248 0.00396326 0.00361111 0.00339779 0.00331724 0.00568365 0.0080016 0.00950669 0.00442835
threshold=58.583333333333336 44.500000000000007 1.0000000180025095e-35 58.071428571428577 47.500000000000007 14.500000000000002 1.0000000180025095e-35 51.500000000000007 55.773809523809533 97.142857142857153 86.291666666666671 83.464285714285737 84.785714285714292 75.500000000000014
decision_type=2 2 2 2 2 2 2 2 2 2 2 2 2 2
left_child=2 -2 5 -3 -4 6 8 -7 -1 10 11 13 -13 -5
right_child=1 3 4 9 -6 7 -8 -9 -10 -11 -12 12 -14 -15
leaf_value=-0.00010458795379068199 -0.00052188776641587712 -0.00037670515970183679 0.00067866465880069883 4.3501153355338894e-05 0.0001827646849028013 0.00038254780166495876 -0.00026499014091938596 2.0113894133828581e-05 0.00024422254005912692 0.00016561336230101783 -0.00014198220464336429 0.00065681964648926317 6.9872133769932561e-05 -6.7714994374182424e-05
leaf_weight=64 52 38 29 695 46 38 66 68 40 102 248 35 81 599
leaf_count=64 52 38 29 695 46 38 66 68 40 102 248 35 81 599
internal_value=-4.95297e-06 -2.24874e-05 8.72661e-05 -7.76213e-06 0.000380919 6.38192e-06 -8.50259e-05 0.000152404 3.06182e-05 4.13081e-07 -9.84373e-06 1.34818e-05 0.000251069 -7.99397e-06
internal_weight=2201 1850 351 1798 75 276 170 106 104 1760 1658 1410 116 1294
internal_count=2201 1850 351 1798 75 276 170 106 104 1760 1658 1410 116 1294
is_linear=0
shrinkage=0.03


Tree=269
num_leaves=15
num_cat=0
split_feature=6 16 13 13 18 12 12 12 12 13 13 13 18 16
split_gain=0.00388889 0.00899661 0.00503628 0.00468637 0.00458113 0.00830223 0.00585203 0.00473612 0.00731313 0.00554688 0.00443297 0.00440016 0.00829615 0.00546634
threshold=1.5000000000000002 70.773809523809533 33.500000000000007 55.500000000000007 86.291666666666671 69.500000000000014 77.500000000000014 55.500000000000007 76.500000000000014 90.500000000000014 67.500000000000014 76.500000000000014 75.125000000000014 68.642857142857153
decision_type=2 2 2 2 2 2 2 2 2 2 2 2 2 2
left_child=1 -1 -2 -3 7 -6 -7 -5 9 -9 -4 12 13 -12
right_child=2 3 10 4 5 6 -8 8 -10 -11 11 -13 -14 -15
leaf_value=0.00055217850214830835 -0.00037401532683508921 -0.00033689322239109155 3.0215572846378227e-05 -0.00020041927406314893 -0.00048504428679499993 0.00031914497864468454 -3.6039924921255381e-05 0.00074268499844680155 8.1027776905719264e-05 0.00015931241708001055 -0.00019004833736159654 -2.0717488415093961e-05 -0.00058663034069468263 0.00013989222405084986
leaf_weight=31 36 28 798 27 30 51 211 33 117 27 167 548 36 61
leaf_count=31 36 28 798 27 30 51 211 33 117 27 167 548 36 61
internal_value=-4.79122e-06 6.38131e-05 -2.7948e-05 3.39245e-05 5.54935e-05 -2.07553e-05 3.40497e-05 0.000164203 0.000220637 0.000487083 -1.99825e-05 -6.92915e-05 -0.000169661 -0.000101549
internal_weight=2201 555 1646 524 496 292 262 204 177 60 1610 812 264 228
internal_count=2201 555 1646 524 496 292 262 204 177 60 1610 812 264 228
is_linear=0
shrinkage=0.03


Tree=270
num_leaves=15
num_cat=0
split_feature=0 18 12 6 18 12 11 2 0 0 12 15 15 11
split_gain=0.00623409 0.00693476 0.0132784 0.00834739 0.00616874 0.0132701 0.00826231 0.00660681 0.0054679 0.00610303 0.0071025 0.00523694 0.00905681 0.00439897
threshold=3.5000000000000004 56.625000000000007 45.500000000000007 3.5000000000000004 69.583333333333357 55.500000000000007 55.500000000000007 1.0000000180025095e-35 5.5000000000000009 4.5000000000000009 89.500000000000014 62.833333333333336 65.166666666666671 75.500000000000014
decision_type=2 2 2 2 2 2 2 2 2 2 2 2 2 2
left_child=1 2 -1 4 7 -6 -7 11 9 10 -2 -3 -13 -12
right_child=8 3 -4 -5 5 6 -8 -9 -10 -11 13 12 -14 -15
leaf_value=0.00066217243593807019 5.7789313656759635e-05 -7.8941407691672795e-05 3.2924930250550051e-05 -0.00017517399685102182 -0.00038356853249764828 -0.0003977924655274754 7.7064761106011894e-05 0.00051539720831153145 3.4749876999086629e-05 -0.00020553914918546769 -5.2150576209117259e-05 0.0007176035011394157 8.0895154458428595e-05 -0.00050163041136233675
leaf_weight=44 246 79 92 176 70 34 573 43 340 324 41 26 80 37
leaf_count=44 246 79 92 176 70 34 573 43 340 324 41 26 80 37
internal_value=-6.66628e-06 3.8771e-05 0.000239852 1.32747e-05 5.00762e-05 4.5414e-06 4.9856e-05 0.000184672 -6.26176e-05 -0.00011368 -2.14718e-05 0.000105443 0.000242316 -0.000269016
internal_weight=2205 1217 136 1081 905 677 607 228 988 648 324 185 106 78
internal_count=2205 1217 136 1081 905 677 607 228 988 648 324 185 106 78
is_linear=0
shrinkage=0.03


Tree=271
num_leaves=15
num_cat=0
split_feature=1 18 2 12 16 16 12 12 16 15 4 14 14 18
split_gain=0.00574465 0.00656222 0.0116543 0.00848901 0.00657846 0.0060074 0.00606292 0.0111154 0.00581395 0.0052276 0.00457928 0.00449932 0.00636632 0.0065909
threshold=1.0000000180025095e-35 57.375000000000007 1.0000000180025095e-35 45.500000000000007 54.928571428571438 58.071428571428577 89.500000000000014 92.500000000000014 52.071428571428577 52.833333333333336 2.5000000000000004 64.500000000000014 46.500000000000007 66.875000000000014
decision_type=2 2 2 2 2 2 2 2 2 2 2 2 2 2
left_child=1 2 4 -3 9 -5 -7 -8 -2 -1 11 12 -10 -14
right_child=8 3 -4 5 -6 6 7 -9 10 -11 -12 -13 13 -15
leaf_value=8.4053988663430058e-05 -0.00046242935298163073 -0.00036579804391496712 0.00060169023239955381 -0.000330734161932839 0.00037408489323570394 7.1479014013212829e-05 -0.0003466700978064256 2.6804473313791616e-05 -0.0002893744618631899 -0.00037624081074526266 -0.00033805955555385014 -9.1628316586498876e-05 0.0004045803381484889 6.7849035860553127e-07
leaf_weight=60 33 53 46 42 39 903 97 267 32 34 48 403 62 86
leaf_count=60 33 53 46 42 39 903 97 267 32 34 48 403 62 86
internal_value=-6.46107e-06 2.53268e-05 0.000195565 2.82633e-06 5.16587e-05 1.80194e-05 2.9832e-05 -7.33975e-05 -8.01611e-05 -8.46435e-05 -5.94692e-05 -3.59925e-05 8.8388e-05 0.00017146
internal_weight=2205 1541 179 1362 133 1309 1267 364 664 94 631 583 180 148
internal_count=2205 1541 179 1362 133 1309 1267 364 664 94 631 583 180 148
is_linear=0
shrinkage=0.03


Tree=272
num_leaves=15
num_cat=0
split_feature=6 16 11 16 12 2 18 12 0 12 15 12 11 12
split_gain=0.00571459 0.0151795 0.00884423 0.00924441 0.0124202 0.0111207 0.00648858 0.00641406 0.00615723 0.00678207 0.00703726 0.00847175 0.00833121 0.0061527
threshold=3.5000000000000004 58.226190476190482 45.500000000000007 67.464285714285737 49.500000000000007 1.0000000180025095e-35 69.291666666666671 36.500000000000007 1.0000000180025095e-35 75.500000000000014 69.833333333333357 55.500000000000007 71.500000000000014 76.500000000000014
decision_type=2 2 2 2 2 2 2 2 2 2 2 2 2 2
left_child=1 -1 -3 5 -5 -4 7 -2 -6 10 12 -12 -10 -11
right_child=6 2 3 4 8 -7 -8 -9 9 13 11 -13 -14 -15
leaf_value=0.00060612086571591825 -0.00052675238940327494 -0.0004577940639622587 9.8642713782512448e-05 -0.00060712035869308289 0.00017607321117643954 0.00065039162884484257 -0.00055356938203868385 -4.3051693818728929e-05 1.026990621835995e-05 -0.00046270144230220467 -0.00025315646672035137 9.1820974509270546e-05 0.00060122765584806495 -6.0068201081134513e-05
leaf_weight=38 25 35 213 30 157 38 25 490 42 35 83 269 43 682
leaf_count=38 25 35 213 30 157 38 25 490 42 35 83 269 43 682
internal_value=-6.28135e-06 2.12305e-05 7.206e-06 1.771e-05 -1.36087e-05 0.000184424 -9.09921e-05 -6.75076e-05 4.25211e-07 -2.36032e-05 6.94569e-05 9.99014e-06 0.00031274 -8.03396e-05
internal_weight=2205 1665 1627 1592 1341 251 540 515 1311 1154 437 352 85 717
internal_count=2205 1665 1627 1592 1341 251 540 515 1311 1154 437 352 85 717
is_linear=0
shrinkage=0.03


Tree=273
num_leaves=15
num_cat=0
split_feature=0 18 12 12 16 16 0 0 12 11 18 12 12 11
split_gain=0.00546031 0.00631964 0.0123627 0.00760479 0.00889197 0.00557913 0.00516731 0.00545135 0.00645216 0.00814634 0.00504101 0.00718799 0.00634251 0.0056159
threshold=3.5000000000000004 56.625000000000007 45.500000000000007 46.500000000000007 63.773809523809533 58.071428571428577 5.5000000000000009 4.5000000000000009 75.500000000000014 75.500000000000014 67.125000000000014 52.500000000000007 60.500000000000007 55.500000000000007
decision_type=2 2 2 2 2 2 2 2 2 2 2 2 2 2
left_child=1 2 -1 4 -3 -5 7 8 -2 -10 12 -12 -7 -13
right_child=6 3 -4 5 -6 10 -8 -9 9 -11 11 13 -14 -15
leaf_value=0.00063587134265496081 0.00011257545191289691 -3.8622322766115048e-05 2.874703839845625e-05 -0.00030496944423897984 -0.0007283490611007437 0.00046409902089129351 3.6181120298901176e-05 -0.00019492338367269369 2.0374105604750349e-05 -0.00041148264417477712 -0.0004197926716931926 -0.00022501186629834472 8.0186930949543129e-05 5.9262285897779317e-05
leaf_weight=44 162 48 92 41 25 52 340 324 97 65 32 68 146 669
leaf_count=44 162 48 92 41 25 52 340 324 97 65 32 68 146 669
internal_value=-6.10283e-06 3.64211e-05 0.000228377 1.20824e-05 -0.000281481 3.36004e-05 -5.84669e-05 -0.000108107 -2.09581e-05 -0.000154363 4.82557e-05 1.34114e-05 0.000182838 3.27641e-05
internal_weight=2205 1217 136 1081 73 1008 988 648 324 162 967 769 198 737
internal_count=2205 1217 136 1081 73 1008 988 648 324 162 967 769 198 737
is_linear=0
shrinkage=0.03


Tree=274
num_leaves=15
num_cat=0
split_feature=6 16 11 16 12 2 17 8 16 18 12 0 12 15
split_gain=0.00555633 0.014265 0.00820566 0.00867576 0.0114521 0.0105798 0.00821585 0.0101092 0.0104309 0.00600804 0.00613973 0.00568848 0.00622214 0.00660146
threshold=3.5000000000000004 58.226190476190482 45.500000000000007 67.464285714285737 49.500000000000007 1.0000000180025095e-35 13.692629223385604 4.4000000000000012 65.214285714285737 69.291666666666671 36.500000000000007 1.0000000180025095e-35 75.500000000000014 69.833333333333357
decision_type=2 2 2 2 2 2 2 2 2 2 2 2 2 2
left_child=1 -1 -3 5 -5 6 -4 -8 -9 10 -2 -6 13 -13
right_child=9 2 3 4 11 -7 7 8 -10 -11 -12 12 -14 -15
leaf_value=0.0005881943262535899 -0.00051617826057526357 -0.00044029873248897875 0.00030764931980933576 -0.00058253512732804786 0.00016968205258216344 0.00063371363866071291 -0.00052511099969706262 -0.00012290359938993962 0.00056497789068340229 -0.00053459016131595348 -4.293003940777929e-05 0.00030252158999859982 -7.6587427660995637e-05 9.2971824132247849e-06
leaf_weight=38 25 35 92 30 157 38 31 62 28 25 490 85 717 352
leaf_count=38 25 35 92 30 157 38 31 62 28 25 490 85 717 352
internal_value=-5.9318e-06 2.11963e-05 7.60044e-06 1.77177e-05 -1.26228e-05 0.000179223 9.55573e-05 -6.69026e-05 9.49608e-05 -8.94614e-05 -6.68591e-05 8.52708e-07 -2.22433e-05 6.68922e-05
internal_weight=2205 1665 1627 1592 1341 251 213 121 90 540 515 1311 1154 437
internal_count=2205 1665 1627 1592 1341 251 213 121 90 540 515 1311 1154 437
is_linear=0
shrinkage=0.03


Tree=275
num_leaves=15
num_cat=0
split_feature=4 17 14 17 0 0 14 18 0 7 17 17 14 14
split_gain=0.00537336 0.00693376 0.00687203 0.0141877 0.00582806 0.00763361 0.00687276 0.00801047 0.00680743 0.00478298 0.0041782 0.00349064 0.00338903 0.00412647
threshold=2.5000000000000004 17.443787268987986 1.0000000180025095e-35 16.336489467617959 1.5000000000000002 5.5000000000000009 91.500000000000014 63.583333333333336 4.5000000000000009 14.500000000000002 15.560940111151586 15.955294687702233 45.500000000000007 53.500000000000007
decision_type=2 2 2 2 2 2 2 2 2 2 2 2 2 2
left_child=2 11 3 -1 -4 8 7 9 12 -7 -9 -2 -6 -14
right_child=1 -3 4 -5 5 6 -8 10 -10 -11 -12 -13 13 -15
leaf_value=0.00076252905882111829 -0.00015360349883225611 -0.00053600397945514748 8.6752280445434195e-05 -6.311135201196355e-05 -0.00026060595667721435 -0.00013194617719049204 -0.00015700118959648533 0.00061218924926764045 -0.00018530261184974609 0.00026828086293279762 0.0002271857155501493 0.00017898611971199548 0.00020648669577464092 -2.6735916775838371e-05
leaf_weight=32 104 34 547 43 48 77 69 38 306 40 79 38 75 671
leaf_count=32 104 34 547 43 48 77 69 38 306 40 79 38 75 671
internal_value=8.42638e-07 -0.000157673 1.46908e-05 0.00029456 3.78113e-06 -2.86063e-05 0.0001045 0.000181949 -6.53326e-05 5.99757e-06 0.000356358 -6.39714e-05 -1.89223e-05 -3.04357e-06
internal_weight=2201 176 2025 75 1950 1403 303 234 1100 117 117 142 794 746
internal_count=2201 176 2025 75 1950 1403 303 234 1100 117 117 142 794 746
is_linear=0
shrinkage=0.03


Tree=276
num_leaves=15
num_cat=0
split_feature=4 5 4 13 2 18 5 2 18 18 17 18 6 11
split_gain=0.00519601 0.0224205 0.0121497 0.00789027 0.00705402 0.00694215 0.00864628 0.016316 0.01103 0.00674281 0.00653724 0.00613021 0.00532348 0.00591247
threshold=1.5000000000000002 32.500000000000007 2.5000000000000004 53.500000000000007 1.0000000180025095e-35 51.583333333333336 31.500000000000004 1.0000000180025095e-35 89.875000000000014 70.625000000000014 17.443787268987986 74.875000000000014 1.5000000000000002 62.500000000000007
decision_type=2 2 2 2 2 2 2 2 2 2 2 2 2 2
left_child=5 2 3 -2 11 -1 7 -7 12 -3 -4 -5 -9 -14
right_child=1 9 10 4 -6 6 -8 8 -10 -11 -12 -13 13 -15
leaf_value=0.00052228776384324112 0.00041282935637173066 -0.00021090567106372103 -6.2046924301469329e-05 9.239079311858707e-05 0.00022411598158312798 -0.00069516902663619123 7.328536654918311e-05 0.0003396857800738265 -0.0004605301689361627 -0.00061072521717743132 -0.00052038328932082676 -0.00029361023162935109 0.00018402485408103745 -0.00012841016388225206
leaf_weight=25 79 233 142 89 147 36 985 44 45 45 34 62 84 151
leaf_count=25 79 233 142 89 147 36 985 44 45 45 34 62 84 151
internal_value=8.28641e-07 -5.83151e-05 5.2215e-05 0.000148183 7.68792e-05 3.67198e-05 2.7313e-05 -9.83269e-05 -3.00762e-05 -0.000277582 -0.000153029 -6.69886e-05 4.07487e-05 -1.64247e-05
internal_weight=2201 831 553 377 298 1370 1345 360 324 278 176 151 279 235
internal_count=2201 831 553 377 298 1370 1345 360 324 278 176 151 279 235
is_linear=0
shrinkage=0.03


Tree=277
num_leaves=15
num_cat=0
split_feature=4 5 4 16 5 2 18 18 2 15 18 18 17 16
split_gain=0.00489225 0.0211061 0.0114421 0.00825968 0.007824 0.0161954 0.0104866 0.00760659 0.00825634 0.00681315 0.00656105 0.00635657 0.0061629 0.00577667
threshold=1.5000000000000002 32.500000000000007 2.5000000000000004 53.357142857142868 31.500000000000004 1.0000000180025095e-35 89.875000000000014 74.875000000000014 1.0000000180025095e-35 71.833333333333357 52.375000000000007 70.625000000000014 17.443787268987986 79.785714285714292
decision_type=2 2 2 2 2 2 2 2 2 2 2 2 2 2
left_child=3 2 7 -1 5 -5 -7 9 13 10 -2 -3 -4 -9
right_child=1 11 12 4 -6 6 -8 8 -10 -11 -12 -13 -14 -15
leaf_value=0.00051195399199059459 0.00056758944397188309 -0.00020460553998418617 -6.0198533092706848e-05 -0.00068970081251668361 6.8260560537107914e-05 4.1635571769899578e-05 -0.00044701461951341987 -0.00061392995227484224 0.0001523017933650408 0.00062978375909061954 8.5185728638039314e-05 -0.00059280176420029214 -0.00050521783918208837 -3.5648806078825143e-05
leaf_weight=31 31 233 142 36 978 280 45 25 119 38 125 45 34 39
leaf_count=31 31 233 142 36 978 280 45 25 119 38 125 45 34 39
internal_value=7.88343e-07 -5.66006e-05 5.06406e-05 3.56146e-05 2.42127e-05 -9.49779e-05 -2.71874e-05 0.000143772 4.82654e-06 0.000274143 0.000184053 -0.000269343 -0.000148537 -0.00026751
internal_weight=2201 831 553 1370 1339 361 325 377 183 194 156 278 176 64
internal_count=2201 831 553 1370 1339 361 325 377 183 194 156 278 176 64
is_linear=0
shrinkage=0.03


Tree=278
num_leaves=15
num_cat=0
split_feature=4 5 4 0 16 16 0 2 5 2 18 18 18 16
split_gain=0.0046041 0.0198712 0.0107779 0.0133335 0.00782395 0.00782128 0.00761766 0.0112599 0.00718937 0.0153981 0.0100065 0.00599244 0.00563182 0.0053823
threshold=1.5000000000000002 32.500000000000007 2.5000000000000004 2.5000000000000004 53.071428571428577 66.071428571428584 5.5000000000000009 1.0000000180025095e-35 31.500000000000004 1.0000000180025095e-35 89.875000000000014 70.625000000000014 74.875000000000014 58.773809523809533
decision_type=2 2 2 2 2 2 2 2 2 2 2 2 2 2
left_child=4 2 3 5 -1 -2 7 12 9 -6 13 -3 -5 -11
right_child=1 11 -4 6 8 -7 -8 -9 -10 10 -12 -13 -14 -15
leaf_value=0.00055001118334565451 0.00070646986419645446 -0.00019849360435331712 -0.00014417653238046638 -0.0001345122944912873 -0.00066956900494374535 0.00021324449805962462 0.00027598965063225481 0.00015647506994672617 6.6631558321774372e-05 0.00042317249084590004 -0.00043389571159976821 -0.00057540432174194034 -0.00061379078562216218 -1.8985296298664386e-06
leaf_weight=25 44 233 176 59 36 85 69 85 983 29 45 45 35 252
leaf_count=25 44 233 176 59 36 85 69 85 983 29 45 45 35 252
internal_value=7.49811e-07 -5.49234e-05 4.91333e-05 0.000139521 3.45349e-05 0.000385617 1.04776e-05 -9.28353e-05 2.4552e-05 -8.95824e-05 -2.3683e-05 -0.000261348 -0.00031755 4.33151e-05
internal_weight=2201 831 553 377 1370 129 248 179 1345 362 326 278 94 281
internal_count=2201 831 553 377 1370 129 248 179 1345 362 326 278 94 281
is_linear=0
shrinkage=0.03


Tree=279
num_leaves=15
num_cat=0
split_feature=4 5 4 0 16 16 0 2 5 2 16 17 16 17
split_gain=0.00433299 0.0187102 0.0101463 0.0125628 0.0073803 0.00737133 0.00717615 0.0106079 0.0067697 0.0145131 0.00846934 0.0104533 0.00698452 0.00623291
threshold=1.5000000000000002 32.500000000000007 2.5000000000000004 2.5000000000000004 53.071428571428577 66.071428571428584 5.5000000000000009 1.0000000180025095e-35 31.500000000000004 1.0000000180025095e-35 70.464285714285737 14.592072188793745 58.928571428571438 15.014278164332039
decision_type=2 2 2 2 2 2 2 2 2 2 2 2 2 2
left_child=4 2 3 5 -1 -2 7 13 9 -6 11 12 -11 -5
right_child=1 -3 -4 6 8 -7 -8 -9 -10 10 -12 -13 -14 -15
leaf_value=0.00053414546783852321 0.00068574675421405112 -0.00025359081191709263 -0.00013987567320404871 -7.1253601595526559e-05 -0.00065002483108106087 0.00020692155274615328 0.00026782824285328383 0.00015183540068053759 6.4634642307748606e-05 0.00036864246979045369 -0.00013793722357441379 0.00056696130479572387 -0.00022419402921651402 -0.00055917302981707388
leaf_weight=25 44 278 176 49 36 85 69 85 983 26 208 40 52 45
leaf_count=25 44 278 176 49 36 85 69 85 983 26 208 40 52 45
internal_value=7.22142e-07 -5.3287e-05 4.76842e-05 0.000135384 3.34974e-05 0.00037426 1.01252e-05 -9.01489e-05 2.38018e-05 -8.69513e-05 -2.29737e-05 0.00017913 -2.44169e-05 -0.000308259
internal_weight=2201 831 553 377 1370 129 248 179 1345 362 326 118 78 94
internal_count=2201 831 553 377 1370 129 248 179 1345 362 326 118 78 94
is_linear=0
shrinkage=0.03


Tree=280
num_leaves=15
num_cat=0
split_feature=6 18 12 15 11 13 11 11 15 16 7 12 12 12
split_gain=0.00523808 0.0203543 0.00666393 0.00513012 0.00588294 0.00627879 0.00507949 0.00717506 0.00722635 0.00709922 0.00532048 0.00705882 0.0048521 0.00694692
threshold=3.5000000000000004 56.125000000000007 37.500000000000007 52.500000000000007 37.500000000000007 38.500000000000007 75.500000000000014 50.500000000000007 59.500000000000007 68.214285714285737 11.000000000000002 77.500000000000014 75.500000000000014 55.500000000000007
decision_type=2 2 2 2 2 2 2 2 2 2 2 2 2 2
left_child=1 -1 -2 4 -4 -6 7 9 -9 -3 11 -10 13 -8
right_child=2 6 3 -5 5 -7 12 8 10 -11 -12 -13 -14 -15
leaf_value=0.00075783294401309616 -0.00044359640540589189 1.1234075016994347e-05 -0.00020070016250112841 -9.4358871963407234e-05 -8.5398996792112784e-05 0.00049055634770411416 -0.00012574311512364675 0.00047454502387984612 -0.00033566654613854268 -0.00051998633690263064 0.0001331136566217275 0.00010031281871811693 -0.00010280331774151664 0.00012205057294384901
leaf_weight=33 40 72 31 402 26 47 154 45 56 32 453 80 440 296
leaf_count=33 40 72 31 402 26 47 154 45 56 32 453 80 440 296
internal_value=4.85004e-06 3.13505e-05 -7.56774e-05 -4.57753e-05 0.000141129 0.00028704 1.61683e-05 7.43106e-05 0.000112213 -0.000155614 8.37728e-05 -8.03478e-05 -3.20734e-05 3.71593e-05
internal_weight=2207 1661 546 506 104 73 1628 738 634 104 589 136 890 450
internal_count=2207 1661 546 506 104 73 1628 738 634 104 589 136 890 450
is_linear=0
shrinkage=0.03


Tree=281
num_leaves=15
num_cat=0
split_feature=12 18 15 11 17 18 14 14 14 0 11 17 16 11
split_gain=0.00496489 0.00443136 0.00380105 0.00708077 0.0057495 0.00417894 0.00382178 0.00708666 0.00388526 0.00385524 0.00438125 0.00959168 0.00670592 0.00574963
threshold=1.0000000180025095e-35 46.625000000000007 52.500000000000007 43.500000000000007 10.564991605251302 55.375000000000007 107.50000000000001 104.50000000000001 120.00000000000001 1.0000000180025095e-35 53.500000000000007 13.825442385068433 57.642857142857146 50.500000000000007
decision_type=2 2 2 2 2 2 2 2 2 2 2 2 2 2
left_child=-1 -2 -3 5 -5 -4 7 9 -8 -6 11 -11 -12 -13
right_child=1 2 3 4 6 -7 8 -9 -10 10 12 13 -14 -15
leaf_value=0.0003946544370886966 -0.00037545971571359719 0.00016360452101317485 -9.6929997157798532e-05 -0.00040793229220435019 0.00012492591667134857 -0.00060377310059266164 -0.00032753172782169456 0.00043098324288793439 7.4504806535385018e-05 0.00051138930204857984 -0.00030421889115966958 -0.00012566920466876278 -8.7436645449443392e-06 0.00024847108688845764
leaf_weight=28 27 126 33 29 234 26 57 36 34 44 72 98 1305 58
leaf_count=28 27 126 33 29 234 26 57 36 34 44 72 98 1305 58
internal_value=4.70701e-06 -4.82525e-07 4.39432e-06 -5.58303e-06 4.20767e-06 -0.000326625 1.05821e-05 1.99718e-05 -0.000178143 1.15681e-05 -5.32075e-06 0.000125528 -2.44029e-05 1.41308e-05
internal_weight=2207 2179 2152 2026 1967 59 1938 1847 91 1811 1577 200 1377 156
internal_count=2207 2179 2152 2026 1967 59 1938 1847 91 1811 1577 200 1377 156
is_linear=0
shrinkage=0.03


Tree=282
num_leaves=15
num_cat=0
split_feature=6 15 12 14 14 14 14 12 12 12 17 18 13 13
split_gain=0.00483325 0.0254351 0.00795456 0.00587409 0.0081696 0.00532005 0.00520274 0.00475143 0.00563223 0.00505177 0.00718275 0.00664818 0.00548368 0.0118457
threshold=1.5000000000000002 66.166666666666671 36.500000000000007 89.500000000000014 90.500000000000014 107.50000000000001 104.50000000000001 59.500000000000007 58.500000000000007 81.500000000000014 15.260437310373815 75.625000000000014 53.500000000000007 77.500000000000014
decision_type=2 2 2 2 2 2 2 2 2 2 2 2 2 2
left_child=1 -1 -2 7 -5 6 -3 8 -4 12 11 -11 -9 -14
right_child=2 5 3 4 -6 -7 -8 9 -10 10 -12 -13 13 -15
leaf_value=0.00097869041750931894 -0.0004448486799866749 4.6865772942049035e-05 5.9213599420362295e-05 -0.00054809017511433915 -6.6307577494186383e-05 -0.00017288138735001784 0.00041840319201189746 3.0379886195116847e-05 0.00049022337500054128 0.00055939976821801712 -1.2615007626885838e-05 -1.9144201529167233e-05 -0.00029884893600468223 5.1659307428053576e-05
leaf_weight=26 38 413 472 39 154 91 36 234 28 43 245 30 212 146
leaf_count=26 38 413 472 39 154 91 36 234 28 43 245 30 212 146
internal_value=4.5617e-06 8.00757e-05 -2.15169e-05 -1.12105e-05 -0.000165986 3.508e-05 7.75186e-05 1.00778e-05 8.42805e-05 -3.07407e-05 6.557e-05 0.000324596 -8.24985e-05 -0.000156159
internal_weight=2207 566 1641 1603 193 540 449 1410 500 910 318 73 592 358
internal_count=2207 566 1641 1603 193 540 449 1410 500 910 318 73 592 358
is_linear=0
shrinkage=0.03


Tree=283
num_leaves=15
num_cat=0
split_feature=12 18 12 16 18 12 13 4 6 18 12 11 16 16
split_gain=0.00479677 0.00407714 0.00321954 0.00439374 0.00780372 0.00571228 0.00557101 0.00591123 0.00564289 0.00778514 0.0108185 0.00512022 0.00473059 0.00902924
threshold=1.0000000180025095e-35 46.625000000000007 59.500000000000007 76.500000000000014 86.125000000000014 93.500000000000014 53.500000000000007 1.0000000180025095e-35 1.5000000000000002 77.375000000000014 64.500000000000014 60.500000000000007 83.464285714285737 84.785714285714292
decision_type=2 2 2 2 2 2 2 2 2 2 2 2 2 2
left_child=-1 -2 -3 5 12 6 11 -8 -9 10 -10 -4 -5 -14
right_child=1 2 3 4 -6 -7 7 8 9 -11 -12 -13 13 -15
leaf_value=0.00038772788520998738 -0.00036033954227085424 6.2904996898320817e-05 0.00017564372716990942 6.1292392788361592e-05 -6.8533772940650696e-05 0.00036180200760201032 0.00021168077519038118 0.00011511923632092981 -0.00066404523530841939 -0.00057165663703926837 -0.00010766885060613367 -8.1320209007671861e-05 0.00072734576447175869 0.00011890478176680448
leaf_weight=28 27 601 116 286 354 26 38 53 34 47 318 172 30 77
leaf_count=28 27 601 116 286 354 26 38 53 34 47 318 172 30 77
internal_value=4.43941e-06 -6.61414e-07 4.01655e-06 -1.88281e-05 3.35344e-05 -6.74595e-05 -8.2251e-05 -0.000143698 -0.000173976 -0.000212569 -0.000163139 2.24288e-05 0.000125414 0.000294651
internal_weight=2207 2179 2152 1551 747 804 778 490 452 399 352 288 393 107
internal_count=2207 2179 2152 1551 747 804 778 490 452 399 352 288 393 107
is_linear=0
shrinkage=0.03


Tree=284
num_leaves=15
num_cat=0
split_feature=6 15 12 14 18 14 18 11 11 14 11 12 17 12
split_gain=0.00466402 0.0189635 0.00606849 0.00601037 0.00777659 0.00870982 0.00607059 0.00560785 0.00491994 0.00484916 0.00668234 0.00469978 0.00541871 0.0043842
threshold=3.5000000000000004 54.583333333333336 37.500000000000007 75.500000000000014 59.125000000000007 57.500000000000007 85.875000000000014 49.500000000000007 54.500000000000007 71.500000000000014 41.500000000000007 61.500000000000007 13.237752650585497 50.500000000000007
decision_type=2 2 2 2 2 2 2 2 2 2 2 2 2 2
left_child=1 -1 -2 4 -3 6 -6 -5 9 10 -4 -7 -13 -10
right_child=2 3 8 7 5 11 -8 -9 13 -11 -12 12 -14 -15
leaf_value=0.00073053875631611681 -0.00042277094565911172 0.00041301682536294194 -0.00011981877056138229 -0.00037772727030512346 -3.3048066747301912e-05 0.00035461212440733673 -0.00051303271029610185 -2.2283946170185095e-05 1.5206280208545767e-05 -0.00024999567724686735 0.00026713158682105132 -0.0002639600172581465 0.00013041804293143465 -0.00021867792874751289
leaf_weight=33 40 56 61 41 272 73 25 822 123 35 114 34 305 173
leaf_count=33 40 56 61 41 272 73 25 822 123 35 114 34 305 173
internal_value=4.31124e-06 2.93175e-05 -7.16754e-05 1.46638e-05 7.58376e-05 4.86615e-05 -7.50368e-05 -3.95882e-05 -4.31417e-05 6.77323e-05 0.000132337 0.000137798 9.02039e-05 -0.000121766
internal_weight=2207 1661 546 1628 765 709 297 863 506 210 175 412 339 296
internal_count=2207 1661 546 1628 765 709 297 863 506 210 175 412 339 296
is_linear=0
shrinkage=0.03


Tree=285
num_leaves=15
num_cat=0
split_feature=6 18 11 15 4 16 12 18 16 15 5 16 16 18
split_gain=0.00523797 0.0139591 0.00496697 0.00730978 0.0115849 0.011235 0.00477532 0.00450782 0.00515585 0.0053318 0.00384796 0.00374041 0.00348023 0.00511648
threshold=3.5000000000000004 55.583333333333336 45.500000000000007 65.833333333333357 1.5000000000000002 66.642857142857153 52.500000000000007 68.291666666666671 63.154761904761912 61.500000000000007 32.500000000000007 66.642857142857153 102.21428571428574 86.125000000000014
decision_type=2 2 2 2 2 2 2 2 2 2 2 2 2 2
left_child=1 -1 -3 4 5 -4 -5 8 9 -2 11 -6 13 -8
right_child=7 2 3 6 10 -7 12 -9 -10 -11 -12 -13 -14 -15
leaf_value=0.00066014188167173404 -6.6272419917868725e-05 -0.00039643561649831501 0.00086138712632579393 -0.00026067368286673094 0.0004602995879637698 0.00017686100951264493 2.8586059084180149e-05 -0.00038727000139520632 0.00011616660680114625 -0.00037012239472166965 -0.00010056974079138596 -3.7771307272903087e-05 0.00032402557917019545 -0.00010688665979851856
leaf_weight=29 326 26 33 66 26 61 919 41 111 61 105 27 28 344
leaf_count=29 326 26 33 66 26 61 919 41 111 61 105 27 28 344
internal_value=-7.46612e-06 1.88697e-05 7.09888e-06 1.38618e-05 0.000161908 0.000423711 -1.37298e-05 -8.86544e-05 -6.33427e-05 -0.000114997 4.46604e-06 0.000210565 -9.13298e-07 -8.36766e-06
internal_weight=2203 1664 1635 1609 252 94 1357 539 498 387 158 53 1291 1263
internal_count=2203 1664 1635 1609 252 94 1357 539 498 387 158 53 1291 1263
is_linear=0
shrinkage=0.03


Tree=286
num_leaves=15
num_cat=0
split_feature=6 18 11 15 4 16 0 12 18 16 13 17 16 18
split_gain=0.00493486 0.0131608 0.00468436 0.00689082 0.0109146 0.0105926 0.0045433 0.00449746 0.00424836 0.00485394 0.00511301 0.00446226 0.0032814 0.00481484
threshold=3.5000000000000004 55.583333333333336 45.500000000000007 65.833333333333357 1.5000000000000002 66.642857142857153 5.5000000000000009 52.500000000000007 68.291666666666671 63.154761904761912 71.500000000000014 13.86499532052146 102.21428571428574 86.125000000000014
decision_type=2 2 2 2 2 2 2 2 2 2 2 2 2 2
left_child=1 -1 -3 4 5 -4 -7 -5 9 10 -2 -11 13 -9
right_child=8 2 3 7 -6 6 -8 12 -10 11 -12 -13 -14 -15
leaf_value=0.0006409977752482518 -7.2399224798731587e-05 -0.00038498304292766585 0.00083630555182667991 -0.00025297019014277477 4.3927987665157623e-06 -5.249580142238604e-05 0.00046413244149233728 2.7729410155426077e-05 -0.00037592852280275631 0.00023558496589672198 -0.00041626067172067203 -0.00017609963474302169 0.00031464001264198331 -0.00010368935505515685
leaf_weight=29 344 26 33 66 158 35 26 919 41 78 43 33 28 344
leaf_count=29 344 26 33 66 158 35 26 919 41 78 43 33 28 344
internal_value=-7.22987e-06 1.83326e-05 6.90331e-06 1.3471e-05 0.000157212 0.000411328 0.000171641 -1.33183e-05 -8.6034e-05 -6.14617e-05 -0.00011158 0.000112713 -8.80193e-07 -8.11849e-06
internal_weight=2203 1664 1635 1609 252 94 61 1357 539 498 387 111 1291 1263
internal_count=2203 1664 1635 1609 252 94 61 1357 539 498 387 111 1291 1263
is_linear=0
shrinkage=0.03


Tree=287
num_leaves=15
num_cat=0
split_feature=6 16 4 11 13 15 12 12 16 16 11 15 16 15
split_gain=0.00464979 0.0108238 0.0246687 0.00919546 0.00569949 0.0069501 0.00679943 0.00490901 0.0047883 0.00422326 0.00401926 0.0037772 0.00309303 0.00329364
threshold=3.5000000000000004 62.928571428571438 1.5000000000000002 46.500000000000007 46.500000000000007 65.833333333333357 46.500000000000007 57.500000000000007 64.773809523809533 67.464285714285737 57.500000000000007 67.833333333333357 102.21428571428574 82.500000000000014
decision_type=2 2 2 2 2 2 2 2 2 2 2 2 2 2
left_child=1 2 -1 -3 -5 6 -6 -4 -7 -8 -11 -2 13 -10
right_child=11 3 7 4 5 8 9 -9 12 10 -12 -13 -14 -15
leaf_value=0.0011018197830820167 -5.5845965749167639e-05 -0.00056541059981100254 0.0003372353225826042 -0.00038621740172278471 -0.00022891565799140011 -0.00041200422437843651 0.0005556184566784196 -5.7580705381951696e-05 3.180460478275067e-05 -4.95850107147003e-05 0.00038571093464270236 -0.00031233061279635873 0.00030552629670449369 -6.6775286369032556e-05
leaf_weight=25 482 25 43 32 25 25 40 79 758 37 38 57 28 509
leaf_count=25 482 25 43 32 25 25 40 79 758 37 38 57 28 509
internal_value=-7.00359e-06 1.78095e-05 0.000262697 -6.07797e-06 3.66666e-06 1.24706e-05 0.000212674 8.31862e-05 -8.90806e-06 0.000309818 0.000173138 -8.34977e-05 -8.14381e-07 -7.81995e-06
internal_weight=2203 1664 147 1517 1492 1460 140 122 1320 115 75 539 1295 1267
internal_count=2203 1664 147 1517 1492 1460 140 122 1320 115 75 539 1295 1267
is_linear=0
shrinkage=0.03


Tree=288
num_leaves=15
num_cat=0
split_feature=6 18 18 2 19 4 17 13 16 13 17 16 4 18
split_gain=0.00437833 0.0121205 0.00433425 0.00912032 0.00873412 0.00818975 0.00834765 0.00653205 0.00874932 0.00549106 0.00745337 0.00575152 0.00774094 0.00535837
threshold=3.5000000000000004 55.583333333333336 69.583333333333357 1.0000000180025095e-35 1.0000000180025095e-35 1.5000000000000002 15.42647598432376 54.500000000000007 73.785714285714292 64.500000000000014 16.52271164185797 79.357142857142875 1.0000000180025095e-35 86.125000000000014
decision_type=2 2 2 2 2 2 2 2 2 2 2 2 2 2
left_child=1 -1 3 4 -3 6 -6 8 -4 10 -9 12 -11 -13
right_child=-2 2 7 -5 5 -7 -8 9 -10 11 -12 13 -14 -15
leaf_value=0.00061484133968042439 -8.1013257333931201e-05 -0.00050768896614989409 7.5474927507457324e-06 0.00037490274264537557 0.0004958638534645572 -5.9724932356262934e-05 1.6307726841857756e-05 0.0004720233154796955 -0.00059195954982253784 0.00034158459154021891 4.0457271052868494e-05 0.00014283303446114656 -0.0001703104004282676 -4.8911112933203296e-05
leaf_weight=29 539 25 47 80 62 194 68 45 40 28 167 213 328 338
leaf_count=29 539 25 47 80 62 194 68 45 40 28 167 213 328 338
internal_value=-6.78555e-06 1.72924e-05 6.32431e-06 8.81058e-05 2.14811e-05 6.37486e-05 0.000247058 -2.2816e-05 -0.000271683 -3.24185e-06 0.000133849 -3.53973e-05 -0.000129205 2.53359e-05
internal_weight=2203 1664 1635 429 349 324 130 1206 87 1119 212 907 356 551
internal_count=2203 1664 1635 429 349 324 130 1206 87 1119 212 907 356 551
is_linear=0
shrinkage=0.03


Tree=289
num_leaves=15
num_cat=0
split_feature=6 18 11 15 4 16 0 12 18 16 15 5 16 14
split_gain=0.00412172 0.0114276 0.00424318 0.00598894 0.00941677 0.0093668 0.00417892 0.00415977 0.00392081 0.00461334 0.00487171 0.00347337 0.00350513 0.00346818
threshold=3.5000000000000004 55.583333333333336 45.500000000000007 65.833333333333357 1.5000000000000002 66.642857142857153 5.5000000000000009 52.500000000000007 68.291666666666671 63.154761904761912 61.500000000000007 32.500000000000007 66.642857142857153 50.500000000000007
decision_type=2 2 2 2 2 2 2 2 2 2 2 2 2 2
left_child=1 -1 -3 4 5 -4 -7 -5 9 10 13 12 -6 -2
right_child=8 2 3 7 11 6 -8 -9 -10 -11 -12 -13 -14 -15
leaf_value=0.0005970109352492727 6.4094124353750672e-05 -0.00036683154965026511 0.00078203666253316706 -0.00024305879109740643 0.00044202309748571779 -5.7643481389580606e-05 0.00043767972959257246 -6.1775528581725756e-07 -0.00035706389371106134 0.00011479041651390226 -0.00034770794353643133 -9.5343009479963579e-05 -4.0021678391245321e-05 -0.00013571491085013945
leaf_weight=29 128 26 33 66 26 35 26 1291 41 111 61 105 27 198
leaf_count=29 128 26 33 66 26 35 26 1291 41 111 61 105 27 198
internal_value=-6.56773e-06 1.67939e-05 6.14399e-06 1.2395e-05 0.0001464 0.000382436 0.000157132 -1.25796e-05 -7.85874e-05 -5.4991e-05 -0.000103858 4.45068e-06 0.00020026 -5.73062e-05
internal_weight=2203 1664 1635 1609 252 94 61 1357 539 498 387 158 53 326
internal_count=2203 1664 1635 1609 252 94 61 1357 539 498 387 158 53 326
is_linear=0
shrinkage=0.03


Tree=290
num_leaves=15
num_cat=0
split_feature=6 14 13 16 11 11 17 17 11 5 15 11 18 11
split_gain=0.00763508 0.0142528 0.00800819 0.00677101 0.00441888 0.00477371 0.00576073 0.00448221 0.00621014 0.00604482 0.004161 0.00478108 0.00380001 0.00340397
threshold=1.5000000000000002 50.500000000000007 36.500000000000007 60.619047619047628 76.500000000000014 66.500000000000014 21.600264548644518 19.722295657546347 92.500000000000014 31.500000000000004 79.166666666666671 55.500000000000007 86.291666666666671 41.500000000000007
decision_type=2 2 2 2 2 2 2 2 2 2 2 2 2 2
left_child=1 -1 3 -2 5 10 -7 8 -6 -10 11 -3 13 -4
right_child=2 4 12 -5 7 6 -8 -9 9 -11 -12 -13 -14 -15
leaf_value=0.00070621114689856763 -5.1942855442086089e-05 -9.1502744632764783e-05 -0.00019909947237084811 -0.00074565465680699649 -7.2868736114204769e-05 0.00059006885238756821 2.7348318440739862e-05 -0.00013644757720035629 -1.2120241295887416e-05 0.000467471512254431 -0.00014667673833453312 0.00042496051227387327 -0.0002570485710390637 -4.9124768948761017e-06
leaf_weight=31 25 27 85 25 109 41 27 144 42 53 51 38 60 1470
leaf_count=31 25 27 85 25 109 41 27 144 42 53 51 38 60 1470
internal_value=-4.17805e-06 9.12295e-05 -3.64744e-05 -0.000406618 5.41363e-05 0.00017261 0.00037027 -8.81997e-06 8.14962e-05 0.000257524 5.45657e-05 0.000212294 -2.47703e-05 -1.56483e-05
internal_weight=2228 563 1665 50 532 184 68 348 204 95 116 65 1615 1555
internal_count=2228 563 1665 50 532 184 68 348 204 95 116 65 1615 1555
is_linear=0
shrinkage=0.03


Tree=291
num_leaves=15
num_cat=0
split_feature=6 14 13 17 12 12 12 11 11 12 12 17 12 15
split_gain=0.00719732 0.013436 0.00755366 0.00595839 0.00422325 0.00453956 0.00451496 0.00367448 0.00494077 0.00399277 0.00535032 0.00530486 0.00618539 0.00533044
threshold=1.5000000000000002 50.500000000000007 36.500000000000007 13.12667219774354 107.50000000000001 104.50000000000001 111.50000000000001 76.500000000000014 62.500000000000007 76.500000000000014 92.500000000000014 16.763054614240257 66.500000000000014 83.833333333333357
decision_type=2 2 2 2 2 2 2 2 2 2 2 2 2 2
left_child=1 -1 3 -2 5 7 -6 8 -3 11 -11 -9 13 -13
right_child=2 4 -4 -5 6 -7 -8 9 -10 10 -12 12 -14 -15
leaf_value=0.00068568688744562677 -6.1615489629240566e-05 2.4599836847612521e-05 -2.4035728934214909e-05 -0.00071297441322643019 -0.00039406526877428405 0.00041444292248343117 3.3129917370634929e-05 0.00049271980362111494 0.00039357416970597111 -0.00029970113444142044 9.8406502802390604e-05 8.646505535580217e-05 0.00024722761717246118 -0.00043890351919210791
leaf_weight=31 25 72 1615 25 35 35 58 25 59 69 53 35 58 33
leaf_count=31 25 72 1615 25 35 35 58 25 59 69 53 35 58 33
internal_value=-4.04601e-06 8.8586e-05 -3.54028e-05 -0.000394889 5.25714e-05 9.14823e-05 -0.000130124 6.25488e-05 0.000192502 -2.84531e-07 -0.000127359 0.000102547 2.18618e-05 -0.000171159
internal_weight=2228 563 1665 50 532 439 93 404 131 273 122 151 126 68
internal_count=2228 563 1665 50 532 439 93 404 131 273 122 151 126 68
is_linear=0
shrinkage=0.03


Tree=292
num_leaves=15
num_cat=0
split_feature=6 16 16 4 14 5 18 0 11 14 5 18 11 11
split_gain=0.00678163 0.0127001 0.00716666 0.00524368 0.0074237 0.0065847 0.00747991 0.00623294 0.00505649 0.00500842 0.00483321 0.00477791 0.00453501 0.0054254
threshold=1.5000000000000002 70.773809523809533 86.928571428571445 1.5000000000000002 1.0000000180025095e-35 32.500000000000007 63.375000000000007 3.5000000000000004 76.500000000000014 62.500000000000007 31.500000000000004 74.875000000000014 89.500000000000014 90.500000000000014
decision_type=2 2 2 2 2 2 2 2 2 2 2 2 2 2
left_child=1 -1 3 9 -5 7 -7 -6 -3 -2 -11 -9 -12 -14
right_child=2 8 -4 4 5 6 -8 11 -10 10 12 -13 13 -15
leaf_value=0.00066651814086071681 9.311301444001307e-05 0.00018038858929382209 -0.00048625543121400575 -0.00056355006593391947 0.00013575202826136124 -0.00011582261996239649 -0.00056249780707210968 -3.1003188255483347e-05 -1.4956435194508845e-05 -0.00018430076040273818 5.6214995474566434e-05 -0.00038571971140547909 -0.00053083587063676007 -9.0707968988948878e-06
leaf_weight=31 434 179 30 28 174 176 41 154 353 155 353 43 27 50
leaf_count=31 434 179 30 28 174 176 41 154 353 155 353 43 27 50
internal_value=-3.9173e-06 8.59999e-05 -3.43551e-05 -2.57712e-05 -9.47958e-05 -7.15553e-05 -0.000202411 5.32108e-06 5.09857e-05 1.60072e-05 -4.12574e-05 -0.000109986 1.06127e-05 -0.000196487
internal_weight=2228 563 1665 1635 616 588 217 371 532 1019 585 197 430 77
internal_count=2228 563 1665 1635 616 588 217 371 532 1019 585 197 430 77
is_linear=0
shrinkage=0.03


Tree=293
num_leaves=15
num_cat=0
split_feature=6 18 13 17 11 11 18 12 12 13 12 12 2 12
split_gain=0.00639076 0.0120083 0.00698606 0.00554004 0.00458042 0.00742537 0.00348301 0.00332338 0.00459705 0.0067325 0.00415579 0.00700613 0.00561997 0.00336083
threshold=1.5000000000000002 69.125000000000014 36.500000000000007 13.12667219774354 107.50000000000001 117.50000000000001 88.875000000000014 76.500000000000014 62.500000000000007 107.50000000000001 92.500000000000014 107.50000000000001 1.0000000180025095e-35 111.50000000000001
decision_type=2 2 2 2 2 2 2 2 2 2 2 2 2 2
left_child=1 -1 3 -2 7 -6 -4 8 -3 -10 12 -12 -9 -13
right_child=2 4 6 -5 5 -7 -8 10 9 -11 11 13 -14 -15
leaf_value=0.00070088730413570162 -5.7796642829019284e-05 2.2764522251111037e-05 -1.5147915773148874e-05 -0.00068579562124796204 -0.00042290005891118196 9.8560548067325727e-05 -0.00028883337258458743 -0.00021065380598884074 0.00064845042018882499 5.424715558547177e-05 0.00029140154218832733 -0.00030506166399230577 0.00026198809432389678 7.4671286750923506e-05
leaf_weight=26 25 57 1573 25 43 55 42 92 38 31 105 33 29 54
leaf_count=26 25 57 1573 25 43 55 42 92 38 31 105 33 29 54
internal_value=-3.82336e-06 8.34642e-05 -3.3371e-05 -0.000379086 5.23231e-05 -0.000132204 -2.24398e-05 9.37228e-05 0.000223195 0.000386078 4.1058e-05 0.000127582 -9.61571e-05 -7.11952e-05
internal_weight=2228 563 1665 50 537 98 1615 439 126 69 313 192 121 87
internal_count=2228 563 1665 50 537 98 1615 439 126 69 313 192 121 87
is_linear=0
shrinkage=0.03


Tree=294
num_leaves=15
num_cat=0
split_feature=6 14 16 4 13 2 18 4 14 5 16 6 17 14
split_gain=0.00602193 0.0123439 0.00661692 0.00493989 0.00723787 0.00886022 0.0119523 0.00494711 0.00476464 0.00455443 0.00419821 0.00380882 0.0207663 0.00554634
threshold=1.5000000000000002 50.500000000000007 86.928571428571445 1.5000000000000002 36.500000000000007 1.0000000180025095e-35 74.875000000000014 2.5000000000000004 62.500000000000007 31.500000000000004 68.214285714285737 3.5000000000000004 15.412579721711632 55.500000000000007
decision_type=2 2 2 2 2 2 2 2 2 2 2 2 2 2
left_child=1 -1 3 8 -5 6 -6 -7 11 -10 -9 12 -2 -14
right_child=2 -3 -4 4 5 7 -8 10 9 -11 -12 -13 13 -15
leaf_value=0.00065333401425959892 0.00074389349311114407 4.6512790027764099e-05 -0.0004666099860520673 -0.00056256938210156346 -0.000110874699751974 0.00022471235779944848 -0.00077859539030144403 8.3484715438057066e-05 -0.00017830302372413614 1.0904579996261011e-05 -0.00029608299799812292 -1.1039254674874745e-05 -9.2486395344979025e-05 0.00022485795881428721
leaf_weight=31 45 532 30 27 345 109 25 69 155 430 41 186 120 83
leaf_count=31 45 532 30 27 345 109 25 69 155 430 41 186 120 83
internal_value=-3.70641e-06 8.10248e-05 -3.23887e-05 -2.4141e-05 -9.11366e-05 -6.8609e-05 -0.000157968 8.23946e-05 1.64084e-05 -3.94461e-05 -5.93834e-05 9.16137e-05 0.000168339 3.77314e-05
internal_weight=2228 563 1665 1635 616 589 370 219 1019 585 110 434 248 203
internal_count=2228 563 1665 1635 616 589 370 219 1019 585 110 434 248 203
is_linear=0
shrinkage=0.03


Tree=295
num_leaves=15
num_cat=0
split_feature=0 15 12 0 2 19 0 18 17 11 11 18 12 12
split_gain=0.00639245 0.00819634 0.00586714 0.00523764 0.00876874 0.0116217 0.00510201 0.00480231 0.00445835 0.00396888 0.00356523 0.00342411 0.00461924 0.00425121
threshold=4.5000000000000009 52.500000000000007 43.500000000000007 5.5000000000000009 1.0000000180025095e-35 1.0000000180025095e-35 1.5000000000000002 58.583333333333336 11.136596470915773 75.500000000000014 43.500000000000007 65.125000000000014 52.500000000000007 75.500000000000014
decision_type=2 2 2 2 2 2 2 2 2 2 2 2 2 2
left_child=1 6 7 -2 5 -5 -1 -3 -4 10 -10 -11 -13 -14
right_child=3 2 8 4 -6 -7 -8 -9 9 11 -12 12 13 -15
leaf_value=8.2117778308202094e-05 -0.00017736611894402993 3.1752853979485043e-06 -0.00031950975222779171 -0.00055904626665869729 0.0002874721316612509 -2.3375740965164677e-06 0.00055247485743166176 -0.00053087654507676639 -0.00022815460767808623 0.00022441427046230629 9.2019710347509913e-05 -0.00034030332409946078 6.1813152718843471e-05 -9.5415815313374994e-05
leaf_weight=44 328 28 34 39 70 216 39 32 32 45 629 43 289 331
leaf_count=44 328 28 34 39 70 216 39 32 32 45 629 43 289 331
internal_value=-1.43576e-05 1.88917e-05 2.34365e-06 -9.29848e-05 -7.54167e-06 -8.93324e-05 0.000307075 -0.000285686 1.48561e-05 2.33874e-05 7.61984e-05 -2.59556e-05 -4.32614e-05 -2.21453e-05
internal_weight=2199 1546 1463 653 325 255 83 60 1403 1369 661 708 663 620
internal_count=2199 1546 1463 653 325 255 83 60 1403 1369 661 708 663 620
is_linear=0
shrinkage=0.03


Tree=296
num_leaves=15
num_cat=0
split_feature=0 15 5 12 0 2 5 17 13 13 12 17 13 12
split_gain=0.00601588 0.00772498 0.00780597 0.00552974 0.00492755 0.00825896 0.0109518 0.00420161 0.00431789 0.00912673 0.004486 0.00348877 0.00327757 0.00452401
threshold=4.5000000000000009 52.500000000000007 32.500000000000007 43.500000000000007 5.5000000000000009 1.0000000180025095e-35 31.500000000000004 11.136596470915773 89.500000000000014 90.500000000000014 82.500000000000014 12.793227374929829 86.500000000000014 76.500000000000014
decision_type=2 2 2 2 2 2 2 2 2 2 2 2 2 2
left_child=1 2 -1 11 12 6 -6 -5 -9 -10 -11 -3 -2 -14
right_child=4 3 -4 7 5 -7 -8 8 9 10 -12 -13 13 -15
leaf_value=0.00066687594442328192 -0.00023239966165932948 -1.3610493592245297e-05 6.9801377048518253e-05 -0.00031019832475742855 -0.00054269416481838553 0.00027896943986645414 -2.2677694544105463e-06 5.3238753416197452e-05 -0.00052173467323882508 0.00010300952253675526 -0.00012690635321220881 -0.00047292527899844567 -0.00020964210969395936 0.00020191777552513071
leaf_weight=31 233 26 52 34 39 70 216 1030 35 146 158 34 52 43
leaf_count=31 233 26 52 34 39 70 216 1030 35 146 158 34 52 43
internal_value=-1.39398e-05 1.83152e-05 0.000298089 2.25013e-06 -9.02159e-05 -7.34062e-06 -8.67183e-05 1.43975e-05 2.26796e-05 -7.00534e-05 -1.65105e-05 -0.000277375 -0.000172061 -2.31943e-05
internal_weight=2199 1546 83 1463 653 325 255 1403 1369 339 304 60 328 95
internal_count=2199 1546 83 1463 653 325 255 1403 1369 339 304 60 328 95
is_linear=0
shrinkage=0.03


Tree=297
num_leaves=15
num_cat=0
split_feature=0 15 6 14 2 0 5 17 18 17 17 14 7 11
split_gain=0.00566168 0.00744333 0.00470715 0.00593647 0.00433531 0.00650868 0.00416549 0.00379054 0.00373969 0.00783078 0.0060603 0.00544995 0.00571876 0.00471563
threshold=4.5000000000000009 46.500000000000007 1.5000000000000002 91.500000000000014 1.0000000180025095e-35 5.5000000000000009 31.500000000000004 10.564991605251302 88.125000000000014 20.711165578760166 20.028551049510906 57.500000000000007 14.500000000000002 93.500000000000014
decision_type=2 2 2 2 2 2 2 2 2 2 2 2 2 2
left_child=1 -1 3 -2 6 -6 -4 -3 9 10 13 -10 -13 -9
right_child=2 7 4 -5 5 -7 -8 8 11 -11 -12 12 -14 -15
leaf_value=0.00052107081478215353 0.00023706331280436642 -0.00032474540674593298 -0.00052293147420465582 -0.00012206645969600622 -0.00015215882687783072 0.00027050106286484184 -0.00015713229053554662 1.8742373180663781e-05 -0.00049969457931673289 0.00055277631725542825 -0.00042660502163926139 -0.00012573636431339213 0.00021732888561834033 0.00023915835858880245
leaf_weight=25 79 29 30 85 85 52 322 1089 25 25 25 177 57 94
leaf_count=25 79 29 30 85 85 52 322 1089 25 25 25 177 57 94
internal_value=-1.3536e-05 1.77551e-05 -8.75327e-05 5.13173e-05 -0.00013411 9.06447e-06 -0.000189701 9.14538e-06 1.58484e-05 3.76254e-05 2.65157e-05 -8.75694e-05 -4.16e-05 3.64436e-05
internal_weight=2199 1546 653 164 489 137 352 1521 1492 1233 1208 259 234 1183
internal_count=2199 1546 653 164 489 137 352 1521 1492 1233 1208 259 234 1183
is_linear=0
shrinkage=0.03


Tree=298
num_leaves=15
num_cat=0
split_feature=1 15 5 11 11 17 13 11 11 18 13 17 7 16
split_gain=0.00532956 0.00710156 0.00731912 0.00536449 0.00477526 0.00560732 0.0043483 0.00406937 0.00536678 0.00431963 0.00376399 0.00455513 0.00318085 0.00476502
threshold=1.0000000180025095e-35 52.500000000000007 32.500000000000007 43.500000000000007 53.500000000000007 13.770223223282899 41.500000000000007 55.500000000000007 60.500000000000007 73.375000000000014 53.500000000000007 16.728931251920667 11.000000000000002 83.464285714285737
decision_type=2 2 2 2 2 2 2 2 2 2 2 2 2 2
left_child=1 2 -1 -3 5 -5 -2 -6 9 -9 -8 -12 13 -13
right_child=6 3 -4 4 7 -7 10 8 -10 -11 11 12 -14 -15
leaf_value=0.00064256285297233258 -0.00042617005417241668 -0.00030357208120403807 6.4485546158635465e-05 0.00042947699247366367 -0.00022326631106620444 3.6079173672908877e-05 9.5832339800424208e-05 0.0005132667113174384 -1.1453089131192753e-05 8.3343334937286705e-05 -0.00018610017007330629 -0.00045758271488011815 5.319124628364252e-05 6.6553348442539577e-05
leaf_weight=31 31 49 52 50 72 91 105 30 1104 67 268 30 188 31
leaf_count=31 31 49 52 50 72 91 105 30 1104 67 268 30 188 31
internal_value=-1.31337e-05 1.72258e-05 0.000285473 1.82276e-06 1.26128e-05 0.000177624 -8.49272e-05 -5.78924e-06 7.42342e-06 0.00022019 -6.72631e-05 -0.000100508 -8.00885e-06 -0.000194441
internal_weight=2199 1546 83 1463 1414 141 653 1273 1201 97 622 517 249 61
internal_count=2199 1546 83 1463 1414 141 653 1273 1201 97 622 517 249 61
is_linear=0
shrinkage=0.03


Tree=299
num_leaves=15
num_cat=0
split_feature=2 15 4 16 6 6 16 11 4 6 4 4 18 18
split_gain=0.00513852 0.0141254 0.00950152 0.00755452 0.00774524 0.00525354 0.0212854 0.00570576 0.00415345 0.00690619 0.00370895 0.00360172 0.00350976 0.00335254
threshold=1.0000000180025095e-35 52.500000000000007 1.5000000000000002 73.214285714285737 1.5000000000000002 3.5000000000000004 68.071428571428584 91.500000000000014 2.5000000000000004 1.5000000000000002 2.5000000000000004 1.5000000000000002 73.125000000000014 59.583333333333336
decision_type=2 2 2 2 2 2 2 2 2 2 2 2 2 2
left_child=2 -2 -1 -4 -5 6 -3 8 12 -10 11 13 -8 -7
right_child=1 5 3 4 -6 10 7 -9 9 -11 -12 -13 -14 -15
leaf_value=8.0287341999316845e-06 0.00070488387481951761 0.0006475811350257852 -8.7776164064892769e-05 -0.00021747245612843187 -0.00079249933891897568 5.7915183790628946e-05 0.00032615224941929974 -0.0001576821745087483 0.00020673619272253875 -0.00035569589825657508 -0.0004307873069774359 0.00017480762716422758 6.6258755119722585e-05 -0.00035772930220246492
leaf_weight=1055 28 51 378 82 28 30 65 133 34 44 29 39 163 40
leaf_count=1055 28 51 378 82 28 30 65 133 34 44 29 39 163 40
internal_value=-1.27345e-05 5.75427e-05 -4.26305e-05 -0.000151942 -0.000369664 2.76056e-05 7.36594e-05 5.66483e-06 7.69444e-05 -0.00011102 -0.000135272 -5.34475e-05 0.000141452 -0.000181289
internal_weight=2199 656 1543 488 110 628 490 439 306 78 138 109 228 70
internal_count=2199 656 1543 488 110 628 490 439 306 78 138 109 228 70
is_linear=0
shrinkage=0.03


Tree=300
num_leaves=15
num_cat=0
split_feature=4 5 13 18 1 13 5 2 18 6 16 6 18 14
split_gain=0.0042139 0.0117255 0.0106948 0.00575946 0.00539027 0.00527798 0.00419748 0.012245 0.00590203 0.00643427 0.00515841 0.00849642 0.00528387 0.00382244
threshold=1.5000000000000002 32.500000000000007 37.500000000000007 70.625000000000014 1.0000000180025095e-35 42.500000000000007 31.500000000000004 1.0000000180025095e-35 90.125000000000014 1.5000000000000002 72.642857142857153 3.5000000000000004 59.375000000000007 89.500000000000014
decision_type=2 2 2 2 2 2 2 2 2 2 2 2 2 2
left_child=5 2 -2 -3 -4 -1 7 -7 9 -9 11 -11 -13 -6
right_child=1 3 4 -5 13 6 -8 8 -10 10 -12 12 -14 -15
leaf_value=0.00032211571252936173 -0.00052946156426332883 -0.00015405710555863744 0.00012301714128808958 -0.00051550872381994845 -7.1930993085611494e-06 -0.0005924378707375679 4.5227437266071719e-05 0.00039360493499911034 -0.00035314237567945383 0.00038248587060463082 -0.00019025947025511414 0.00018358441495365695 -0.00032617427112242246 -0.00034256240675369136
leaf_weight=51 29 240 341 47 142 36 982 38 39 54 95 31 42 38
leaf_count=51 29 240 341 47 142 36 982 38 39 54 95 31 42 38
internal_value=-6.77172e-06 -5.97526e-05 2.14146e-05 -0.000214834 5.30332e-05 2.56642e-05 1.39486e-05 -7.7602e-05 -1.38469e-05 3.82054e-05 -2.4121e-05 0.000100671 -0.000110146 -7.94947e-05
internal_weight=2205 837 550 287 521 1368 1317 335 299 260 222 127 73 180
internal_count=2205 837 550 287 521 1368 1317 335 299 260 222 127 73 180
is_linear=0
shrinkage=0.03


Tree=301
num_leaves=15
num_cat=0
split_feature=4 5 12 18 12 11 6 16 5 0 4 14 0 11
split_gain=0.00396946 0.0110353 0.00754265 0.0054285 0.00517011 0.00795568 0.00840691 0.0185259 0.00611583 0.0048159 0.00814351 0.00592033 0.00524114 0.00471262
threshold=1.5000000000000002 32.500000000000007 39.500000000000007 70.625000000000014 59.500000000000007 85.000000000000014 3.5000000000000004 66.845238095238116 32.500000000000007 3.5000000000000004 2.5000000000000004 89.500000000000014 1.0000000180025095e-35 94.500000000000014
decision_type=2 2 2 2 2 2 2 2 2 2 2 2 2 2
left_child=4 2 -2 -3 5 6 7 -1 -8 10 12 -11 -4 -7
right_child=1 3 9 -5 -6 13 8 -9 -10 11 -12 -13 -14 -15
leaf_value=0.0010939567319404046 -0.0004339442496007729 -0.00014945457138574472 0.00054603254674558143 -0.00050036565500477081 -9.8573796689654653e-06 -0.00030592676763914809 -0.00016198174438930278 0.00019395757460832772 0.00022244179099625732 3.4447204198637976e-05 -8.8966528038816666e-05 -0.00030423910613171755 0.00016212753090082016 0.00015608137528033694
leaf_weight=25 30 240 43 47 1010 52 68 102 80 205 90 59 123 31
leaf_count=25 30 240 43 47 1010 52 68 102 80 205 90 59 123 31
internal_value=-6.58979e-06 -5.80111e-05 2.0731e-05 -0.000208459 2.48913e-05 0.00012268 0.000200223 0.000378285 4.59131e-05 4.77449e-05 0.000140207 -4.21065e-05 0.000264247 -0.000133566
internal_weight=2205 837 550 287 1368 358 275 127 148 520 256 264 166 83
internal_count=2205 837 550 287 1368 358 275 127 148 520 256 264 166 83
is_linear=0
shrinkage=0.03


Tree=302
num_leaves=15
num_cat=0
split_feature=4 2 16 14 16 12 11 6 16 12 16 11 0 18
split_gain=0.00373973 0.0084947 0.00757664 0.00609057 0.00585985 0.00487216 0.00749474 0.0079243 0.0174794 0.00452003 0.00451969 0.00444044 0.00344829 0.00334505
threshold=1.5000000000000002 1.0000000180025095e-35 73.214285714285737 39.500000000000007 70.154761904761912 59.500000000000007 85.000000000000014 3.5000000000000004 66.845238095238116 55.500000000000007 80.500000000000014 94.500000000000014 3.5000000000000004 59.875000000000007
decision_type=2 2 2 2 2 2 2 2 2 2 2 2 2 2
left_child=5 2 4 -3 13 6 7 8 -1 -10 12 -8 -4 -2
right_child=1 3 10 -5 -6 -7 11 -9 9 -11 -12 -13 -14 -15
leaf_value=0.0010624002903484953 -2.8061464534348211e-05 -0.00024264446685556322 -0.00027301974393929796 0.00011693754499382131 0.00026390303890886052 -9.5619513149763489e-06 -0.00029692212635879666 4.4547834954847231e-05 3.8780081115724731e-05 0.00045367174428680005 -7.9149993375482916e-05 0.00015154525768593886 -0.00069499820951416432 -0.00021235738001716459
leaf_weight=25 198 49 37 279 41 1010 52 148 66 36 37 31 36 160
leaf_count=25 198 49 37 279 41 1010 52 148 66 36 37 31 36 160
internal_value=-6.38592e-06 -5.62971e-05 -0.000132916 6.26453e-05 -7.17246e-05 2.41706e-05 0.0001191 0.000194363 0.000367238 0.000188195 -0.000352229 -0.000129612 -0.000487698 -0.00011079
internal_weight=2205 837 509 328 399 1368 358 275 127 102 110 83 73 358
internal_count=2205 837 509 328 399 1368 358 275 127 102 110 83 73 358
is_linear=0
shrinkage=0.03


Tree=303
num_leaves=15
num_cat=0
split_feature=4 13 2 16 16 13 16 19 2 18 6 12 11 17
split_gain=0.00352528 0.0087166 0.0130023 0.00705889 0.00556804 0.00477726 0.00425966 0.00386228 0.0115741 0.00554063 0.00608909 0.00491948 0.00342612 0.00518552
threshold=1.5000000000000002 35.000000000000007 1.0000000180025095e-35 73.214285714285737 70.154761904761912 42.500000000000007 80.500000000000014 1.0000000180025095e-35 1.0000000180025095e-35 90.125000000000014 1.5000000000000002 91.500000000000014 45.500000000000007 12.921005415692848
decision_type=2 2 2 2 2 2 2 2 2 2 2 2 2 2
left_child=5 -2 3 4 -3 -1 -5 8 -7 10 -10 -12 -9 -14
right_child=1 2 -4 6 -6 7 -8 12 9 -11 11 -13 13 -15
leaf_value=0.00030551542103169661 -0.00057509253766121603 -0.00010945430956615548 0.00011660500774719499 -0.00047345991831526906 0.00025617444979226481 -0.00057602120468997072 -7.6837979293869517e-05 -0.00019720731644637827 0.00038266719334597627 -0.00034224494374939239 3.6911664919609884e-05 -0.00035031699941152639 0.00029638292119253071 3.4583756601477939e-05
leaf_weight=51 27 351 308 73 41 36 37 50 38 39 188 34 73 859
leaf_count=51 27 351 308 73 41 36 37 50 38 39 188 34 73 859
internal_value=-6.19033e-06 -5.46493e-05 -3.66135e-05 -0.000130665 -7.0658e-05 2.34772e-05 -0.000341945 1.23319e-05 -7.54862e-05 -1.35019e-05 3.69319e-05 -2.36986e-05 4.23365e-05 5.53852e-05
internal_weight=2205 837 810 502 392 1368 110 1317 335 299 260 222 982 932
internal_count=2205 837 810 502 392 1368 110 1317 335 299 260 222 982 932
is_linear=0
shrinkage=0.03


Tree=304
num_leaves=15
num_cat=0
split_feature=11 15 18 11 13 12 15 12 5 11 12 0 11 11
split_gain=0.00307847 0.00824261 0.00384268 0.00564922 0.0049498 0.00468144 0.00927443 0.00341317 0.00303331 0.00289515 0.00591424 0.0025915 0.00496273 0.00252999
threshold=41.500000000000007 52.500000000000007 58.583333333333336 46.500000000000007 43.500000000000007 44.500000000000007 59.500000000000007 37.500000000000007 32.500000000000007 50.500000000000007 61.500000000000007 1.0000000180025095e-35 77.500000000000014 56.500000000000007
decision_type=2 2 2 2 2 2 2 2 2 2 2 2 2 2
left_child=1 8 7 -4 -5 -6 -7 -2 -1 -9 -11 12 13 -8
right_child=2 -3 3 4 5 6 11 9 -10 10 -12 -13 -14 -15
leaf_value=0.00029516104760449917 -0.00016048250892996101 -0.00051566381966327559 -0.00033548142931977048 -0.00029696185895077443 -0.00035659447079524394 0.0003893303906417194 3.0526711153860164e-05 0.00028847813910553145 -0.00013550445410174915 0.0001823679418026959 -0.00022251493703030669 -1.6981466155165127e-05 -3.3950710137022806e-05 0.00038328775078266987
leaf_weight=25 37 37 47 50 31 55 27 83 33 116 44 1454 109 57
leaf_count=25 37 37 47 50 31 55 27 83 33 116 44 1454 109 57
internal_value=-6.02191e-06 -0.000172169 1.53664e-06 -1.43167e-05 -5.66746e-06 2.90329e-06 9.65668e-06 0.000104832 5.19837e-05 0.000145721 7.03346e-05 -3.25071e-06 9.97467e-05 0.000271593
internal_weight=2205 95 2110 1830 1783 1733 1702 280 58 243 160 1647 193 84
internal_count=2205 95 2110 1830 1783 1733 1702 280 58 243 160 1647 193 84
is_linear=0
shrinkage=0.03


Tree=305
num_leaves=15
num_cat=0
split_feature=4 13 15 11 18 14 13 18 14 16 5 4 18 18
split_gain=0.0056072 0.00593621 0.0042301 0.00349815 0.00310383 0.00300224 0.00493706 0.00605744 0.00577118 0.0055909 0.00533329 0.00762858 0.00711397 0.00971837
threshold=2.5000000000000004 1.0000000180025095e-35 70.416666666666671 41.500000000000007 50.375000000000007 45.500000000000007 41.500000000000007 61.291666666666679 51.500000000000007 64.773809523809533 32.500000000000007 1.5000000000000002 77.375000000000014 77.625000000000014
decision_type=2 2 2 2 2 2 2 2 2 2 2 2 2 2
left_child=1 -1 -2 4 -3 -5 -7 8 -8 -9 -11 12 -12 -14
right_child=2 3 -4 5 -6 6 7 9 -10 10 11 -13 13 -15
leaf_value=0.00042422943683050106 -5.8216549645649354e-05 1.2776101981627664e-05 -0.00037573569973888384 -0.00010941974623710849 -0.00040843212559014898 -0.00031749041459988803 0.00046802907257949061 -0.00015868749504443255 0.00010236091956805674 0.00010030696675593045 0.0001478713759663664 -0.00029224669542333976 -0.00055201006555845105 -1.6669442963093922e-05
leaf_weight=31 122 30 54 149 32 35 48 149 192 608 233 81 32 407
leaf_count=31 122 30 54 149 32 35 48 149 192 608 233 81 32 407
internal_value=4.72665e-06 1.88578e-05 -0.00015721 1.23527e-05 -0.000207654 1.95093e-05 3.03267e-05 3.74604e-05 0.000177133 1.51582e-05 3.42931e-05 -1.90713e-05 1.42414e-05 -5.68579e-05
internal_weight=2203 2027 176 1996 62 1934 1785 1750 240 1510 1361 753 672 439
internal_count=2203 2027 176 1996 62 1934 1785 1750 240 1510 1361 753 672 439
is_linear=0
shrinkage=0.03


Tree=306
num_leaves=15
num_cat=0
split_feature=6 18 11 18 14 12 4 18 5 18 4 11 12 18
split_gain=0.00550502 0.0124208 0.0066649 0.00557934 0.00942598 0.00705462 0.00682014 0.00962922 0.00857546 0.00687163 0.00662479 0.00520313 0.00504881 0.00495118
threshold=3.5000000000000004 55.875000000000007 45.500000000000007 73.625000000000014 67.500000000000014 54.500000000000007 1.5000000000000002 66.583333333333357 32.500000000000007 61.875000000000007 2.5000000000000004 55.500000000000007 36.500000000000007 68.291666666666671
decision_type=2 2 2 2 2 2 2 2 2 2 2 2 2 2
left_child=1 -1 -3 4 6 -5 7 -4 10 -10 -8 -7 -2 -14
right_child=12 2 3 5 -6 11 8 -9 9 -11 -12 -13 13 -15
leaf_value=0.00068196413496759934 -0.00046436075373564777 -0.00039462894817595095 0.00082408235413216366 -0.00035245889410501918 -4.1238052012349669e-06 -0.00028021617655819375 0.00066245619358275742 0.00021559518909091655 0.00023268019781282515 -0.00029414207052872772 4.3631198583170771e-05 2.2685596582446137e-05 -3.063098252707587e-05 -0.0003911996273972044
leaf_weight=25 28 33 35 51 321 53 33 70 37 53 29 930 469 36
leaf_count=25 28 33 35 51 321 53 33 70 37 53 29 930 469 36
internal_value=4.57078e-06 3.13653e-05 2.10695e-05 2.98188e-05 0.000104382 -1.1922e-05 0.000239399 0.000424285 0.000109743 -7.73827e-05 0.000378293 6.08599e-06 -7.92835e-05 -5.70572e-05
internal_weight=2203 1670 1645 1612 578 1034 257 105 152 90 62 983 533 505
internal_count=2203 1670 1645 1612 578 1034 257 105 152 90 62 983 533 505
is_linear=0
shrinkage=0.03


Tree=307
num_leaves=15
num_cat=0
split_feature=6 18 11 18 12 2 5 16 11 12 12 12 11 16
split_gain=0.00518683 0.011715 0.00628222 0.00525935 0.00664515 0.00547388 0.00999433 0.0077692 0.00490084 0.00476139 0.00476822 0.00531786 0.00468003 0.00638528
threshold=3.5000000000000004 55.875000000000007 45.500000000000007 73.625000000000014 54.500000000000007 1.0000000180025095e-35 31.500000000000004 68.071428571428584 55.500000000000007 36.500000000000007 50.500000000000007 78.500000000000014 53.500000000000007 62.619047619047628
decision_type=2 2 2 2 2 2 2 2 2 2 2 2 2 2
left_child=1 -1 -3 5 -5 6 -4 -7 -6 -2 -11 12 -12 -14
right_child=9 2 3 4 8 7 -8 -9 -10 10 11 -13 13 -15
leaf_value=0.00066229208641184066 -0.00045091030299804045 -0.00038313829274985061 -0.00046263050608104091 -0.00034208846923250414 -0.00027196536607031397 0.00062988932170954183 8.8216340902165191e-05 0.00012873385637552322 2.2005759586822047e-05 7.5474777716278492e-05 -4.3488658288756467e-05 0.00019681016016485434 -0.00042095442680292766 -8.2980715300296793e-06
leaf_weight=25 28 33 31 51 53 37 403 107 930 167 147 41 99 51
leaf_count=25 28 33 31 51 53 37 403 107 930 167 147 41 99 51
internal_value=4.44008e-06 3.04487e-05 2.04497e-05 2.89441e-05 -1.1582e-05 0.000101337 4.78971e-05 0.000260959 5.89556e-06 -7.69548e-05 -5.53705e-05 -0.000120051 -0.000164306 -0.000281635
internal_weight=2203 1670 1645 1612 1034 578 434 144 983 533 505 338 297 150
internal_count=2203 1670 1645 1612 1034 578 434 144 983 533 505 338 297 150
is_linear=0
shrinkage=0.03


Tree=308
num_leaves=15
num_cat=0
split_feature=4 13 17 11 11 11 16 18 4 18 12 17 14 12
split_gain=0.00509319 0.00548635 0.00439563 0.00318178 0.00292713 0.0106758 0.00536373 0.009061 0.0063219 0.00591826 0.00517059 0.00430229 0.00657699 0.00489843
threshold=2.5000000000000004 1.0000000180025095e-35 17.443787268987986 41.500000000000007 107.50000000000001 117.50000000000001 80.357142857142875 77.375000000000014 1.0000000180025095e-35 86.125000000000014 93.500000000000014 16.998599382077938 89.500000000000014 77.500000000000014
decision_type=2 2 2 2 2 2 2 2 2 2 2 2 2 2
left_child=1 -1 -2 -3 6 -6 7 11 -9 -8 -10 12 13 -5
right_child=2 3 -4 4 5 -7 9 8 10 -11 -12 -13 -14 -15
leaf_value=0.00040747582715994213 -7.3917966920547973e-05 -0.00019830851810790287 -0.00044611381217843392 -6.0043600531408831e-06 -0.00049417250749091938 0.0001426950427906737 0.00021402041598907613 0.00020144969767630649 -0.00031723226829232274 1.0099903210329841e-05 7.9236406259902602e-05 0.00017531509505554625 -0.00028035304372706239 0.00017532898635644497
leaf_weight=31 141 62 35 715 42 52 248 33 157 264 36 157 66 164
leaf_count=31 141 62 35 715 42 52 248 33 157 264 36 157 66 164
internal_value=4.29898e-06 1.7767e-05 -0.000150036 1.15134e-05 1.83388e-05 -0.000144069 2.67095e-05 -5.11314e-06 -0.000177717 0.000109099 -0.000243252 3.04137e-05 6.18024e-06 2.79888e-05
internal_weight=2203 2027 176 1996 1934 94 1840 1328 226 512 193 1102 945 879
internal_count=2203 2027 176 1996 1934 94 1840 1328 226 512 193 1102 945 879
is_linear=0
shrinkage=0.03


Tree=309
num_leaves=15
num_cat=0
split_feature=6 14 12 14 14 14 14 13 18 0 18 15 14 18
split_gain=0.00493806 0.01372 0.00654694 0.00383033 0.00666652 0.00440311 0.00494792 0.00451836 0.00543217 0.00496031 0.00557452 0.00406441 0.00367778 0.00362056
threshold=1.5000000000000002 48.500000000000007 36.500000000000007 89.500000000000014 92.500000000000014 45.500000000000007 53.500000000000007 45.500000000000007 51.875000000000007 5.5000000000000009 63.583333333333336 74.833333333333357 54.500000000000007 75.375000000000014
decision_type=2 2 2 2 2 2 2 2 2 2 2 2 2 2
left_child=1 -1 -2 5 -5 -4 11 8 -8 12 -11 -7 -9 -6
right_child=2 -3 3 4 13 6 7 9 -10 10 -12 -13 -14 -15
leaf_value=0.00075406674859830386 -0.00038736893359550035 4.8217261604390639e-05 -0.00013001933932531407 -0.00035168629118113756 0.00023860087175125956 0.0002172972950402514 0.00015817882732436473 -0.00027390542256762273 -0.00035017917106429543 -3.9790146281653691e-05 0.00034883776212546198 -0.00013805730499526754 5.4138456692877084e-06 -0.00011024314029513065
leaf_weight=25 42 535 187 77 39 174 26 44 64 57 78 34 741 80
leaf_count=25 42 535 187 77 39 174 26 44 64 57 78 34 741 80
internal_value=4.16442e-06 8.10164e-05 -2.20631e-05 -1.2244e-05 -0.000136128 5.12251e-06 2.59605e-05 -1.53228e-06 -0.000203196 1.83949e-05 0.000185664 0.000158828 -1.05708e-05 5.1195e-06
internal_weight=2203 560 1643 1601 196 1405 1218 1010 90 920 135 208 785 119
internal_count=2203 560 1643 1601 196 1405 1218 1010 90 920 135 208 785 119
is_linear=0
shrinkage=0.03


Tree=310
num_leaves=15
num_cat=0
split_feature=4 14 16 14 14 16 14 16 18 14 14 0 11 11
split_gain=0.00383282 0.00416109 0.01333 0.00337586 0.00433257 0.0051907 0.0047398 0.00707922 0.00671026 0.00458619 0.00426222 0.00509757 0.00508604 0.00400384
threshold=2.5000000000000004 33.500000000000007 68.309523809523824 41.500000000000007 53.500000000000007 59.928571428571438 46.500000000000007 57.500000000000007 73.875000000000014 54.500000000000007 75.500000000000014 5.5000000000000009 49.500000000000007 107.50000000000001
decision_type=2 2 2 2 2 2 2 2 2 2 2 2 2 2
left_child=1 2 -1 -3 6 -6 7 -5 -8 -7 11 13 -12 -11
right_child=-2 3 -4 4 5 9 8 -9 -10 10 12 -13 -14 -15
leaf_value=0.00061505109996337875 -0.000132963877798094 -0.00022947027285616579 -0.00017094750855064305 0.00025518729423587816 -0.00017285217295095746 -0.00030290854137482318 0.00032802275842245323 -0.0002267259095713277 -0.00012495803704950958 6.6392201398100166e-05 -0.00030384175982643762 0.00030537406663237954 -6.1673703442171297e-06 -0.00031059057520501987
leaf_weight=38 187 55 38 45 161 41 123 67 38 419 54 78 851 26
leaf_count=38 187 55 38 45 161 41 123 67 38 419 54 78 851 26
internal_value=-3.36254e-06 8.61211e-06 0.000224936 1.04952e-07 6.85711e-06 -1.16902e-05 0.000117236 -3.25553e-05 0.000220997 6.07842e-06 1.51557e-05 8.32506e-05 -2.42449e-05 4.37192e-05
internal_weight=2221 2034 76 1958 1903 1630 273 112 161 1469 1428 523 905 445
internal_count=2221 2034 76 1958 1903 1630 273 112 161 1469 1428 523 905 445
is_linear=0
shrinkage=0.03


Tree=311
num_leaves=15
num_cat=0
split_feature=18 12 16 16 6 2 17 14 14 14 6 13 13 16
split_gain=0.00253012 0.00943231 0.00887755 0.00540624 0.00415303 0.0119638 0.0052759 0.00411074 0.00553974 0.00498252 0.00353332 0.00296816 0.00556366 0.00527735
threshold=86.291666666666671 65.500000000000014 83.464285714285737 84.785714285714292 1.5000000000000002 1.0000000180025095e-35 16.549348861021013 89.500000000000014 87.500000000000014 90.500000000000014 1.5000000000000002 67.500000000000014 77.500000000000014 68.071428571428584
decision_type=2 2 2 2 2 2 2 2 2 2 2 2 2 2
left_child=2 -2 4 -4 5 6 -1 8 11 -9 -3 -6 -13 -14
right_child=1 10 3 -5 7 -7 -8 9 -10 -11 -12 12 13 -15
leaf_value=0.00022759564762822574 -0.00050992493249941615 1.6576161618502285e-05 0.00054354092214120228 0.0001109739758052259 2.3933052093921427e-05 0.00056064736797995093 -0.00015293761197278591 -0.00044113993052485244 0.0003303919929596812 -6.4472347603143252e-05 -0.00026929192286479517 -0.00016871672607314268 0.00021223897787664704 -5.6246788095316928e-05
leaf_weight=52 39 287 40 73 757 43 85 42 42 121 44 262 89 245
leaf_count=52 39 287 40 73 757 43 85 42 42 121 44 262 89 245
internal_value=-3.26722e-06 -7.47741e-05 1.10591e-05 0.00026752 -5.75953e-06 0.000130268 -7.89902e-06 -2.15486e-05 -4.84211e-06 -0.000163626 -2.21211e-05 -1.54848e-05 -6.5507e-05 1.57158e-05
internal_weight=2221 370 1851 113 1738 180 137 1558 1395 163 331 1353 596 334
internal_count=2221 370 1851 113 1738 180 137 1558 1395 163 331 1353 596 334
is_linear=0
shrinkage=0.03


Tree=312
num_leaves=15
num_cat=0
split_feature=4 14 16 14 14 13 11 14 14 16 18 18 12 13
split_gain=0.00376094 0.00386599 0.0124367 0.00318764 0.00404681 0.00510765 0.00495883 0.00514806 0.00443741 0.00664743 0.00625346 0.00397666 0.00522952 0.00456696
threshold=2.5000000000000004 33.500000000000007 68.309523809523824 41.500000000000007 53.500000000000007 41.500000000000007 45.500000000000007 54.500000000000007 46.500000000000007 57.500000000000007 73.875000000000014 60.875000000000007 45.500000000000007 47.500000000000007
decision_type=2 2 2 2 2 2 2 2 2 2 2 2 2 2
left_child=1 2 -1 -3 8 -6 -7 -8 9 -5 -10 12 -9 -13
right_child=-2 3 -4 4 5 6 7 11 10 -11 -12 13 -14 -15
leaf_value=0.0005940257917525461 -0.00013154481473569095 -0.00022258629479828026 -0.00016517704206657632 0.00024762392448990237 -0.00039227071988974667 -0.00022927108066930914 -0.00030022569301666971 -0.00010481338008170629 0.00031744826786082067 -0.00021936021005625233 -0.00011985563144732552 -0.00037568826637392964 0.00030603327840734063 1.1499100899504085e-05
leaf_weight=38 187 55 38 45 30 82 46 40 123 67 38 27 88 1317
leaf_count=38 187 55 38 45 30 82 46 40 123 67 38 27 88 1317
internal_value=-3.1643e-06 8.69747e-06 0.000217209 4.97318e-07 7.05834e-06 -1.08672e-05 -3.4753e-06 8.86475e-06 0.000113735 -3.12017e-05 0.000214131 1.87211e-05 0.000177826 3.44724e-06
internal_weight=2221 2034 76 1958 1903 1630 1600 1518 273 112 161 1472 128 1344
internal_count=2221 2034 76 1958 1903 1630 1600 1518 273 112 161 1472 128 1344
is_linear=0
shrinkage=0.03


Tree=313
num_leaves=15
num_cat=0
split_feature=4 2 19 18 4 18 16 6 16 18 13 13 18 12
split_gain=0.00353926 0.00330251 0.0107494 0.00780721 0.00536459 0.0055563 0.00520224 0.00660507 0.00798161 0.00424191 0.00347441 0.0106847 0.00344697 0.00570792
threshold=2.5000000000000004 1.0000000180025095e-35 1.0000000180025095e-35 55.875000000000007 1.5000000000000002 74.125000000000014 93.214285714285737 1.5000000000000002 89.214285714285737 80.125000000000014 71.500000000000014 73.500000000000014 67.375000000000014 54.500000000000007
decision_type=2 2 2 2 2 2 2 2 2 2 2 2 2 2
left_child=1 2 -1 -3 10 -6 7 8 -5 -7 -4 -12 -13 -14
right_child=-2 3 4 6 5 9 -8 -9 -10 -11 11 12 13 -15
leaf_value=-0.00042921034185888454 -0.00012761945909702224 0.00056200307240942486 0.00010361139400148683 0.00066934312655939716 -3.4030466250337415e-05 -0.00049354307898419336 -0.0002201169245456875 3.058223774236136e-05 1.8443896524866643e-05 -6.2208687446208816e-05 -0.00060254387198745878 0.00024510137755053371 -0.00032752084937722733 2.6358219631439511e-05
leaf_weight=53 187 27 438 34 372 46 57 351 33 37 25 54 44 463
leaf_count=53 187 27 438 34 372 46 57 351 33 37 25 54 44 463
internal_value=-3.07996e-06 8.42692e-06 -1.34635e-05 7.5126e-05 1.71473e-06 -8.389e-05 4.63283e-05 8.31004e-05 0.000353737 -0.000304291 3.97967e-05 -7.99623e-06 1.95238e-05 -4.93745e-06
internal_weight=2221 2034 1532 502 1479 455 475 418 67 83 1024 586 561 507
internal_count=2221 2034 1532 502 1479 455 475 418 67 83 1024 586 561 507
is_linear=0
shrinkage=0.03


Tree=314
num_leaves=15
num_cat=0
split_feature=18 12 16 14 2 5 18 13 17 17 16 13 15 16
split_gain=0.00243949 0.00880942 0.00824564 0.00527567 0.00367803 0.0154143 0.00689444 0.0040786 0.00334936 0.00326844 0.00455017 0.0067801 0.00582358 0.00555341
threshold=86.291666666666671 65.500000000000014 83.464285714285737 91.500000000000014 1.0000000180025095e-35 31.500000000000004 55.583333333333336 54.500000000000007 20.028551049510906 13.692629223385604 68.309523809523824 51.500000000000007 74.833333333333357 64.773809523809533
decision_type=2 2 2 2 2 2 2 2 2 2 2 2 2 2
left_child=2 -2 4 -4 5 -1 7 -6 -7 -8 13 -12 -13 -11
right_child=1 -3 3 -5 6 8 9 -9 -10 10 11 12 -14 -15
leaf_value=-0.00047594769501627717 -0.00049374922615243123 -2.2322941469106611e-05 0.00047728500630978915 6.6818526566719572e-05 0.00064299334286867336 4.6066219964108131e-07 -0.00013839532627025618 0.00012084368363440293 -0.00032072469400009138 3.3136573469130109e-05 -0.00043238101345070449 0.00022300595112028531 -6.8372091844139501e-05 0.00049464081274616255
leaf_weight=66 39 331 52 61 26 1125 89 28 29 52 28 104 149 42
leaf_count=66 39 331 52 61 26 1125 89 28 29 52 28 104 149 42
internal_value=-2.99622e-06 -7.32107e-05 1.10711e-05 0.000258236 -5.13816e-06 -3.35721e-05 6.17654e-05 0.000379369 -7.88142e-06 2.40666e-05 6.28898e-05 2.20128e-06 5.18103e-05 0.000242377
internal_weight=2221 370 1851 113 1738 1220 518 54 1154 464 375 281 253 94
internal_count=2221 370 1851 113 1738 1220 518 54 1154 464 375 281 253 94
is_linear=0
shrinkage=0.03


Tree=315
num_leaves=15
num_cat=0
split_feature=15 2 11 17 13 14 13 14 7 11 16 12 13 16
split_gain=0.00348811 0.00970292 0.00593756 0.00736091 0.00518738 0.00746335 0.00343871 0.00474257 0.00335639 0.00289622 0.00748926 0.00382126 0.00450917 0.00311766
threshold=52.500000000000007 1.0000000180025095e-35 43.500000000000007 13.02926992228584 45.500000000000007 62.500000000000007 60.500000000000007 89.500000000000014 11.000000000000002 53.500000000000007 57.642857142857146 68.500000000000014 55.500000000000007 68.309523809523824
decision_type=2 2 2 2 2 2 2 2 2 2 2 2 2 2
left_child=1 8 3 -2 5 -4 7 9 -1 -6 -11 -12 13 -13
right_child=2 -3 4 -5 6 -7 -8 -9 -10 10 11 12 -14 -15
leaf_value=-0.00027005246470382968 9.1539679152417863e-05 0.00060487595717859219 1.4891894204097229e-05 -0.00051247285244365541 0.0003691627784573939 -0.00047361857022576941 -7.9226623632602411e-06 -0.00017118337849511922 9.9643160406100953e-05 -0.00039143088663247627 0.00030504374541675806 0.0001534143674495172 0.00027667301783204396 -0.00012370438759717217
leaf_weight=27 30 31 66 44 39 48 1416 54 104 25 88 58 66 95
leaf_count=27 30 31 66 44 39 48 1416 54 104 25 88 58 66 95
internal_value=3.02628e-06 0.000136547 -7.6963e-06 -0.000269647 2.35177e-06 -0.000193127 1.45546e-05 8.92865e-05 2.19777e-05 0.000127557 9.8152e-05 0.000139162 7.14224e-05 -1.83388e-05
internal_weight=2191 162 2029 74 1955 114 1841 425 131 371 332 307 219 153
internal_count=2191 162 2029 74 1955 114 1841 425 131 371 332 307 219 153
is_linear=0
shrinkage=0.03


Tree=316
num_leaves=15
num_cat=0
split_feature=4 12 17 11 11 11 2 5 4 18 5 4 18 0
split_gain=0.00384969 0.00568883 0.00340058 0.00269404 0.00853658 0.00488834 0.00318699 0.00738037 0.0074147 0.00844318 0.00881755 0.00563145 0.00494642 0.0044836
threshold=2.5000000000000004 33.500000000000007 17.509861154017752 107.50000000000001 117.50000000000001 105.50000000000001 1.0000000180025095e-35 31.500000000000004 1.5000000000000002 74.416666666666671 32.500000000000007 1.5000000000000002 83.875000000000014 5.5000000000000009
decision_type=2 2 2 2 2 2 2 2 2 2 2 2 2 2
left_child=1 -1 -2 5 -5 6 7 -3 -9 10 -10 13 -13 -8
right_child=2 3 -4 4 -6 -7 11 8 9 -11 -12 12 -14 -15
leaf_value=0.0004393156595428341 -6.8934279033595072e-05 -0.00036578008350368369 -0.00041157938335345534 -0.00045463932223025366 0.00010905606394064509 0.00039021675488085393 -3.7361629328888844e-05 4.9762970351442707e-05 0.0001584405203704426 -0.00037825450899526912 -0.00014823549703625106 0.00034578634923023344 -4.2867053021577053e-05 0.00031978234705699529
leaf_weight=27 144 50 31 43 53 30 260 932 131 79 233 102 41 35
leaf_count=27 144 50 31 43 53 30 260 932 131 79 233 102 41 35
internal_value=2.93501e-06 1.4675e-05 -0.000131625 8.69283e-06 -0.000145517 1.6586e-05 1.03633e-05 -1.1402e-05 1.74094e-06 -9.91741e-05 -3.77341e-05 8.10395e-05 0.00023483 5.94858e-06
internal_weight=2191 2016 175 1989 96 1893 1863 1425 1375 443 364 438 143 295
internal_count=2191 2016 175 1989 96 1893 1863 1425 1375 443 364 438 143 295
is_linear=0
shrinkage=0.03


Tree=317
num_leaves=15
num_cat=0
split_feature=4 13 17 16 18 2 4 19 4 18 16 0 6 17
split_gain=0.00362665 0.0086809 0.00320679 0.00227138 0.00387277 0.00356322 0.00687217 0.00612692 0.00740321 0.00662891 0.00447206 0.00416516 0.00417195 0.00469195
threshold=2.5000000000000004 1.0000000180025095e-35 17.509861154017752 100.64285714285715 92.125000000000014 1.0000000180025095e-35 1.5000000000000002 1.0000000180025095e-35 1.5000000000000002 74.416666666666671 80.357142857142875 5.5000000000000009 2.5000000000000004 16.485202030547203
decision_type=2 2 2 2 2 2 2 2 2 2 2 2 2 2
left_child=1 -1 -2 4 5 7 11 -3 -9 -10 -11 12 13 -7
right_child=2 3 -4 -5 -6 6 -8 8 9 10 -12 -13 -14 -15
leaf_value=0.00049681635488840661 -6.6880509786705224e-05 -0.00033141192644560598 -0.00039961785706964291 0.00022187433919604045 -0.00013853193438030561 0.0003392010305688018 0.000276373581435196 5.4238014780676992e-05 -4.2079262827239703e-05 -0.00049854809725527753 -1.2716684723272919e-05 0.00031045535842470903 -0.00014320619255656094 -6.3763836555036471e-05
leaf_weight=32 144 50 31 42 162 44 125 879 370 53 25 35 138 61
leaf_count=32 144 50 31 42 162 44 125 879 370 53 25 35 138 61
internal_value=2.84566e-06 1.42405e-05 -0.000127758 6.21068e-06 1.43469e-06 1.42439e-05 9.25854e-05 -8.73454e-06 3.66402e-06 -9.54647e-05 -0.000344965 9.2524e-06 -3.52253e-05 0.000106705
internal_weight=2191 2016 175 1984 1942 1780 403 1377 1327 448 78 278 243 105
internal_count=2191 2016 175 1984 1942 1780 403 1377 1327 448 78 278 243 105
is_linear=0
shrinkage=0.03


Tree=318
num_leaves=15
num_cat=0
split_feature=18 2 11 7 17 18 14 6 2 4 18 5 14 14
split_gain=0.00343844 0.0100814 0.00679721 0.00323377 0.00254618 0.0022607 0.00622213 0.00429226 0.00498112 0.00412304 0.00415204 0.00551308 0.00405706 0.00708212
threshold=52.125000000000007 1.0000000180025095e-35 41.500000000000007 11.000000000000002 10.564991605251302 88.375000000000014 69.500000000000014 1.5000000000000002 1.0000000180025095e-35 1.5000000000000002 71.708333333333357 32.500000000000007 89.500000000000014 92.500000000000014
decision_type=2 2 2 2 2 2 2 2 2 2 2 2 2 2
left_child=1 3 -2 -1 -4 7 -7 8 9 -6 -11 -12 -9 -14
right_child=2 -3 4 -5 5 6 -8 12 -10 10 11 -13 13 -15
leaf_value=-0.00026074293790565381 -0.00042199992621577362 0.00057111318742327801 -0.00028965614141068525 9.6099775310621818e-05 0.00021113356019163295 -0.00031240331993377706 1.1723584074598665e-06 1.6656011402751089e-05 0.0003419435690860458 0.0001852407582153223 7.0655953216676903e-05 -0.00044623590589393502 -0.00036904269220773951 1.7253803495502022e-05
leaf_weight=30 34 36 26 86 80 72 259 1210 71 37 35 38 70 107
leaf_count=30 34 36 26 86 80 72 259 1210 71 37 35 38 70 107
internal_value=2.76032e-06 0.000139927 -7.52854e-06 2.37307e-06 -2.93229e-07 3.65278e-06 -6.7773e-05 1.8031e-05 0.000129394 4.85936e-05 -7.04544e-05 -0.000200805 -3.00302e-06 -0.000136734
internal_weight=2191 152 2039 116 2005 1979 331 1648 261 190 110 73 1387 177
internal_count=2191 152 2039 116 2005 1979 331 1648 261 190 110 73 1387 177
is_linear=0
shrinkage=0.03


Tree=319
num_leaves=15
num_cat=0
split_feature=4 14 17 17 0 0 2 5 12 12 12 12 17 15
split_gain=0.0036159 0.00520545 0.0140773 0.00307458 0.00214126 0.00694614 0.00343934 0.00664526 0.00325076 0.00352342 0.00316671 0.00726359 0.00561286 0.00568166
threshold=2.5000000000000004 1.0000000180025095e-35 16.06682473741601 17.509861154017752 5.5000000000000009 4.5000000000000009 1.0000000180025095e-35 31.500000000000004 56.500000000000007 51.500000000000007 71.500000000000014 73.500000000000014 19.938587624416879 83.166666666666671
decision_type=2 2 2 2 2 2 2 2 2 2 2 2 2 2
left_child=1 2 -1 -2 5 10 7 -6 9 -9 12 -12 13 -3
right_child=3 4 -4 -5 6 -7 -8 8 -10 -11 11 -13 -14 -15
leaf_value=0.00076037038792856038 -6.8109198107087085e-05 6.4635337982714441e-05 -9.2844456739840103e-05 -0.00039395433007484822 -0.0004140380766087522 -0.0001391438966136775 0.00029297599086104041 8.6583234654600785e-05 3.4035106895120211e-06 0.00052070828866110082 -0.00045045050058380344 -1.2568087857181115e-06 -0.00029429004662233637 0.00041204265351078227
leaf_weight=29 144 547 41 31 26 299 54 46 147 26 33 688 35 45
leaf_count=29 144 547 41 31 26 299 54 46 147 26 33 688 35 45
internal_value=2.66945e-06 1.40475e-05 0.000266361 -0.000127741 4.83932e-06 -8.58297e-06 7.85564e-05 3.02977e-05 8.46921e-05 0.000248336 2.04584e-05 -2.24117e-05 6.97129e-05 9.16933e-05
internal_weight=2191 2016 70 175 1946 1647 299 245 219 72 1348 721 627 592
internal_count=2191 2016 70 175 1946 1647 299 245 219 72 1348 721 627 592
is_linear=0
shrinkage=0.03


Tree=320
num_leaves=15
num_cat=0
split_feature=6 16 12 16 13 13 13 16 12 15 13 16 12 18
split_gain=0.00412588 0.0122074 0.00506419 0.00378209 0.00949433 0.00439041 0.00645145 0.00404702 0.00451731 0.00374352 0.00349279 0.00331019 0.00556182 0.00392972
threshold=3.5000000000000004 58.226190476190482 36.500000000000007 67.357142857142875 49.500000000000007 77.500000000000014 69.500000000000014 65.357142857142875 67.500000000000014 55.500000000000007 62.500000000000007 59.500000000000007 55.500000000000007 68.291666666666671
decision_type=2 2 2 2 2 2 2 2 2 2 2 2 2 2
left_child=1 -1 -2 5 -5 6 7 8 -3 10 -4 12 -11 -13
right_child=2 3 9 4 -6 -7 -8 -9 -10 11 -12 13 -14 -15
leaf_value=0.00054525680601587875 -0.00044119186047282706 0.00024237023333805322 4.0007423342781378e-06 -0.0005066565179218099 9.7696043106912452e-07 0.00043153344605183095 -0.00021110534971261299 0.00043568701489601989 -0.00010837891738535084 7.2416278866252728e-05 0.00038030627268688893 1.5806737180120374e-05 -0.00038638960091395651 -0.00032407098976781944
leaf_weight=38 31 70 152 33 1341 33 56 36 61 34 25 177 76 36
leaf_count=38 31 70 152 33 1341 33 56 36 61 34 25 177 76 36
internal_value=-2.46109e-06 2.07299e-05 -7.52115e-05 8.1748e-06 -1.15747e-05 0.000113807 6.50724e-05 0.000158388 7.94606e-05 -5.16854e-05 5.89892e-05 -0.000112329 -0.000245202 -4.28833e-05
internal_weight=2199 1668 531 1630 1374 256 223 167 131 500 177 323 110 213
internal_count=2199 1668 531 1630 1374 256 223 167 131 500 177 323 110 213
is_linear=0
shrinkage=0.03


Tree=321
num_leaves=15
num_cat=0
split_feature=6 16 12 16 13 13 13 16 12 17 17 14 16 15
split_gain=0.00388648 0.0115042 0.00477498 0.00356461 0.00894944 0.00413867 0.00607738 0.00381497 0.00425421 0.00365957 0.00386994 0.00508117 0.00468948 0.00352747
threshold=3.5000000000000004 58.226190476190482 36.500000000000007 67.357142857142875 49.500000000000007 77.500000000000014 69.500000000000014 65.357142857142875 67.500000000000014 13.237752650585497 14.985707476506365 57.500000000000007 70.928571428571445 55.500000000000007
decision_type=2 2 2 2 2 2 2 2 2 2 2 2 2 2
left_child=1 -1 -2 5 -5 6 7 8 -3 -6 12 -12 -11 -4
right_child=2 3 13 4 9 -7 -8 -9 -10 10 11 -13 -14 -15
leaf_value=0.000529318517835166 -0.00042836972903387505 0.00023520153586246059 5.7284291002728868e-05 -0.00049190386414171795 -0.00025354107511609941 0.00041896820520324738 -0.00020488329982311514 0.00042296966218084372 -0.00010517999358501495 -9.2958894446897123e-05 -0.00016173813097967386 1.8094620410738388e-05 0.00027590320587215811 -0.0001090163324631619
leaf_weight=38 31 70 177 33 48 33 56 36 61 45 164 988 96 323
leaf_count=38 31 70 177 33 48 33 56 36 61 45 164 988 96 323
internal_value=-2.38521e-06 2.01229e-05 -7.29935e-05 7.93479e-06 -1.12385e-05 0.000110485 6.31682e-05 0.000153738 7.71072e-05 9.47673e-07 1.05837e-05 -7.62464e-06 0.000158356 -5.01491e-05
internal_weight=2199 1668 531 1630 1374 256 223 167 131 1341 1293 1152 141 500
internal_count=2199 1668 531 1630 1374 256 223 167 131 1341 1293 1152 141 500
is_linear=0
shrinkage=0.03


Tree=322
num_leaves=15
num_cat=0
split_feature=12 17 14 1 15 12 17 11 14 14 13 11 13 7
split_gain=0.00366431 0.00291801 0.00366017 0.00361789 0.00421648 0.00306285 0.00315162 0.00357292 0.00349597 0.00441439 0.00541997 0.00292852 0.00291539 0.00284376
threshold=1.0000000180025095e-35 20.028551049510906 62.500000000000007 1.0000000180025095e-35 88.416666666666671 67.500000000000014 13.171034927656972 75.500000000000014 49.500000000000007 62.500000000000007 67.500000000000014 81.500000000000014 41.500000000000007 11.000000000000002
decision_type=2 2 2 2 2 2 2 2 2 2 2 2 2 2
left_child=-1 3 -3 5 12 -2 -7 8 -8 10 -10 -9 -5 -14
right_child=1 2 -4 4 -6 6 7 11 9 -11 -12 -13 13 -15
leaf_value=0.00033869201658360128 8.3521662598030265e-05 -0.00034549101274814864 -4.8216759692877528e-05 -0.00034606294989156168 0.00026292485011591846 -0.00017962158513803254 -0.00011980355702170137 -0.00026060373650837408 0.00067910842297491257 5.9629923963727002e-05 0.000124121650946489 -1.6912797262921233e-05 -0.00015738027789879457 -8.7361684633600991e-06
leaf_weight=27 595 45 199 33 34 84 62 52 25 210 42 274 174 343
leaf_count=27 595 45 199 33 34 84 62 52 25 210 42 274 174 343
internal_value=-2.31215e-06 -6.70506e-06 -0.000104228 5.68473e-06 -5.65992e-05 3.27706e-05 -7.60335e-06 1.43623e-05 8.24363e-05 0.000127971 0.000338148 -5.64618e-05 -7.6793e-05 -5.89706e-05
internal_weight=2199 2172 244 1928 584 1344 749 665 339 277 67 326 550 517
internal_count=2199 2172 244 1928 584 1344 749 665 339 277 67 326 550 517
is_linear=0
shrinkage=0.03


Tree=323
num_leaves=15
num_cat=0
split_feature=6 18 14 13 17 17 14 17 2 14 11 11 15 11
split_gain=0.00367833 0.00980145 0.0102644 0.00378337 0.00277797 0.00494076 0.00324138 0.00465925 0.00628055 0.00455594 0.00297917 0.00325274 0.00449224 0.00286487
threshold=3.5000000000000004 59.125000000000007 54.500000000000007 36.500000000000007 19.722295657546347 19.41158220778323 49.500000000000007 16.06682473741601 1.0000000180025095e-35 75.500000000000014 79.500000000000014 62.500000000000007 88.166666666666671 63.500000000000007
decision_type=2 2 2 2 2 2 2 2 2 2 2 2 2 2
left_child=1 2 -1 -2 5 6 7 8 -3 13 11 -6 -13 -8
right_child=3 4 -4 -5 10 -7 9 -9 -10 -11 -12 12 -14 -15
leaf_value=0.00070707163893038764 -0.00039832239830866453 -0.0001981714463715131 5.961108364967264e-05 -5.1266185318729207e-05 -0.00019386936090086236 0.00036270234881403908 0.00022240262174320023 -0.00037052283180255855 0.0003875169092610192 -2.3277451239196312e-05 -0.00015596771069345319 0.00046313581315593586 -1.8434039130806922e-05 5.349548745900296e-05
leaf_weight=36 29 44 55 502 35 36 123 46 25 675 181 26 49 337
leaf_count=36 29 44 55 502 35 36 123 46 25 675 181 26 49 337
internal_value=-2.24189e-06 1.96551e-05 0.000320651 -7.09334e-05 2.09412e-06 2.10466e-05 1.09249e-05 -0.000140145 1.65389e-05 2.63414e-05 -8.14468e-05 4.14745e-05 0.000152407 9.90443e-05
internal_weight=2199 1668 91 531 1577 1286 1250 115 69 1135 291 110 75 460
internal_count=2199 1668 91 531 1577 1286 1250 115 69 1135 291 110 75 460
is_linear=0
shrinkage=0.03


Tree=324
num_leaves=15
num_cat=0
split_feature=6 16 12 15 17 16 15 17 14 14 11 11 16 13
split_gain=0.00346478 0.0104012 0.00447258 0.00337024 0.00425931 0.00818953 0.00636897 0.00445897 0.00375628 0.00355218 0.00344428 0.00467998 0.00323986 0.00846423
threshold=3.5000000000000004 58.226190476190482 36.500000000000007 55.500000000000007 12.432675841161865 62.357142857142868 67.833333333333357 14.504514524882604 46.500000000000007 65.500000000000014 61.500000000000007 37.500000000000007 67.357142857142875 49.500000000000007
decision_type=2 2 2 2 2 2 2 2 2 2 2 2 2 2
left_child=1 -1 -2 10 5 -5 7 8 -6 -9 11 -4 -3 -14
right_child=2 12 3 4 6 -7 -8 9 -10 -11 -12 -13 13 -15
leaf_value=0.00050325760638001012 -0.000412762863224998 0.00010526694073661136 -0.00018088711812610695 -0.00046129124139042687 -0.00018115898317773825 0.00017343201175278337 -0.00036737231922140992 4.6062844202798948e-05 0.00021666585952542455 -0.00039991412627240342 -0.00017620925093069672 0.00022999736627053399 -0.00047823304919909467 1.0718394230192014e-06
leaf_weight=38 31 256 32 63 26 25 42 33 104 30 42 103 33 1341
leaf_count=38 31 256 32 63 26 25 42 33 104 30 42 103 33 1341
internal_value=-2.1631e-06 1.90888e-05 -6.88307e-05 -4.67256e-05 -0.000104269 -0.00028105 -3.71593e-05 3.62238e-05 0.000136325 -0.000169238 5.82778e-05 0.000131989 7.49975e-06 -1.07793e-05
internal_weight=2199 1668 531 500 323 88 235 193 130 63 177 135 1630 1374
internal_count=2199 1668 531 500 323 88 235 193 130 63 177 135 1630 1374
is_linear=0
shrinkage=0.03


Tree=325
num_leaves=15
num_cat=0
split_feature=13 17 17 14 6 17 13 13 18 0 11 11 11 13
split_gain=0.00304043 0.00426627 0.00978254 0.00276459 0.0068008 0.00482984 0.00428671 0.00275575 0.00471355 0.00441681 0.00335254 0.00273527 0.00354468 0.00446074
threshold=63.500000000000007 12.500476145128383 12.742877948736886 89.500000000000014 1.5000000000000002 16.763054614240257 55.500000000000007 41.500000000000007 58.583333333333336 4.5000000000000009 41.500000000000007 62.500000000000007 57.500000000000007 54.500000000000007
decision_type=2 2 2 2 2 2 2 2 2 2 2 2 2 2
left_child=3 -2 -3 4 5 -1 -5 8 9 -6 -9 12 13 -12
right_child=1 2 -4 6 7 -7 -8 10 -10 -11 11 -13 -14 -15
leaf_value=0.0006780971260741353 -0.00023718948450417572 0.00056204197874579296 -2.5858713183204007e-05 -0.00034387213544687253 0.00023336352320091629 0.00013335363750229589 6.8161424209873338e-05 -0.00019191408210919984 -0.00037090629387852167 -0.00023425077042174374 0.00021013347642854732 3.0480213633151167e-05 0.00034705793041640018 -0.0001427730867255698
leaf_weight=25 81 25 1258 39 43 35 52 42 37 30 87 334 67 50
leaf_count=25 81 25 1258 39 43 35 52 42 37 30 87 334 67 50
internal_value=2.61544e-07 -2.73938e-05 -1.39743e-05 4.50945e-05 6.40637e-05 0.000367726 -0.000110243 3.71644e-05 -9.98939e-05 4.06246e-05 6.32854e-05 8.35271e-05 0.000169806 8.12342e-05
internal_weight=2205 1364 1283 841 750 60 91 690 110 73 580 538 204 137
internal_count=2205 1364 1283 841 750 60 91 690 110 73 580 538 204 137
is_linear=0
shrinkage=0.03


Tree=326
num_leaves=15
num_cat=0
split_feature=18 11 16 12 14 11 12 12 12 18 14 14 12 17
split_gain=0.00290423 0.00834206 0.00501325 0.00450301 0.00424794 0.004202 0.0060669 0.00388272 0.00578904 0.00540543 0.00375754 0.00427622 0.003552 0.00832875
threshold=58.583333333333336 46.500000000000007 57.642857142857146 70.500000000000014 36.500000000000007 62.500000000000007 89.500000000000014 92.500000000000014 91.500000000000014 84.291666666666671 41.500000000000007 51.500000000000007 81.500000000000014 16.532795690182663
decision_type=2 2 2 2 2 2 2 2 2 2 2 2 2 2
left_child=4 3 -3 -2 -1 6 12 8 -7 -9 -6 -12 -4 -14
right_child=1 2 5 -5 10 7 -8 9 -10 -11 11 -13 13 -15
leaf_value=0.00042133459997421597 -0.00064543089108026047 -0.00035903895042637096 7.8539076574180632e-05 -9.8135807410082107e-05 -0.00025578052488113329 -3.4871470766408697e-05 -0.00011285069459392966 0.00030589001937899056 -0.00037569001135280095 7.0971495915728153e-07 0.00026532175589392596 8.581246571231853e-06 0.00063739180349540005 8.7355765897102961e-05
leaf_weight=29 27 34 236 27 32 992 108 68 46 215 81 203 38 69
leaf_count=29 27 34 236 27 32 992 108 68 46 215 81 203 38 69
internal_value=2.63434e-07 -1.45756e-05 -3.48934e-06 -0.000378543 8.00758e-05 3.53138e-06 8.24916e-05 -2.34683e-05 -5.03222e-05 7.48581e-05 4.75274e-05 8.24806e-05 0.000144148 0.000286789
internal_weight=2205 1860 1806 54 345 1772 451 1321 1038 283 316 284 343 107
internal_count=2205 1860 1806 54 345 1772 451 1321 1038 283 316 284 343 107
is_linear=0
shrinkage=0.03


Tree=327
num_leaves=15
num_cat=0
split_feature=4 13 13 5 16 13 12 4 15 14 6 16 12 12
split_gain=0.00285464 0.00496467 0.00239122 0.00280138 0.00601752 0.00485816 0.00360045 0.00321944 0.0030422 0.00316019 0.00444046 0.00351532 0.00279683 0.00332465
threshold=2.5000000000000004 1.0000000180025095e-35 71.500000000000014 32.500000000000007 67.619047619047635 77.500000000000014 59.500000000000007 1.5000000000000002 84.833333333333357 89.500000000000014 3.5000000000000004 72.500000000000014 37.500000000000007 48.500000000000007
decision_type=2 2 2 2 2 2 2 2 2 2 2 2 2 2
left_child=1 -1 12 4 -4 -6 -7 8 9 10 11 -5 -3 -14
right_child=-2 2 3 7 5 6 -8 -9 -10 -11 -12 -13 13 -15
leaf_value=0.00040021759762974649 -0.00011321417809562798 -0.00025229132383989552 -0.00026727347520863985 0.00038256161443720707 0.00032392710297196906 -0.00017279336439209308 7.1800021986016764e-05 -0.00025171533906709207 -0.0001350411631493753 -0.00013524797884786365 -0.00015221715030284546 6.7594738459721314e-05 0.00018483829341797294 2.4169382279612444e-05
leaf_weight=28 182 28 54 46 56 66 282 77 193 83 52 101 134 823
leaf_count=28 182 28 54 46 56 66 282 77 193 83 52 101 134 823
internal_value=2.54488e-07 1.05136e-05 4.84634e-06 -2.75757e-05 2.72463e-05 6.71755e-05 2.50494e-05 -7.3029e-05 -4.35951e-05 1.92464e-05 8.40378e-05 0.000168075 3.80855e-05 4.68358e-05
internal_weight=2205 2023 1995 1010 458 404 348 552 475 282 199 147 985 957
internal_count=2205 2023 1995 1010 458 404 348 552 475 282 199 147 985 957
is_linear=0
shrinkage=0.03


Tree=328
num_leaves=15
num_cat=0
split_feature=18 11 16 12 14 11 16 11 16 17 17 18 14 12
split_gain=0.00269502 0.00780877 0.00474228 0.00420802 0.00400191 0.00391772 0.005833 0.0048249 0.00795323 0.00501018 0.00447138 0.00530399 0.00443642 0.00363823
threshold=58.583333333333336 46.500000000000007 57.642857142857146 70.500000000000014 36.500000000000007 62.500000000000007 81.357142857142875 55.500000000000007 67.464285714285737 13.770223223282899 13.583954006533123 75.125000000000014 75.500000000000014 92.500000000000014
decision_type=2 2 2 2 2 2 2 2 2 2 2 2 2 2
left_child=4 3 -3 -2 -1 6 7 8 9 -4 -9 12 -12 -7
right_child=1 2 5 -5 -6 13 -8 10 -10 -11 11 -13 -14 -15
leaf_value=0.00040835698500814028 -0.0006241891004278192 -0.00034912937293328077 0.00060842718548463799 -9.5111683601446979e-05 4.5540763996243115e-05 -4.8558973407470336e-05 -0.00022972245768813784 -0.00011205644101007945 -9.7835432587265624e-05 0.00011212909819411064 0.00082639135465097536 0.00015089541727631304 0.00028057733899913725 7.2615984850850051e-05
leaf_weight=29 27 34 25 27 316 1038 48 26 154 64 25 78 31 283
leaf_count=29 27 34 25 27 316 1038 48 26 154 64 25 78 31 283
internal_value=2.46518e-07 -1.4048e-05 -3.32202e-06 -0.000366189 7.71304e-05 3.50628e-06 7.97488e-05 0.000117086 3.25533e-05 0.00025675 0.000244471 0.000313966 0.000534468 -2.25642e-05
internal_weight=2205 1860 1806 54 345 1772 451 403 243 89 160 134 56 1321
internal_count=2205 1860 1806 54 345 1772 451 403 243 89 160 134 56 1321
is_linear=0
shrinkage=0.03


Tree=329
num_leaves=15
num_cat=0
split_feature=4 13 17 14 14 16 14 4 13 17 17 11 16 17
split_gain=0.00267356 0.00463437 0.00396774 0.00221472 0.00503782 0.00380821 0.00347716 0.00379088 0.00302918 0.00325461 0.00694046 0.00360633 0.00366803 0.00507557
threshold=2.5000000000000004 1.0000000180025095e-35 16.690459207925468 89.500000000000014 92.500000000000014 79.928571428571445 87.500000000000014 1.0000000180025095e-35 59.500000000000007 12.500476145128383 12.742877948736886 89.500000000000014 78.928571428571445 19.722295657546347
decision_type=2 2 2 2 2 2 2 2 2 2 2 2 2 2
left_child=1 -1 -2 6 5 -5 8 -8 -3 -10 -11 -12 -13 -14
right_child=2 3 -4 4 -6 -7 7 -9 9 10 11 12 13 -15
leaf_value=0.00038669760419248508 -2.0204772211726575e-05 7.1805207080566841e-05 -0.00032834813460314488 -0.00031386165571964207 9.2776147894723819e-06 3.5374070398464067e-05 -5.508283543999174e-06 0.00048427872289903457 -0.00016954212440991673 0.0004663436713495425 2.3286231313259061e-05 -0.00030220902543078406 0.00011938176441135401 -0.0002394311986180612
leaf_weight=28 130 516 52 92 339 40 27 29 112 27 603 67 82 61
leaf_count=28 130 516 52 92 339 40 27 29 112 27 603 67 82 61
internal_value=2.52019e-07 1.01804e-05 -0.000109559 4.70491e-06 -5.20856e-05 -0.000208562 2.2279e-05 0.000252178 1.33433e-05 -1.83862e-05 1.94559e-06 -1.40312e-05 -0.000120788 -3.42781e-05
internal_weight=2205 2023 182 1995 471 132 1524 56 1468 952 840 813 210 143
internal_count=2205 2023 182 1995 471 132 1524 56 1468 952 840 813 210 143
is_linear=0
shrinkage=0.03


Tree=330
num_leaves=15
num_cat=0
split_feature=6 15 15 2 5 13 17 16 11 13 14 12 18 12
split_gain=0.00474446 0.00804617 0.0044932 0.00780978 0.00713737 0.00609504 0.00694045 0.00814348 0.00463927 0.00439205 0.00434932 0.00363318 0.00351716 0.00364237
threshold=3.5000000000000004 54.166666666666679 72.833333333333357 1.0000000180025095e-35 31.500000000000004 86.500000000000014 13.692629223385604 68.642857142857153 54.500000000000007 72.500000000000014 85.000000000000014 55.500000000000007 66.875000000000014 83.500000000000014
decision_type=2 2 2 2 2 2 2 2 2 2 2 2 2 2
left_child=1 -1 3 4 -3 6 -6 9 -4 -8 -5 -10 -9 -14
right_child=-2 2 8 10 5 -7 7 12 11 -11 -12 -13 13 -15
leaf_value=0.00053514134019173475 -8.0092900594724506e-05 -0.00040295468291493729 -0.00036313599558447353 0.00037734084734385008 0.00021684603692582723 0.0004851412346276144 -9.759159320417573e-05 0.00041107878270041609 -0.00021298477992531844 -0.00045657916215327993 3.7242615975488803e-05 3.8409122534402219e-06 -9.4563398363433124e-05 0.00031115958589777749
leaf_weight=26 550 33 34 101 109 26 84 26 74 48 51 957 68 27
leaf_count=26 550 33 34 101 109 26 84 26 74 48 51 957 68 27
internal_value=-3.78805e-06 2.14659e-05 1.29907e-05 8.06548e-05 1.39111e-05 5.03109e-05 1.78295e-05 -6.84289e-05 -2.34559e-05 -0.000230584 0.000264218 -1.1913e-05 0.000108908 2.27874e-05
internal_weight=2214 1664 1638 573 421 388 362 253 1065 132 152 1031 121 95
internal_count=2214 1664 1638 573 421 388 362 253 1065 132 152 1031 121 95
is_linear=0
shrinkage=0.03


Tree=331
num_leaves=15
num_cat=0
split_feature=6 15 18 2 19 4 17 14 18 14 17 18 18 11
split_gain=0.00446568 0.00758831 0.00438813 0.00639925 0.00865892 0.00462812 0.00936451 0.00424558 0.00574901 0.00519364 0.00372712 0.00352665 0.00345504 0.00324626
threshold=3.5000000000000004 54.166666666666679 73.625000000000014 1.0000000180025095e-35 1.0000000180025095e-35 1.5000000000000002 14.140451935930706 59.500000000000007 84.291666666666671 64.500000000000014 17.062203553164412 65.625000000000014 65.625000000000014 59.500000000000007
decision_type=2 2 2 2 2 2 2 2 2 2 2 2 2 2
left_child=1 -1 3 4 -3 6 -6 8 -4 10 -9 -8 -5 -11
right_child=-2 2 7 12 5 -7 11 9 -10 13 -12 -13 -14 -15
leaf_value=0.00051968169987149943 -7.7694476265047858e-05 -0.00042453065677060898 -5.2755765827183203e-05 0.00049810697866824313 0.00069151931118944447 -2.4616554338837853e-05 -0.00016299619711040018 0.00052467421700174994 -0.00041605755366343249 -0.00020757737554376944 9.5645632563901009e-05 0.00016823343744902487 0.00016175366093287087 4.6885606197383011e-07
leaf_weight=26 550 35 152 37 26 243 38 25 52 74 63 112 106 675
leaf_count=26 550 35 152 37 26 243 38 25 52 74 63 112 106 675
internal_value=-3.66534e-06 2.08354e-05 1.2605e-05 7.73758e-05 2.2055e-05 6.02812e-05 0.000176975 -2.45789e-05 -0.00014694 5.38364e-06 0.000222054 8.37982e-05 0.000251637 -2.03351e-05
internal_weight=2214 1664 1638 597 454 419 176 1041 204 837 88 150 143 749
internal_count=2214 1664 1638 597 454 419 176 1041 204 837 88 150 143 749
is_linear=0
shrinkage=0.03


Tree=332
num_leaves=15
num_cat=0
split_feature=6 16 12 11 18 13 12 12 18 12 11 14 11 16
split_gain=0.00420431 0.00628366 0.0107697 0.006378 0.00537201 0.00583453 0.00539646 0.00462166 0.00364875 0.00333834 0.00380978 0.0056784 0.00465042 0.00399813
threshold=3.5000000000000004 61.309523809523817 48.500000000000007 46.500000000000007 68.291666666666671 46.500000000000007 50.500000000000007 46.500000000000007 61.875000000000007 36.500000000000007 53.500000000000007 71.500000000000014 41.500000000000007 53.500000000000007
decision_type=2 2 2 2 2 2 2 2 2 2 2 2 2 2
left_child=1 2 -1 -3 5 -5 -6 -7 -9 -2 11 12 -11 -14
right_child=9 3 -4 4 6 7 -8 8 -10 10 -12 -13 13 -15
leaf_value=0.00064836343512931637 -0.00040738000771783 -0.00038950215302368938 1.4162333195667659e-05 -0.00019854494324949643 -0.00042957030728252397 -0.00010972211270979772 -9.2075795267495172e-07 0.0005927499616518616 0.00020873121129688085 -9.4154135355403501e-05 -0.00012464676354629543 -0.00030933955028220739 -6.9920801168688826e-05 0.00033213262266166649
leaf_weight=37 25 35 66 37 26 34 1259 26 144 64 315 34 30 82
leaf_count=37 25 35 66 37 26 34 1259 26 144 64 315 34 30 82
internal_value=-3.53786e-06 2.0235e-05 0.000246026 5.18864e-06 1.44903e-05 0.000144154 -9.92111e-06 0.000206976 0.000270586 -7.53679e-05 -5.88133e-05 4.00595e-05 0.000108923 0.000224774
internal_weight=2214 1664 103 1561 1526 241 1285 204 170 550 525 210 176 112
internal_count=2214 1664 103 1561 1526 241 1285 204 170 550 525 210 176 112
is_linear=0
shrinkage=0.03


Tree=333
num_leaves=15
num_cat=0
split_feature=6 16 12 11 18 13 12 12 18 12 11 14 11 16
split_gain=0.00395948 0.00592229 0.0101499 0.00601104 0.00505935 0.00549693 0.0050892 0.00435407 0.00344463 0.00314951 0.00358425 0.00535055 0.00437878 0.00376548
threshold=3.5000000000000004 61.309523809523817 48.500000000000007 46.500000000000007 68.291666666666671 46.500000000000007 50.500000000000007 46.500000000000007 61.875000000000007 36.500000000000007 53.500000000000007 71.500000000000014 41.500000000000007 53.500000000000007
decision_type=2 2 2 2 2 2 2 2 2 2 2 2 2 2
left_child=1 2 -1 -3 5 -5 -6 -7 -9 -2 11 12 -11 -14
right_child=9 3 -4 4 6 7 -8 8 -10 10 -12 -13 13 -15
leaf_value=0.00062942439893767614 -0.00039562866678282326 -0.00037814166624836314 1.3743807229825031e-05 -0.00019274534120708458 -0.00041716050072055722 -0.00010652449233956369 -8.9315724774981686e-07 0.00057562606895872803 0.00020251246293452726 -9.1372959920240997e-05 -0.00012091919314707699 -0.00030032450600992887 -6.7890846837526036e-05 0.00032228869224631322
leaf_weight=37 25 35 66 37 26 34 1259 26 144 64 315 34 30 82
leaf_count=37 25 35 66 37 26 34 1259 26 144 64 315 34 30 82
internal_value=-3.43629e-06 1.9634e-05 0.000238836 5.02671e-06 1.40569e-05 0.000139891 -9.63352e-06 0.000200868 0.000262609 -7.31435e-05 -5.70641e-05 3.88377e-05 0.000105684 0.0002181
internal_weight=2214 1664 103 1561 1526 241 1285 204 170 550 525 210 176 112
internal_count=2214 1664 103 1561 1526 241 1285 204 170 550 525 210 176 112
is_linear=0
shrinkage=0.03


Tree=334
num_leaves=15
num_cat=0
split_feature=0 4 2 11 5 5 4 16 2 16 16 16 15 14
split_gain=0.00235848 0.00350451 0.00327426 0.00265797 0.00259742 0.00245554 0.00225558 0.00966884 0.00615162 0.0054467 0.00600832 0.00481 0.00570115 0.00538995
threshold=1.0000000180025095e-35 1.0000000180025095e-35 1.0000000180025095e-35 65.500000000000014 31.500000000000004 32.500000000000007 1.5000000000000002 53.785714285714292 1.0000000180025095e-35 73.214285714285737 70.154761904761912 59.642857142857146 65.833333333333357 61.500000000000007
decision_type=2 2 2 2 2 2 2 2 2 2 2 2 2 2
left_child=1 -1 4 -4 -3 -6 7 -2 9 10 -8 13 -13 -9
right_child=6 2 3 -5 5 -7 8 11 -10 -11 -12 12 -14 -15
leaf_value=0.00034830662409296713 0.00053229004084583251 -0.00025760047239207389 0.00044672140059097166 7.4550114481502941e-05 0.0002353391230320306 -4.5968620720247457e-05 -0.00012096098301214821 -4.7250024895350053e-05 4.8443013944920512e-05 -0.00033699781953815784 0.00027577078332587215 0.00016837381777001307 -1.6598104267107395e-05 -0.000509538933804245
leaf_weight=36 30 36 25 53 36 113 290 69 288 90 38 179 898 33
leaf_count=36 30 36 25 53 36 113 290 69 288 90 38 179 898 33
internal_value=-3.33765e-06 7.48791e-05 3.62741e-05 0.000197981 -3.26026e-05 2.31142e-05 -1.55828e-05 9.30145e-06 -5.8149e-05 -0.000131531 -7.42997e-05 -4.44596e-06 1.42723e-05 -0.000200309
internal_weight=2214 299 263 78 185 149 1915 1209 706 418 328 1179 1077 102
internal_count=2214 299 263 78 185 149 1915 1209 706 418 328 1179 1077 102
is_linear=0
shrinkage=0.03


Tree=335
num_leaves=15
num_cat=0
split_feature=15 2 13 14 14 13 14 13 17 17 18 14 0 16
split_gain=0.00337102 0.00736752 0.00544667 0.00400038 0.00411499 0.0030416 0.00342307 0.0037646 0.0053039 0.00348141 0.00271054 0.00255293 0.0024652 0.00231843
threshold=52.500000000000007 1.0000000180025095e-35 41.500000000000007 45.500000000000007 42.500000000000007 62.500000000000007 78.500000000000014 56.500000000000007 18.336796209755295 11.444482923842051 70.875000000000014 122.50000000000001 4.5000000000000009 58.928571428571438
decision_type=2 2 2 2 2 2 2 2 2 2 2 2 2 2
left_child=1 12 -2 4 13 6 9 10 -9 -5 -8 -7 -1 -4
right_child=2 -3 3 5 -6 11 7 8 -10 -11 -12 -13 -14 -15
leaf_value=0.00014785291742803317 -0.00029611398487635964 0.00052324824867194851 -0.00022732918552885001 -0.00015425917798672122 -0.00041311243695236045 -2.2308202022421013e-05 -4.0316078397558564e-05 0.00024738970098207408 -0.00021422842502087246 0.0001537397411152173 -0.00037852139464424306 0.0002779827605403485 -0.00012151295084837136 5.157022220057273e-05
leaf_weight=65 58 33 43 36 39 1280 53 65 33 321 35 25 56 68
leaf_count=65 58 33 43 36 39 1280 53 65 33 321 35 25 56 68
internal_value=-1.86766e-06 0.000133048 -1.2033e-05 -3.64241e-06 -0.00015211 8.4843e-06 6.80822e-05 -3.61491e-05 9.13531e-05 0.000122337 -0.000177571 -1.63471e-05 2.32136e-05 -5.7537e-05
internal_weight=2210 154 2056 1998 150 1848 543 186 98 357 88 1305 121 111
internal_count=2210 154 2056 1998 150 1848 543 186 98 357 88 1305 121 111
is_linear=0
shrinkage=0.03


Tree=336
num_leaves=15
num_cat=0
split_feature=18 2 13 7 14 14 13 14 13 17 15 18 14 17
split_gain=0.00325281 0.0145105 0.00922826 0.00467493 0.00409962 0.00381982 0.00379869 0.00382656 0.00372473 0.00513523 0.00339946 0.00253087 0.00239325 0.00229585
threshold=51.583333333333336 1.0000000180025095e-35 41.500000000000007 11.000000000000002 45.500000000000007 42.500000000000007 62.500000000000007 78.500000000000014 56.500000000000007 18.336796209755295 49.500000000000007 70.875000000000014 122.50000000000001 11.325277200004331
decision_type=2 2 2 2 2 2 2 2 2 2 2 2 2 2
left_child=1 3 -2 -1 5 -4 7 13 11 -10 -5 -9 -8 -6
right_child=2 -3 4 10 6 -7 12 8 9 -11 -12 -13 -14 -15
leaf_value=-0.0003702849489099418 -0.00035959303873162507 0.00076227841575423044 -5.2075931016588583e-05 -6.788126076571643e-05 -0.00011631692230190721 -0.00037991949186349909 -2.0787142395997645e-05 -4.1843957921214911e-05 0.00024510659254851067 -0.00020799059871077428 0.00036431495229610137 -0.00036748118756804618 0.00026996402902183878 0.00015415611842322077
leaf_weight=25 65 26 112 41 30 44 1278 54 66 33 26 35 25 350
leaf_count=25 65 26 112 41 30 44 1278 54 66 33 26 35 25 350
internal_value=-1.81795e-06 0.000150753 -1.04917e-05 -2.84077e-05 8.74776e-07 -0.000146376 1.32238e-05 7.78958e-05 -3.26999e-05 9.35046e-05 0.000102728 -0.000172564 -1.50059e-05 0.000132554
internal_weight=2210 118 2092 92 2027 156 1871 568 188 99 67 89 1303 380
internal_count=2210 118 2092 92 2027 156 1871 568 188 99 67 89 1303 380
is_linear=0
shrinkage=0.03


Tree=337
num_leaves=15
num_cat=0
split_feature=15 2 13 18 11 13 11 17 17 13 17 18 18 15
split_gain=0.00308962 0.00663541 0.00493593 0.00589563 0.00457252 0.0037318 0.00418769 0.00404566 0.00309777 0.00289059 0.00608694 0.00586387 0.00575266 0.00670942
threshold=52.500000000000007 1.0000000180025095e-35 43.500000000000007 57.375000000000007 41.500000000000007 62.500000000000007 53.500000000000007 11.444482923842051 14.409818057848877 54.500000000000007 17.742200478456688 68.125000000000014 66.375000000000014 74.416666666666671
decision_type=2 2 2 2 2 2 2 2 2 2 2 2 2 2
left_child=1 -1 3 -2 -4 6 8 -8 -6 11 12 -9 -11 -14
right_child=2 -3 4 -5 5 -7 7 9 -10 10 -12 -13 13 -15
leaf_value=2.315166361365643e-05 0.00013773033840282421 0.00049770361819194962 -0.00036909585783723739 -0.00038800299832863469 0.00046939846308975436 -2.25099135177e-05 -0.00029394017720234489 0.00013571212774137999 6.9625720772070485e-05 -6.9351991769508458e-05 -7.1765423135627897e-05 -0.00017837865442411853 0.00059885758897787749 0.00014743927668556961
leaf_weight=121 27 33 29 62 37 1375 30 106 33 41 88 106 51 71
leaf_count=121 27 33 29 62 37 1375 30 106 33 41 88 106 51 71
internal_value=-1.76597e-06 0.000127396 -1.14978e-05 -0.000228753 -1.55653e-06 4.1308e-06 6.91193e-05 3.80139e-05 0.000284569 6.01099e-05 0.000128795 -2.14334e-05 0.00023685 0.000339481
internal_weight=2210 154 2056 89 1967 1938 563 493 70 463 251 212 163 122
internal_count=2210 154 2056 89 1967 1938 563 493 70 463 251 212 163 122
is_linear=0
shrinkage=0.03


Tree=338
num_leaves=15
num_cat=0
split_feature=18 13 2 12 7 19 7 13 17 14 13 17 12 11
split_gain=0.00298694 0.00902569 0.00732773 0.00418096 0.00684256 0.0059048 0.00376746 0.00366241 0.00345914 0.00487178 0.0034583 0.00509765 0.0034451 0.00354387
threshold=52.125000000000007 41.500000000000007 1.0000000180025095e-35 45.500000000000007 11.000000000000002 1.0000000180025095e-35 11.000000000000002 62.500000000000007 11.408017231001866 78.500000000000014 56.500000000000007 17.742200478456688 60.500000000000007 63.500000000000007
decision_type=2 2 2 2 2 2 2 2 2 2 2 2 2 2
left_child=2 -2 6 4 -3 -6 -1 8 -5 12 -11 -12 -10 -14
right_child=1 3 -4 7 5 -7 -8 -9 9 10 11 -13 13 -15
leaf_value=-0.00030503517175800099 -0.00038010421896489849 0.00015237620477897247 0.00045827252024156583 -0.00022053723028340542 -1.5457893346643284e-05 -0.00059680268552619962 9.7394701228785632e-05 -1.7670618697888683e-05 0.00041244998168882117 -0.00016686954437318492 0.00030105407782830297 -0.0001394852195129109 0.00026090165323492125 4.8063528473925899e-05
leaf_weight=27 57 34 42 33 26 39 82 1336 41 89 49 44 107 204
leaf_count=27 57 34 42 33 26 39 82 1336 41 89 49 44 107 204
internal_value=-1.70368e-06 -1.11725e-05 0.000126635 -4.83912e-07 -0.000189563 -0.000368022 -4.15659e-06 9.44697e-06 7.32617e-05 9.17961e-05 -3.41114e-05 9.33603e-05 0.000156808 0.000121892
internal_weight=2210 2059 151 2002 99 65 109 1903 567 534 182 93 352 311
internal_count=2210 2059 151 2002 99 65 109 1903 567 534 182 93 352 311
is_linear=0
shrinkage=0.03


Tree=339
num_leaves=15
num_cat=0
split_feature=15 2 12 17 11 13 15 12 14 15 14 14 11 13
split_gain=0.00279604 0.00601639 0.00459475 0.00539904 0.00443676 0.00350564 0.0038337 0.00278779 0.00256659 0.00253369 0.00397643 0.00322082 0.00427397 0.00338867
threshold=52.500000000000007 1.0000000180025095e-35 45.500000000000007 12.167481404591449 41.500000000000007 41.500000000000007 59.500000000000007 37.500000000000007 46.500000000000007 82.500000000000014 61.500000000000007 76.500000000000014 49.500000000000007 54.500000000000007
decision_type=2 2 2 2 2 2 2 2 2 2 2 2 2 2
left_child=1 7 3 -2 -4 -6 -7 -1 -8 11 -11 -10 -13 -14
right_child=2 -3 4 -5 5 6 8 -9 9 10 -12 12 13 -15
leaf_value=-0.00023538340319646521 0.00015831832750700414 0.00047382953018634848 -0.00036185347131686285 -0.00030880987076670863 -0.00028334801550954579 0.00015393347889934935 -0.00013520413379592355 0.00010111464082078879 8.4168547893935121e-05 -0.00027569279771705622 -1.5851548660643469e-05 -0.00034964639008235688 -0.00020228209742483507 3.3412846584705148e-05
leaf_weight=28 29 33 29 88 36 155 119 93 565 59 456 32 62 426
leaf_count=28 29 33 29 88 36 155 119 93 565 59 456 32 62 426
internal_value=-1.65408e-06 0.000121218 -1.0912e-05 -0.000192665 1.48712e-07 5.83156e-06 1.15349e-05 2.19562e-05 -1.387e-06 8.64388e-06 -4.60964e-05 3.46451e-05 -1.92223e-05 3.11557e-06
internal_weight=2210 154 2056 117 1939 1910 1874 121 1719 1600 515 1085 520 488
internal_count=2210 154 2056 117 1939 1910 1874 121 1719 1600 515 1085 520 488
is_linear=0
shrinkage=0.03


Tree=340
num_leaves=15
num_cat=0
split_feature=12 0 16 11 11 12 11 0 0 7 12 12 16 11
split_gain=0.00320373 0.00237391 0.0027905 0.00512594 0.00269703 0.00312727 0.00321961 0.00216882 0.00622345 0.00351857 0.00259969 0.0102175 0.00388499 0.00467707
threshold=1.0000000180025095e-35 1.0000000180025095e-35 84.500000000000014 89.500000000000014 56.500000000000007 73.500000000000014 78.500000000000014 5.5000000000000009 4.5000000000000009 14.500000000000002 89.500000000000014 94.500000000000014 78.214285714285737 66.500000000000014
decision_type=2 2 2 2 2 2 2 2 2 2 2 2 2 2
left_child=-1 2 3 4 -2 6 -6 8 10 -9 -3 -12 -13 -14
right_child=1 7 -4 -5 5 -7 -8 9 -10 -11 11 12 13 -15
leaf_value=0.00032330228784121568 -4.2978490631944171e-05 4.0603979966367159e-05 0.00033892147147222812 -0.00028685912222820606 0.00019544924225049383 0.00035664482382248694 -0.00018446983757894485 -9.0875345940569801e-07 -0.00013611618421210605 0.00020426600615397884 -0.00031294964481220989 0.00035793631587466735 -0.00028866448547341857 7.3355607474790568e-05
leaf_weight=29 70 897 35 33 60 56 29 225 310 112 98 31 39 162
leaf_count=29 70 897 35 33 60 56 29 225 310 112 98 31 39 162
internal_value=1.54101e-05 1.11227e-05 9.19491e-05 5.5873e-05 0.000109563 0.000182994 7.09812e-05 -1.12573e-06 -1.62467e-05 6.76825e-05 1.41244e-05 -5.77573e-05 5.09199e-05 2.03161e-06
internal_weight=2186 2157 283 248 215 145 89 1874 1537 337 1227 330 232 201
internal_count=2186 2157 283 248 215 145 89 1874 1537 337 1227 330 232 201
is_linear=0
shrinkage=0.03


Tree=341
num_leaves=15
num_cat=0
split_feature=6 16 16 16 18 18 7 18 17 12 12 12 17 17
split_gain=0.00311336 0.00695151 0.00411077 0.00377211 0.00442381 0.00469709 0.00377888 0.00347698 0.00616554 0.00439416 0.00461038 0.00390738 0.00436587 0.00343096
threshold=1.5000000000000002 70.773809523809533 86.928571428571445 83.464285714285737 77.375000000000014 77.625000000000014 11.000000000000002 88.375000000000014 20.711165578760166 69.500000000000014 77.500000000000014 97.500000000000014 19.722295657546347 16.549348861021013
decision_type=2 2 2 2 2 2 2 2 2 2 2 2 2 2
left_child=1 -1 3 4 -2 -6 -7 8 13 -9 -11 -12 -13 -3
right_child=2 7 -4 -5 5 6 -8 9 -10 10 11 12 -14 -15
leaf_value=0.00050590641141752709 1.7705461181509903e-05 0.00027074724449523238 -0.00035978891703115516 0.00025708888712979388 -0.00041653223290408139 -0.00020069995378038254 2.5895363375453969e-05 -0.0003712939845542584 0.00057053197082355966 0.00026165846886777377 -0.00030963996296433344 0.00025468994972619168 -8.5308284830495497e-05 4.6281334501842354e-06
leaf_weight=31 1247 60 28 49 38 109 166 28 25 54 40 48 110 153
leaf_count=31 1247 60 28 49 38 109 166 28 25 54 40 48 110 153
internal_value=1.49565e-05 7.67094e-05 -5.7877e-06 5.92319e-07 -7.62384e-06 -0.000108271 -6.43205e-05 5.00986e-05 0.000134151 -2.15693e-05 1.8603e-05 -4.86666e-05 1.89345e-05 8.05061e-05
internal_weight=2186 549 1637 1609 1560 313 275 518 238 280 252 198 158 213
internal_count=2186 549 1637 1609 1560 313 275 518 238 280 252 198 158 213
is_linear=0
shrinkage=0.03


Tree=342
num_leaves=15
num_cat=0
split_feature=12 0 16 11 18 2 5 0 0 7 18 18 15 16
split_gain=0.00297764 0.00220489 0.00259627 0.00479759 0.00357517 0.00205767 0.00324085 0.002019 0.00591471 0.00329283 0.00293117 0.00256201 0.00247462 0.00265659
threshold=1.0000000180025095e-35 1.0000000180025095e-35 84.500000000000014 89.500000000000014 72.375000000000014 1.0000000180025095e-35 31.500000000000004 5.5000000000000009 4.5000000000000009 14.500000000000002 64.875000000000014 75.375000000000014 65.833333333333357 80.500000000000014
decision_type=2 2 2 2 2 2 2 2 2 2 2 2 2 2
left_child=-1 2 3 4 5 6 -2 8 -3 10 -9 -12 -11 -14
right_child=1 7 -4 -5 -6 -7 -8 9 -10 12 11 -13 13 -15
leaf_value=0.00031134230940369888 -0.0003106388071319088 1.3595405934187456e-05 0.00032649631699314339 -0.00027808840249610297 0.00033692393263683038 0.00022595184218568101 5.8263829375321683e-05 -0.00012961083791525836 -0.00013287109497281757 0.00032447355109686599 0.00022600636590368594 -3.706204187723675e-05 -0.00016784968585448545 0.00025716653438184246
leaf_weight=29 26 1227 35 33 46 40 103 93 310 61 63 69 26 25
leaf_count=29 26 1227 35 33 46 40 103 93 310 61 63 69 26 25
internal_value=1.45137e-05 1.03805e-05 8.82764e-05 5.34805e-05 0.000105424 4.08013e-05 -1.79062e-05 -1.42366e-06 -1.60128e-05 6.49657e-05 -1.38652e-06 8.92486e-05 0.000197095 4.14305e-05
internal_weight=2186 2157 283 248 215 169 129 1874 1537 337 225 132 112 51
internal_count=2186 2157 283 248 215 169 129 1874 1537 337 225 132 112 51
is_linear=0
shrinkage=0.03


Tree=343
num_leaves=15
num_cat=0
split_feature=6 15 2 18 16 15 18 15 16 18 18 7 7 14
split_gain=0.00288751 0.00682761 0.0116821 0.00495144 0.00388497 0.00379228 0.00530056 0.00575808 0.00357549 0.00413835 0.00443455 0.00356327 0.00354924 0.0032049
threshold=1.5000000000000002 82.500000000000014 1.0000000180025095e-35 80.875000000000014 86.928571428571445 84.500000000000014 88.375000000000014 90.833333333333357 83.464285714285737 77.375000000000014 77.625000000000014 14.500000000000002 11.000000000000002 77.500000000000014
decision_type=2 2 2 2 2 2 2 2 2 2 2 2 2 2
left_child=1 2 3 -1 8 -3 -7 -8 9 -2 -11 -9 -12 -14
right_child=4 5 -4 -5 -6 6 7 11 -10 10 12 -13 13 -15
leaf_value=-1.5940833909553478e-05 1.6816996625747241e-05 -0.00030211708861004028 0.00062198961401008993 0.0003797920407271847 -0.00035002681242170589 0.00027836912726700975 -0.00028205112457120168 -2.7754440753986794e-05 0.00025003960321191702 -0.0004045486029309149 -0.0001944942306912377 0.00026337510554345927 0.00016240005692498015 -9.9987857973412087e-05
leaf_weight=113 1247 34 47 37 28 60 62 146 49 38 109 50 79 87
leaf_count=113 1247 34 47 37 28 60 62 146 49 38 109 50 79 87
internal_value=1.40923e-05 7.35632e-05 0.000214497 8.3542e-05 -5.88515e-06 -5.69568e-06 2.68449e-05 -3.2498e-05 3.17332e-07 -7.68166e-06 -0.000105028 4.74732e-05 -6.23235e-05 2.51082e-05
internal_weight=2186 549 197 150 1637 352 318 258 1609 1560 313 196 275 166
internal_count=2186 549 197 150 1637 352 318 258 1609 1560 313 196 275 166
is_linear=0
shrinkage=0.03


Tree=344
num_leaves=15
num_cat=0
split_feature=12 0 16 11 18 14 2 11 0 0 7 18 17 12
split_gain=0.00275157 0.00205472 0.00243514 0.00450732 0.00335914 0.00195938 0.0020018 0.00265738 0.00188045 0.00560693 0.00309935 0.00275187 0.00383654 0.00235673
threshold=1.0000000180025095e-35 1.0000000180025095e-35 84.500000000000014 89.500000000000014 72.375000000000014 71.500000000000014 1.0000000180025095e-35 65.500000000000014 5.5000000000000009 4.5000000000000009 14.500000000000002 64.875000000000014 16.032704395266652 89.500000000000014
decision_type=2 2 2 2 2 2 2 2 2 2 2 2 2 2
left_child=-1 2 3 4 5 6 7 -2 9 13 11 -10 -13 -3
right_child=1 8 -4 -5 -6 -7 -8 -9 10 -11 -12 12 -14 -15
leaf_value=0.00029901171743404117 -9.189972001387595e-05 3.8266031221140882e-05 0.00031560343049932273 -0.00027017560065039156 0.00032594557170399481 -9.6017638439192408e-05 0.00033946390061626318 0.00025568579742412111 -0.00012623165778696854 -0.00012955108054159688 0.00019056573030471892 0.00030028113586467949 -3.4864148426920084e-05 -5.5386113775708515e-05
leaf_weight=29 51 897 35 33 46 61 26 31 93 310 112 47 85 330
leaf_count=29 51 897 35 33 46 61 26 31 93 310 112 47 85 330
internal_value=1.36736e-05 9.70057e-06 8.48971e-05 5.12011e-05 0.000101551 3.89152e-05 0.000115309 4.10019e-05 -1.69438e-06 -1.57739e-05 6.23767e-05 -1.9938e-06 8.58284e-05 1.30538e-05
internal_weight=2186 2157 283 248 215 169 108 82 1874 1537 337 225 132 1227
internal_count=2186 2157 283 248 215 169 108 82 1874 1537 337 225 132 1227
is_linear=0
shrinkage=0.03


Tree=345
num_leaves=15
num_cat=0
split_feature=12 12 16 12 17 12 11 16 16 0 15 16 14 5
split_gain=0.00453371 0.00261293 0.0047526 0.00359508 0.00511822 0.00556649 0.00823736 0.00501149 0.00495169 0.00479288 0.00336225 0.0032478 0.00598357 0.00391623
threshold=1.0000000180025095e-35 59.500000000000007 75.464285714285737 46.500000000000007 12.554642472768156 55.500000000000007 79.500000000000014 62.500000000000007 62.214285714285722 3.5000000000000004 52.833333333333336 62.785714285714292 61.500000000000007 32.500000000000007
decision_type=2 2 2 2 2 2 2 2 2 2 2 2 2 2
left_child=-1 2 3 8 10 6 7 -6 -2 -9 -5 12 -3 -13
right_child=1 11 -4 4 5 -7 -8 9 -10 -11 -12 13 -14 -15
leaf_value=0.0003953635992689265 7.5129807304355017e-05 1.0439229127589824e-05 -0.00012974330684106832 0.00015665972410261019 0.00065619874667997163 0.00054859320892809097 -0.00011122458948063597 -2.0787275953855562e-06 -0.00028039228822466529 0.00038077120975011042 -0.0002586094090097154 5.3211805008223529e-05 -0.00029518200049933506 -5.0058185830068314e-05
leaf_weight=26 150 136 102 31 26 38 69 56 45 61 38 663 99 657
leaf_count=26 150 136 102 31 26 38 69 56 45 61 38 663 99 657
internal_value=9.01164e-06 4.20478e-06 5.64448e-05 9.35728e-05 0.000155448 0.000218391 0.000156906 0.000286158 -7.92574e-06 0.000199062 -7.24665e-05 -1.65126e-05 -0.000119017 1.81253e-06
internal_weight=2197 2171 616 514 319 250 212 143 195 117 69 1555 235 1320
internal_count=2197 2171 616 514 319 250 212 143 195 117 69 1555 235 1320
is_linear=0
shrinkage=0.03


Tree=346
num_leaves=15
num_cat=0
split_feature=12 12 16 12 17 12 18 14 16 12 17 15 7 16
split_gain=0.00427541 0.00246239 0.00447608 0.00338944 0.00482323 0.00524555 0.00890649 0.00482528 0.00466439 0.00353916 0.00398845 0.00316898 0.0031678 0.00305775
threshold=1.0000000180025095e-35 59.500000000000007 75.464285714285737 46.500000000000007 12.554642472768156 55.500000000000007 66.375000000000014 71.500000000000014 62.214285714285722 52.500000000000007 15.955294687702233 52.833333333333336 11.000000000000002 62.785714285714292
decision_type=2 2 2 2 2 2 2 2 2 2 2 2 2 2
left_child=-1 2 3 8 11 6 7 -6 12 -8 -11 -5 -2 -3
right_child=1 13 -4 4 5 -7 9 -9 -10 10 -12 -13 -14 -15
leaf_value=0.00038394197938032451 0.00029796463664352789 -0.0001154827453600296 -0.00012588879849520984 0.00015210680491236416 0.0005458346379638993 0.00053255740678510985 -0.00017785586012130389 9.1138680033119653e-05 -0.00027216338618729977 0.00040141539269825441 -7.5663260641574333e-05 -0.0002510500564060819 -1.0901196195895003e-05 1.7582265948605307e-06
leaf_weight=26 40 235 102 31 56 38 60 34 45 28 34 38 110 1320
leaf_count=26 40 235 102 31 56 38 60 34 45 28 34 38 110 1320
internal_value=8.75698e-06 4.08904e-06 5.48018e-05 9.08335e-05 0.000150913 0.000212015 0.000152329 0.00037695 -7.71938e-06 -1.50925e-05 0.000142743 -7.03362e-05 7.28908e-05 -1.60227e-05
internal_weight=2197 2171 616 514 319 250 212 90 195 122 62 69 150 1555
internal_count=2197 2171 616 514 319 250 212 90 195 122 62 69 150 1555
is_linear=0
shrinkage=0.03


Tree=347
num_leaves=15
num_cat=0
split_feature=12 12 16 4 5 17 2 12 5 16 13 11 5 4
split_gain=0.00403176 0.00232064 0.00421589 0.00333355 0.0104729 0.00565116 0.00549748 0.00392337 0.00364296 0.00287778 0.0048172 0.00457976 0.00368512 0.00534175
threshold=1.0000000180025095e-35 59.500000000000007 75.464285714285737 1.5000000000000002 32.500000000000007 12.742877948736886 1.0000000180025095e-35 51.500000000000007 32.500000000000007 62.785714285714292 54.500000000000007 49.500000000000007 32.500000000000007 1.5000000000000002
decision_type=2 2 2 2 2 2 2 2 2 2 2 2 2 2
left_child=-1 2 3 4 6 -6 -2 -7 -5 10 -3 -12 -11 -14
right_child=1 9 -4 8 5 7 -8 -9 -10 12 11 -13 13 -15
leaf_value=0.00037285032268199656 -0.0003062109055215532 7.1903407693590348e-06 -0.0001221488002150543 0.00012435241958090986 0.00067936836801891327 6.3535357216516357e-05 0.00011586508831789936 0.00040387137664750342 -0.00010469625572676748 5.1565187920120029e-05 -9.8252490241711423e-05 -0.0005074196363732751 -1.6107054024511549e-05 -0.00027359796298039425
leaf_weight=26 46 133 102 123 31 64 67 58 125 663 61 41 575 82
leaf_count=26 46 133 102 123 31 64 67 58 125 663 61 41 575 82
internal_value=8.51307e-06 3.9801e-06 5.32116e-05 8.81804e-05 0.000161741 0.000322714 -5.71323e-05 0.000227303 8.94768e-06 -1.55442e-05 -0.000112033 -0.000266051 1.70552e-06 -4.86114e-05
internal_weight=2197 2171 616 514 266 153 113 122 248 1555 235 102 1320 657
internal_count=2197 2171 616 514 266 153 113 122 248 1555 235 102 1320 657
is_linear=0
shrinkage=0.03


Tree=348
num_leaves=15
num_cat=0
split_feature=13 18 18 17 0 0 14 17 17 17 15 14 15 11
split_gain=0.0033751 0.00232605 0.00255065 0.00203711 0.00219829 0.00353692 0.00451711 0.00332673 0.00377776 0.00309762 0.00294094 0.00261812 0.00259892 0.00481389
threshold=1.0000000180025095e-35 102.62500000000001 99.875000000000014 10.236398911317361 4.5000000000000009 5.5000000000000009 71.500000000000014 12.822597720936526 12.500476145128383 13.12667219774354 69.166666666666671 91.500000000000014 55.500000000000007 65.500000000000014
decision_type=2 2 2 2 2 2 2 2 2 2 2 2 2 2
left_child=-1 2 3 -2 7 -6 -7 8 12 -9 -8 -12 -5 -14
right_child=1 -3 -4 4 5 6 10 9 -10 -11 11 -13 13 -15
leaf_value=0.000277903030502962 -0.00022768687805236208 0.00021418058215994792 -0.00026726170170149999 0.00020512322579406826 -0.00011198569662225893 0.00014536031100778116 -0.00019700823766143411 -0.0002389604459676775 0.00035401746488383247 1.7482990556850885e-05 0.00024919270454639835 -9.0718334944614641e-05 -0.00025427455370168278 0.00017993274757949014
leaf_weight=40 33 45 31 65 311 156 88 43 53 1160 34 48 46 44
leaf_count=40 33 45 31 65 311 156 88 43 53 1160 34 48 46 44
internal_value=8.26301e-06 3.13627e-06 -1.45965e-06 2.62638e-06 6.44679e-06 -3.9773e-05 2.92489e-05 2.73262e-05 0.000137805 8.12582e-06 -7.75274e-05 5.15247e-05 6.20782e-05 -4.23509e-05
internal_weight=2197 2157 2112 2081 2048 637 326 1411 208 1203 170 82 155 90
internal_count=2197 2157 2112 2081 2048 637 326 1411 208 1203 170 82 155 90
is_linear=0
shrinkage=0.03


Tree=349
num_leaves=15
num_cat=0
split_feature=12 18 12 16 12 17 12 18 16 12 17 7 15 0
split_gain=0.00363681 0.00217693 0.00260427 0.0039446 0.00310865 0.00451278 0.00491954 0.00841212 0.00423567 0.00326116 0.00375002 0.00297653 0.00294001 0.00292637
threshold=1.0000000180025095e-35 102.62500000000001 59.500000000000007 75.464285714285737 46.500000000000007 12.554642472768156 55.500000000000007 66.375000000000014 62.214285714285722 52.500000000000007 15.955294687702233 11.000000000000002 52.833333333333336 1.0000000180025095e-35
decision_type=2 2 2 2 2 2 2 2 2 2 2 2 2 2
left_child=-1 2 3 4 8 12 7 -7 11 -9 -11 -2 -6 -4
right_child=1 -3 13 -5 5 6 -8 9 -10 10 -12 -13 -14 -15
leaf_value=0.00035405076665079424 0.00028568732738210929 0.00020789484420991199 8.6897626566009341e-05 -0.00011839140643653823 0.00014294778779003537 0.00036222312517546033 0.00051208601673491871 -0.00017496267734400805 -0.00026130500784980228 0.00038364817985963028 -7.8849209960026202e-05 -1.3684986430185696e-05 -0.00024540756179843671 -3.7910499723769202e-05
leaf_weight=26 40 45 193 102 31 90 38 60 45 28 34 110 38 1317
leaf_count=26 40 45 193 102 31 90 38 60 45 28 34 110 38 1317
internal_value=8.0186e-06 3.7134e-06 -7.04115e-07 5.12322e-05 8.50574e-05 0.000142595 0.000201701 0.000143923 -9.31573e-06 -1.87532e-05 0.000132795 6.75109e-05 -7.13795e-05 -2.19113e-05
internal_weight=2197 2171 2126 616 514 319 250 212 195 122 62 150 69 1510
internal_count=2197 2171 2126 616 514 319 250 212 195 122 62 150 69 1510
is_linear=0
shrinkage=0.03


Tree=350
num_leaves=15
num_cat=0
split_feature=12 16 12 12 12 12 2 5 16 16 16 4 18 5
split_gain=0.00529413 0.00323297 0.00280257 0.00404206 0.00241869 0.00797265 0.00277843 0.0102266 0.00365002 0.00601614 0.00385211 0.00307369 0.00787632 0.00683498
threshold=1.0000000180025095e-35 100.64285714285715 107.50000000000001 111.50000000000001 92.500000000000014 91.500000000000014 1.0000000180025095e-35 31.500000000000004 83.464285714285737 86.214285714285737 89.357142857142875 1.5000000000000002 76.875000000000014 32.500000000000007
decision_type=2 2 2 2 2 2 2 2 2 2 2 2 2 2
left_child=-1 2 4 -4 5 6 7 -2 11 -10 -11 -9 13 -13
right_child=1 -3 3 -5 -6 -7 -8 8 9 10 -12 12 -14 -15
leaf_value=0.00039625586548936554 -0.00036825502753050089 0.00028098903834740797 -0.0004198563228419516 -2.8945257187896298e-06 8.8133750117170464e-05 -0.00034322643615269043 5.7486242274671894e-05 1.911009383292936e-05 0.00047028898930088998 -0.00027808449906712796 0.00015162028642647018 0.00011827898489192445 -0.00056220004011892945 -0.0001415241054585982
leaf_weight=29 73 34 35 50 233 63 499 641 36 27 56 140 28 257
leaf_count=29 73 34 35 50 233 63 499 641 36 27 56 140 28 257
internal_value=4.5167e-07 -5.01293e-06 -9.69038e-06 -0.00017747 -2.66079e-06 -1.43265e-05 -2.34475e-06 -2.61042e-05 -4.73383e-06 0.000152139 1.01904e-05 -2.23721e-05 -8.48349e-05 -4.98389e-05
internal_weight=2201 2172 2138 85 2053 1820 1757 1258 1185 119 83 1066 425 397
internal_count=2201 2172 2138 85 2053 1820 1757 1258 1185 119 83 1066 425 397
is_linear=0
shrinkage=0.03


Tree=351
num_leaves=15
num_cat=0
split_feature=12 16 12 12 12 12 2 5 16 16 16 16 4 5
split_gain=0.00499173 0.00304747 0.00264117 0.00380972 0.00227693 0.00750836 0.00261536 0.00963004 0.00343844 0.00567142 0.00363103 0.00302317 0.00352417 0.00552585
threshold=1.0000000180025095e-35 100.64285714285715 107.50000000000001 111.50000000000001 92.500000000000014 91.500000000000014 1.0000000180025095e-35 31.500000000000004 83.464285714285737 86.214285714285737 89.357142857142875 81.785714285714292 1.5000000000000002 32.500000000000007
decision_type=2 2 2 2 2 2 2 2 2 2 2 2 2 2
left_child=-1 2 4 -4 5 6 7 -2 11 -10 -11 12 13 -9
right_child=1 -3 3 -5 -6 -7 -8 8 9 10 -12 -13 -14 -15
leaf_value=0.00038476445133892408 -0.00035735667478941133 0.00027280021256800477 -0.00040761051393322609 -2.8093876779380744e-06 8.5501034056785732e-05 -0.00033309052970253105 5.5765104860292919e-05 -0.00015106349042764768 0.00045656164074505404 -0.00027003991342748379 0.00014715147586110488 -0.00030006841437973296 -7.9118897145571087e-05 7.7420702626554744e-05
leaf_weight=29 73 34 35 50 233 63 499 117 36 27 56 33 422 494
leaf_count=29 73 34 35 50 233 63 499 117 36 27 56 33 422 494
internal_value=4.30846e-07 -4.87538e-06 -9.41665e-06 -0.000172294 -2.59248e-06 -1.39111e-05 -2.28351e-06 -2.53352e-05 -4.59744e-06 0.000147661 9.83948e-06 -2.17168e-05 -1.25431e-05 3.34931e-05
internal_weight=2201 2172 2138 85 2053 1820 1757 1258 1185 119 83 1066 1033 611
internal_count=2201 2172 2138 85 2053 1820 1757 1258 1185 119 83 1066 1033 611
is_linear=0
shrinkage=0.03


Tree=352
num_leaves=15
num_cat=0
split_feature=12 14 14 14 14 6 17 12 17 14 18 2 17 11
split_gain=0.00470656 0.00239308 0.00317208 0.00620043 0.0018304 0.00244529 0.00448306 0.0057062 0.00488787 0.00585042 0.00531921 0.00411828 0.00747193 0.00612384
threshold=1.0000000180025095e-35 120.00000000000001 107.50000000000001 105.50000000000001 76.500000000000014 3.5000000000000004 12.921005415692848 57.500000000000007 13.252133578826433 57.500000000000007 84.291666666666671 1.0000000180025095e-35 16.377975661982799 86.500000000000014
decision_type=2 2 2 2 2 2 2 2 2 2 2 2 2 2
left_child=-1 2 3 4 5 6 7 -2 -8 10 11 13 -13 -10
right_child=1 -3 -4 -5 -6 -7 8 -9 9 -11 -12 12 -14 -15
leaf_value=0.00037360628400347196 0.00061824391355352979 0.00026596098338406334 -0.00022345673652307595 0.00042597432271577416 -4.5538915799996347e-05 -4.1669923037941162e-05 -0.00038469166521771017 9.1695659611471436e-05 -0.0001987997280487504 0.00010552634851108527 -0.00039020535987219771 0.00041927508893422781 -9.651900546330204e-05 0.00030616105305783162
leaf_weight=29 25 28 59 29 756 468 25 66 129 422 39 44 57 25
leaf_count=29 25 28 59 29 756 468 25 66 129 422 39 44 57 25
internal_value=4.12183e-07 -4.74025e-06 -8.39787e-06 -2.20807e-06 -8.45175e-06 1.31343e-05 4.39747e-05 0.000241499 1.94245e-05 3.40515e-05 -6.85516e-05 -1.80254e-05 0.000130091 -0.000115379
internal_weight=2201 2172 2144 2085 2056 1300 832 91 741 716 294 255 101 154
internal_count=2201 2172 2144 2085 2056 1300 832 91 741 716 294 255 101 154
is_linear=0
shrinkage=0.03


Tree=353
num_leaves=15
num_cat=0
split_feature=4 13 17 16 17 11 14 11 17 16 11 7 13 17
split_gain=0.00281475 0.00827002 0.00296443 0.00259221 0.00251061 0.00225641 0.00315772 0.00292849 0.00757906 0.00382062 0.00340939 0.00480838 0.00249524 0.0022062
threshold=2.5000000000000004 1.0000000180025095e-35 17.062203553164412 100.64285714285715 15.955294687702233 41.500000000000007 57.500000000000007 53.500000000000007 14.971401308589998 53.071428571428577 47.500000000000007 14.500000000000002 62.500000000000007 17.904508610163671
decision_type=2 2 2 2 2 2 2 2 2 2 2 2 2 2
left_child=1 -1 4 5 -2 6 -3 8 9 -7 12 -12 -11 -10
right_child=2 3 -4 -5 -6 7 -8 -9 13 10 11 -13 -14 -15
leaf_value=0.00048164491965012118 -0.00011862029526170526 6.5976797544863071e-05 -0.00033356937078808966 0.00025869602478841052 0.00017113913016752729 -0.00010062026052037254 -0.00034322707107639871 -1.1092035763869659e-05 -0.00019887013714282688 0.00033463047667110736 0.00069177057557846474 0.00016005762502543567 9.4585782019695372e-06 0.00012345824015658134
leaf_weight=32 106 29 41 34 35 29 39 1610 73 36 32 30 50 25
leaf_count=32 106 29 41 34 35 29 39 1610 73 36 32 30 50 25
internal_value=4.16515e-07 1.0623e-05 -0.000112247 2.79887e-06 -4.59955e-05 -1.78618e-06 -0.000170287 4.37942e-06 9.46697e-05 0.000211434 0.000272845 0.000441115 0.000147859 -0.000116227
internal_weight=2201 2019 182 1987 141 1953 68 1885 275 177 148 62 86 98
internal_count=2201 2019 182 1987 141 1953 68 1885 275 177 148 62 86 98
is_linear=0
shrinkage=0.03


Tree=354
num_leaves=15
num_cat=0
split_feature=12 16 12 12 6 14 13 14 16 16 6 17 18 13
split_gain=0.00420623 0.00258233 0.00249686 0.0035729 0.00230862 0.00271897 0.00427124 0.00373491 0.00597514 0.00749054 0.00554737 0.0122774 0.00542071 0.00339599
threshold=1.0000000180025095e-35 100.64285714285715 107.50000000000001 111.50000000000001 1.5000000000000002 62.500000000000007 45.500000000000007 58.500000000000007 68.928571428571445 64.773809523809533 3.5000000000000004 16.646892647987524 61.625000000000007 54.500000000000007
decision_type=2 2 2 2 2 2 2 2 2 2 2 2 2 2
left_child=-1 2 4 -4 -2 7 -7 8 9 12 11 -9 -6 -10
right_child=1 -3 3 -5 5 6 -8 10 13 -11 -12 -13 -14 -15
leaf_value=0.00035322080762125553 5.8835725521373883e-05 0.00025115688506048171 -0.00039488128350967594 -2.8611252235029552e-06 6.3029543900225215e-05 -0.00029001740751482429 -3.5490337300000214e-05 0.00079330559479421931 -0.00048230370681267231 0.00031517243032440448 -8.6478826515617429e-05 7.5390718744269432e-05 -0.00020486848550928314 -0.00010593587046290605
leaf_weight=29 440 34 35 50 238 63 822 29 25 76 57 76 94 133
leaf_count=29 440 34 35 50 238 63 822 29 25 76 57 76 94 133
internal_value=4.20243e-07 -4.45064e-06 -8.63101e-06 -0.000166996 -1.99615e-06 -1.86163e-05 -5.39161e-05 2.43114e-05 -1.21084e-05 4.85815e-05 0.00015085 0.000279285 -1.32085e-05 -0.000168147
internal_weight=2201 2172 2138 85 2053 1613 885 728 566 408 162 105 332 158
internal_count=2201 2172 2138 85 2053 1613 885 728 566 408 162 105 332 158
is_linear=0
shrinkage=0.03


Tree=355
num_leaves=15
num_cat=0
split_feature=6 14 12 18 17 15 15 16 15 15 5 7 11 18
split_gain=0.003195 0.0142779 0.00956184 0.00409721 0.00403779 0.00613336 0.00436756 0.00533706 0.00436232 0.00552861 0.00358741 0.00314681 0.00281234 0.00335161
threshold=1.5000000000000002 50.500000000000007 33.500000000000007 85.375000000000014 19.722295657546347 90.833333333333357 87.416666666666671 94.214285714285737 78.500000000000014 75.166666666666671 32.500000000000007 11.000000000000002 86.500000000000014 83.625000000000014
decision_type=2 2 2 2 2 2 2 2 2 2 2 2 2 2
left_child=1 -1 -2 -4 5 8 10 -8 9 -3 -6 -5 -10 -14
right_child=2 4 3 11 6 -7 7 -9 12 -11 -12 -13 13 -15
leaf_value=0.00070580111033732775 -0.00059598176010275394 3.6219261392429667e-05 -5.4565359309989719e-06 -0.00043959287936533135 -5.3560501407143116e-05 0.0003329346087691055 -0.0004166712897962757 -4.3290921909243418e-05 -0.00027449013236596678 0.00052552361455228587 0.00041033904144289687 -5.4984180319892895e-05 0.00025172506571717319 -0.00016166578688681489
leaf_weight=28 25 91 1557 34 35 72 48 117 51 26 25 43 30 40
leaf_count=28 25 91 1557 34 35 72 48 117 51 26 25 43 30 40
internal_value=-4.22447e-06 5.74661e-05 -2.51818e-05 -1.60895e-05 2.22811e-05 9.23705e-05 -7.42681e-05 -0.000153766 1.85063e-05 0.000148486 0.000143289 -0.00022827 -0.000107363 1.65518e-05
internal_weight=2222 563 1659 1634 535 310 225 165 238 117 60 77 121 70
internal_count=2222 563 1659 1634 535 310 225 165 238 117 60 77 121 70
is_linear=0
shrinkage=0.03


Tree=356
num_leaves=15
num_cat=0
split_feature=6 14 12 17 11 0 2 16 12 11 16 14 13 11
split_gain=0.0030129 0.0134623 0.00901846 0.00380302 0.00482889 0.00500657 0.00364237 0.00383576 0.00436624 0.00350926 0.00789304 0.00439944 0.00302664 0.00242244
threshold=1.5000000000000002 50.500000000000007 33.500000000000007 19.722295657546347 92.500000000000014 2.5000000000000004 1.0000000180025095e-35 75.642857142857153 93.500000000000014 102.50000000000001 93.928571428571445 107.50000000000001 89.500000000000014 62.500000000000007
decision_type=2 2 2 2 2 2 2 2 2 2 2 2 2 2
left_child=1 -1 -2 4 6 -6 7 -3 -9 11 -11 12 -5 -4
right_child=2 3 13 9 5 -7 -8 8 -10 10 -12 -13 -14 -15
leaf_value=0.00068535723121322949 -0.00057878997593294255 0.00012671239123102912 2.6241960549411592e-05 0.00041011813491059003 0.0004922848300750205 5.9318437359671893e-05 0.00025013757342821918 -0.00031475740131678653 8.0776540493300155e-05 -0.00059091943039675239 -2.8846623132597992e-05 -0.00020720792346115297 2.5421599565728384e-05 -4.7454483121545282e-05
leaf_weight=28 25 65 706 29 45 51 44 65 40 31 76 41 48 928
leaf_count=28 25 65 706 29 45 51 44 65 40 31 76 41 48 928
internal_value=-4.0948e-06 5.58119e-05 -2.44462e-05 2.16466e-05 8.96679e-05 0.000265254 1.00328e-05 -5.32113e-05 -0.000164737 -7.20537e-05 -0.000195654 4.07266e-05 0.000173708 -1.5616e-05
internal_weight=2222 563 1659 535 310 96 214 170 105 225 107 118 77 1634
internal_count=2222 563 1659 535 310 96 214 170 105 225 107 118 77 1634
is_linear=0
shrinkage=0.03


Tree=357
num_leaves=15
num_cat=0
split_feature=18 12 6 16 11 17 15 13 16 18 18 18 4 12
split_gain=0.00294279 0.00831009 0.00626593 0.00347841 0.00254401 0.00331467 0.0025082 0.00670314 0.00469758 0.00272082 0.00278762 0.00251704 0.00250215 0.00220467
threshold=58.583333333333336 44.500000000000007 2.5000000000000004 49.642857142857146 46.500000000000007 14.455185261780128 66.166666666666671 46.500000000000007 63.071428571428577 67.875000000000014 65.625000000000014 60.291666666666679 2.5000000000000004 38.500000000000007
decision_type=2 2 2 2 2 2 2 2 2 2 2 2 2 2
left_child=2 -2 -1 -4 5 -3 7 11 -8 10 -9 -6 -10 -5
right_child=1 4 3 13 6 -7 8 9 12 -11 -12 -13 -14 -15
leaf_value=0.00043429572099389936 -0.00039285117122814814 1.1182434916976958e-05 -0.00018839343370119523 -0.00017101722624923647 1.7262457986362276e-05 -0.00044663519566711329 -0.00031733859899680324 0.00013986566866686402 1.7277519819627569e-06 -1.4274704281706362e-05 0.00042336117246304637 -0.00035122089427694353 -0.00015778535284947506 0.00010682820580831471
leaf_weight=38 51 30 53 28 29 26 45 152 1294 74 39 38 94 231
leaf_count=38 51 30 53 28 29 26 45 152 1294 74 39 38 94 231
internal_value=-3.96672e-06 -1.89039e-05 7.57519e-05 3.08351e-05 -8.22102e-06 -0.000205482 -1.84949e-06 7.2323e-05 -1.90723e-05 0.000140088 0.000199656 -0.00019382 -9.18083e-06 7.62486e-05
internal_weight=2222 1872 350 312 1821 56 1765 332 1433 265 191 67 1388 259
internal_count=2222 1872 350 312 1821 56 1765 332 1433 265 191 67 1388 259
is_linear=0
shrinkage=0.03


Tree=358
num_leaves=15
num_cat=0
split_feature=6 14 12 18 14 14 18 14 12 8 14 15 16 12
split_gain=0.00284355 0.0126481 0.00822976 0.00383645 0.00318677 0.00375835 0.00516542 0.00454207 0.00436317 0.00296508 0.00281628 0.00259325 0.00256558 0.00245242
threshold=1.5000000000000002 50.500000000000007 33.500000000000007 85.375000000000014 62.500000000000007 91.500000000000014 92.125000000000014 74.500000000000014 68.500000000000014 4.4000000000000012 73.500000000000014 81.416666666666671 95.071428571428584 92.500000000000014
decision_type=2 2 2 2 2 2 2 2 2 2 2 2 2 2
left_child=1 -1 -2 -4 -3 6 7 11 -9 -5 -8 -6 13 -7
right_child=2 4 3 9 5 12 10 8 -10 -11 -12 -13 -14 -15
leaf_value=0.0006645515960127372 -0.00055318114752970777 -0.00017751094412233215 -4.9069129988254983e-06 -0.00042563878440497711 0.00067651960817683072 -0.00020104718535994253 -0.00023164702589662057 0.00036648835449679091 -7.0911934529431161e-05 -5.2333002828494168e-05 0.00013710462541452475 0.00024605804507570744 8.9786057600294337e-05 3.5018944295386421e-05
leaf_weight=28 25 63 1557 34 26 93 39 34 49 43 34 27 102 68
leaf_count=28 25 63 1557 34 26 93 39 34 49 43 34 27 102 68
internal_value=-3.85993e-06 5.43388e-05 -2.36311e-05 -1.51957e-05 2.12221e-05 4.80672e-05 0.000142714 0.000251366 0.000110494 -0.000220513 -6.03678e-05 0.000465845 -2.74021e-05 -0.000101742
internal_weight=2222 563 1659 1634 535 472 209 136 83 77 73 53 263 161
internal_count=2222 563 1659 1634 535 472 209 136 83 77 73 53 263 161
is_linear=0
shrinkage=0.03


Tree=359
num_leaves=15
num_cat=0
split_feature=18 12 6 16 11 17 15 13 16 18 18 14 0 18
split_gain=0.0027857 0.00765498 0.00581305 0.00322596 0.00239471 0.00312598 0.00235989 0.00630502 0.00443397 0.00255879 0.00262217 0.0025527 0.0032815 0.00237214
threshold=58.583333333333336 44.500000000000007 2.5000000000000004 49.642857142857146 46.500000000000007 14.455185261780128 66.166666666666671 46.500000000000007 63.071428571428577 67.875000000000014 65.625000000000014 49.500000000000007 1.5000000000000002 60.291666666666679
decision_type=2 2 2 2 2 2 2 2 2 2 2 2 2 2
left_child=2 -2 -1 -4 5 -3 7 13 -8 10 11 -9 -13 -6
right_child=1 4 3 -5 6 -7 8 9 -10 -11 -12 12 -14 -15
leaf_value=0.00041916952083388773 -0.00037717566427930316 1.1000241689954794e-05 -0.00018056963682283822 7.4290198168245494e-05 1.6904149786569178e-05 -0.00043359064176911488 -0.00030831799026244605 -7.9518113603913474e-05 -8.9314078682419828e-06 -1.3863015209790319e-05 0.00041056429197669785 0.000495272123047875 0.0001155318774447854 -0.00034081100645170619
leaf_weight=38 51 30 53 259 29 26 45 37 1388 74 39 26 89 38
leaf_count=38 51 30 53 259 29 26 45 37 1388 74 39 26 89 38
internal_value=-3.73741e-06 -1.82705e-05 7.38242e-05 3.05581e-05 -8.01725e-06 -0.000199402 -1.8355e-06 7.01107e-05 -1.85414e-05 0.000135832 0.000193599 0.000135611 0.000204916 -0.000188007
internal_weight=2222 1872 350 312 1821 56 1765 332 1433 265 191 152 115 67
internal_count=2222 1872 350 312 1821 56 1765 332 1433 265 191 152 115 67
is_linear=0
shrinkage=0.03


Tree=360
num_leaves=15
num_cat=0
split_feature=4 13 15 11 18 16 12 12 12 16 13 13 16 18
split_gain=0.00362277 0.0105589 0.00313234 0.00280113 0.00313562 0.00276616 0.00220471 0.00444079 0.00272118 0.0021809 0.00197578 0.00457552 0.00756134 0.00809816
threshold=2.5000000000000004 1.0000000180025095e-35 70.416666666666671 41.500000000000007 50.375000000000007 62.619047619047628 107.50000000000001 105.50000000000001 117.50000000000001 67.928571428571445 71.500000000000014 76.500000000000014 67.785714285714292 75.375000000000014
decision_type=2 2 2 2 2 2 2 2 2 2 2 2 2 2
left_child=1 -1 5 4 -3 -2 7 10 -8 -7 -5 12 -12 -14
right_child=2 3 -4 6 -6 9 8 -9 -10 -11 11 -13 13 -15
leaf_value=0.00057145373104140155 -0.0002117671434440554 4.0839735990051517e-05 -0.00031150663435829828 4.4887149341407797e-05 -0.00035642855228797994 0.00025724779911714984 -0.00029894301112896448 0.00038075565108010778 1.4117513852206207e-05 -6.9121726347865268e-05 -0.00046281578200600611 9.8419514533496323e-06 0.00026355328520715355 -0.00031720498739741743
leaf_weight=29 50 32 56 882 39 32 44 29 56 41 51 795 46 39
leaf_count=29 50 32 56 882 39 32 44 29 56 41 51 795 46 39
internal_value=1.41364e-06 1.27807e-05 -0.000127611 4.45255e-06 -0.000179298 -4.20489e-05 1.12593e-05 1.87328e-05 -0.000125225 7.54874e-05 1.27354e-05 -1.77397e-05 -0.000177866 -3.50227e-06
internal_weight=2221 2042 179 2013 71 123 1942 1842 100 73 1813 931 136 85
internal_count=2221 2042 179 2013 71 123 1942 1842 100 73 1813 931 136 85
is_linear=0
shrinkage=0.03


Tree=361
num_leaves=15
num_cat=0
split_feature=4 13 15 16 0 0 18 18 12 7 5 5 13 13
split_gain=0.00341138 0.00995587 0.0029508 0.00260643 0.00218515 0.00548 0.00270891 0.0033313 0.0029977 0.00298985 0.00227284 0.00726963 0.00223082 0.00989193
threshold=2.5000000000000004 1.0000000180025095e-35 70.416666666666671 62.619047619047628 5.5000000000000009 4.5000000000000009 63.583333333333336 66.375000000000014 59.500000000000007 14.500000000000002 31.500000000000004 32.500000000000007 89.500000000000014 92.500000000000014
decision_type=2 2 2 2 2 2 2 2 2 2 2 2 2 2
left_child=1 -1 3 -2 5 12 8 -8 9 -6 -9 -12 -3 -14
right_child=2 4 -4 -5 6 -7 7 10 -10 -11 11 -13 13 -15
leaf_value=0.00055488156061619519 -0.00020553869775647078 3.7602563177168803e-05 -0.00030232538932499378 7.3299009930672798e-05 -6.4969078310705869e-05 -0.00012533787391294027 0.00046673119000983064 -7.7186453656511421e-05 -0.00021300792003915245 0.00031510541992892896 0.00055377522245180443 1.7558154679136348e-05 -0.00031894195561807674 4.4167529439903749e-05
leaf_weight=29 50 1058 56 73 46 299 25 46 48 30 31 79 90 261
leaf_count=29 50 1058 56 73 46 299 25 46 48 30 31 79 90 261
internal_value=1.36522e-06 1.23957e-05 -0.000123838 -4.07931e-05 4.30882e-06 -8.91286e-06 7.81374e-05 0.000151828 -2.97813e-05 8.72042e-05 9.87114e-05 0.000172301 1.58647e-05 -4.9579e-05
internal_weight=2221 2042 179 123 2013 1708 305 181 124 76 156 110 1409 351
internal_count=2221 2042 179 123 2013 1708 305 181 124 76 156 110 1409 351
is_linear=0
shrinkage=0.03


Tree=362
num_leaves=15
num_cat=0
split_feature=4 13 15 16 16 12 12 12 14 14 13 13 13 17
split_gain=0.00321413 0.00938662 0.00277918 0.00245513 0.00205621 0.00186935 0.00437898 0.00254339 0.00168609 0.00334542 0.00215803 0.00211562 0.00271582 0.00721955
threshold=2.5000000000000004 1.0000000180025095e-35 70.416666666666671 62.619047619047628 67.928571428571445 107.50000000000001 105.50000000000001 117.50000000000001 33.500000000000007 41.500000000000007 53.500000000000007 67.500000000000014 46.500000000000007 12.058191919115247
decision_type=2 2 2 2 2 2 2 2 2 2 2 2 2 2
left_child=1 -1 3 -2 -5 6 8 -7 -3 10 -10 12 13 -11
right_child=2 5 -4 4 -6 7 -8 -9 9 11 -12 -13 -14 -15
leaf_value=0.00053879000246524809 -0.0001994934447130243 0.00017524137812228324 -0.00029341474028402254 0.00024763188868581146 -6.9244056191694516e-05 -0.00028954831421530497 0.00037042320267937614 1.3121062388802927e-05 -4.8225041892793445e-06 0.00021457151109223981 -0.00036165226044800335 -2.0698096269674955e-05 7.268430845302786e-05 -0.00022450038672104709
leaf_weight=29 50 50 56 32 41 44 29 56 26 51 36 1003 623 95
leaf_count=29 50 50 56 32 41 44 29 56 26 51 36 1003 623 95
internal_value=1.33447e-06 1.20413e-05 -0.000120196 -3.96013e-05 7.11298e-05 4.18902e-06 1.08247e-05 -0.000121602 5.0959e-06 3.64283e-07 -0.000214466 7.99763e-06 4.54035e-05 -7.07096e-05
internal_weight=2221 2042 179 123 73 2013 1913 100 1884 1834 62 1772 769 146
internal_count=2221 2042 179 123 73 2013 1913 100 1884 1834 62 1772 769 146
is_linear=0
shrinkage=0.03


Tree=363
num_leaves=15
num_cat=0
split_feature=4 14 16 14 15 0 0 11 11 11 16 11 12 12
split_gain=0.00302699 0.00560743 0.0204807 0.00317922 0.00261811 0.00233063 0.00446606 0.0033107 0.00567138 0.00429869 0.00472675 0.0027845 0.0027053 0.00528735
threshold=2.5000000000000004 33.500000000000007 70.464285714285737 41.500000000000007 70.416666666666671 5.5000000000000009 4.5000000000000009 71.500000000000014 74.500000000000014 66.500000000000014 85.071428571428584 49.500000000000007 75.500000000000014 56.500000000000007
decision_type=2 2 2 2 2 2 2 2 2 2 2 2 2 2
left_child=1 2 -1 -3 -2 6 7 9 -9 10 -5 -7 13 -10
right_child=4 3 -4 5 -6 11 -8 8 12 -11 -12 -13 -14 -15
leaf_value=0.00065657297258439932 -3.8418386886346965e-05 -0.00020820627414477278 -0.00029164106100021549 5.8537206014797871e-05 -0.00028476673037450956 -9.6162811320534605e-05 -0.00011116178177896497 -0.00036703964268005018 -0.00010793153826596562 0.00026117744394199045 -0.00035739599747242978 0.00013125213753083399 -6.2110863116192938e-05 0.00014041436522281686
leaf_weight=47 123 62 35 455 56 60 295 40 116 90 25 238 353 226
leaf_count=47 123 62 35 455 56 60 295 40 116 90 25 238 353 226
internal_value=1.29672e-06 1.16872e-05 0.00025321 1.45868e-06 -0.000116642 8.41362e-06 -5.94995e-06 1.79005e-05 -2.41709e-05 7.20978e-05 3.6176e-05 8.52954e-05 -3.93847e-06 5.6111e-05
internal_weight=2221 2042 82 1960 179 1898 1600 1305 735 570 480 298 695 342
internal_count=2221 2042 82 1960 179 1898 1600 1305 735 570 480 298 695 342
is_linear=0
shrinkage=0.03


Tree=364
num_leaves=15
num_cat=0
split_feature=6 14 12 18 18 5 14 14 4 13 12 12 12 15
split_gain=0.00303188 0.00980961 0.00471376 0.00270419 0.00433408 0.00441956 0.00306318 0.00794805 0.00233602 0.00334316 0.00233941 0.00225475 0.00505919 0.00615142
threshold=1.5000000000000002 50.500000000000007 36.500000000000007 92.125000000000014 96.125000000000014 32.500000000000007 76.500000000000014 62.500000000000007 1.5000000000000002 102.50000000000001 76.500000000000014 62.500000000000007 65.500000000000014 60.833333333333336
decision_type=2 2 2 2 2 2 2 2 2 2 2 2 2 2
left_child=1 -1 -2 6 -5 -6 7 -3 9 10 -8 -4 13 -13
right_child=2 3 11 4 5 -7 8 -9 -10 -11 -12 12 -14 -15
leaf_value=0.00058019826173662172 -0.00034944227693669839 -4.8642840210332312e-05 2.9724654441689265e-05 -0.00026078078028149318 0.0002517119499103535 -0.00010527743970956898 0.00041153000010256483 0.00044329547135781526 -9.306113320318135e-05 -0.00020425105981233243 8.8393989533774154e-05 -1.7889738390554806e-05 -2.266454052309639e-05 -0.00060274581053113984
leaf_weight=30 37 57 689 63 52 75 27 60 98 25 75 34 869 30
leaf_count=30 37 57 689 63 52 75 27 60 98 25 75 34 869 30
internal_value=1.24868e-06 6.14081e-05 -1.91555e-05 3.11194e-05 -5.94258e-05 4.1716e-05 8.14488e-05 0.000205252 1.64478e-05 0.000101018 0.000177095 -1.14106e-05 -4.17874e-05 -0.000297096
internal_weight=2221 562 1659 532 190 127 342 117 225 127 102 1622 933 64
internal_count=2221 562 1659 532 190 127 342 117 225 127 102 1622 933 64
is_linear=0
shrinkage=0.03


Tree=365
num_leaves=15
num_cat=0
split_feature=18 6 13 18 16 18 14 4 17 16 14 16 2 16
split_gain=0.00312465 0.0033509 0.00384864 0.00359741 0.00412609 0.00330017 0.00529088 0.00413697 0.00744423 0.00507489 0.00616221 0.00549905 0.00422576 0.0096114
threshold=58.583333333333336 3.5000000000000004 44.500000000000007 68.291666666666671 62.619047619047628 86.291666666666671 69.500000000000014 1.0000000180025095e-35 16.910126580022446 83.464285714285737 89.500000000000014 84.785714285714292 1.0000000180025095e-35 68.309523809523824
decision_type=2 2 2 2 2 2 2 2 2 2 2 2 2 2
left_child=-1 5 -3 4 -4 7 -7 8 -2 10 12 -11 -9 -14
right_child=1 2 3 -5 -6 6 -8 9 -10 11 -12 -13 13 -15
leaf_value=8.6112062573311433e-05 0.0006437509735293973 -0.00042009956383481039 -0.00017246762715909756 -0.00035340810067924287 0.00010259750966184042 -0.00029314707300059873 -1.430870175349843e-05 -2.4234110672030129e-05 6.9908569654444366e-05 0.00057343220088763966 -0.00016626258444551737 6.8060113152918901e-05 0.00048660192491437417 3.6532869567110756e-05
leaf_weight=344 25 31 87 33 110 78 273 553 95 27 185 64 51 240
leaf_count=344 25 31 87 33 110 78 273 553 95 27 185 64 51 240
internal_value=3.21689e-06 -1.22186e-05 -0.000111633 -6.84186e-05 -1.91355e-05 4.14996e-06 -7.69296e-05 2.71442e-05 0.000193791 9.1322e-06 -9.94448e-06 0.000222609 2.44758e-05 0.000116807
internal_weight=2196 1852 261 230 197 1591 351 1240 120 1120 1029 91 844 291
internal_count=2196 1852 261 230 197 1591 351 1240 120 1120 1029 91 844 291
is_linear=0
shrinkage=0.03


Tree=366
num_leaves=15
num_cat=0
split_feature=15 2 11 15 18 14 6 2 18 16 18 12 12 12
split_gain=0.00326624 0.0046277 0.00371455 0.00299087 0.0026073 0.00542857 0.00492635 0.00605343 0.00585295 0.0038008 0.0031253 0.00297375 0.00460622 0.00495778
threshold=52.500000000000007 1.0000000180025095e-35 41.500000000000007 50.500000000000007 86.291666666666671 57.500000000000007 1.5000000000000002 1.0000000180025095e-35 79.291666666666671 75.785714285714292 80.125000000000014 44.500000000000007 62.500000000000007 76.500000000000014
decision_type=2 2 2 2 2 2 2 2 2 2 2 2 2 2
left_child=1 3 -2 -1 6 -6 7 8 9 -4 -9 -8 -13 -14
right_child=2 -3 4 -5 5 -7 11 10 -10 -11 -12 12 13 -15
leaf_value=-3.4884523455759573e-05 -0.00029695188098300535 0.00046366043905201817 5.4471687505221258e-05 0.00029409666670664376 -0.00047637683613824526 -4.0727832927721598e-05 -0.00018059154436092024 0.00054915373084077151 0.00026085842422104738 -0.00029694386139137509 0.00012997872465097442 7.9504915604047715e-05 -0.00012315403592299295 2.3233966648185744e-05
leaf_weight=92 38 30 69 33 27 323 83 39 70 45 28 464 356 499
leaf_count=92 38 30 69 33 27 323 83 39 70 45 28 464 356 499
internal_value=3.12889e-06 0.000135439 -6.98057e-06 5.36113e-05 -1.33393e-06 -7.55965e-05 1.44263e-05 0.000136548 4.68895e-05 -8.56209e-05 0.000378464 -7.51882e-06 3.50059e-06 -3.77909e-05
internal_weight=2196 155 2041 125 2003 350 1653 251 184 114 67 1402 1319 855
internal_count=2196 155 2041 125 2003 350 1653 251 184 114 67 1402 1319 855
is_linear=0
shrinkage=0.03


Tree=367
num_leaves=15
num_cat=0
split_feature=15 12 14 11 18 14 6 12 12 12 11 13 15 16
split_gain=0.00307961 0.00397356 0.0055152 0.00350059 0.0024562 0.00512 0.00464099 0.00280001 0.00433465 0.00466554 0.00931847 0.00533814 0.00493913 0.00457866
threshold=52.500000000000007 43.500000000000007 51.500000000000007 41.500000000000007 86.291666666666671 57.500000000000007 1.5000000000000002 44.500000000000007 62.500000000000007 76.500000000000014 53.500000000000007 53.500000000000007 58.833333333333336 62.357142857142868
decision_type=2 2 2 2 2 2 2 2 2 2 2 2 2 2
left_child=1 2 -1 -2 6 -6 -5 -8 -9 10 12 -12 -10 -13
right_child=3 -3 -4 4 5 -7 7 8 9 -11 11 13 -14 -15
leaf_value=0.00063812344483772491 -0.00028827175533828822 1.8364027070404787e-06 7.7997139816943673e-05 0.00013253453902160842 -0.0004625959373674959 -3.9509769395456936e-05 -0.00017523829494166422 7.7124897537296711e-05 0.00040701909552273507 2.2538343652340701e-05 -7.0469065971597697e-05 -0.00070484457951452994 -2.3554823526022273e-05 -0.00026070302060447227
leaf_weight=26 38 90 39 251 27 323 83 464 33 499 111 26 81 105
leaf_count=26 38 90 39 251 27 323 83 464 33 499 111 26 81 105
internal_value=3.04056e-06 0.000131515 0.000308321 -6.77582e-06 -1.29422e-06 -7.33728e-05 1.40026e-05 -7.29756e-06 3.39511e-06 -3.66607e-05 -0.00011947 -0.000224518 0.00010354 -0.000353525
internal_weight=2196 155 65 2041 2003 350 1653 1402 1319 855 356 242 114 131
internal_count=2196 155 65 2041 2003 350 1653 1402 1319 855 356 242 114 131
is_linear=0
shrinkage=0.03


Tree=368
num_leaves=15
num_cat=0
split_feature=17 17 12 6 4 12 15 16 12 18 16 16 16 13
split_gain=0.00293452 0.00565506 0.00366209 0.00485 0.00327387 0.00228773 0.0030935 0.00214268 0.00323293 0.00227538 0.00358973 0.00632871 0.0031705 0.00310513
threshold=12.893889275369188 13.237752650585497 50.500000000000007 3.5000000000000004 1.5000000000000002 37.500000000000007 53.833333333333336 55.071428571428577 44.500000000000007 86.291666666666671 83.464285714285737 84.785714285714292 96.464285714285737 92.500000000000014
decision_type=2 2 2 2 2 2 2 2 2 2 2 2 2 2
left_child=2 4 3 -1 -2 -5 -7 -3 -9 10 13 -12 -11 -10
right_child=1 7 -4 5 -6 6 -8 8 9 12 11 -13 -14 -15
leaf_value=0.00052084377321245316 -0.0004660623199054719 0.00026376598394967408 9.1328842744369773e-06 -0.00012684977982707065 -8.0904989440265732e-05 0.00039927067542146899 1.1938257263994143e-05 -0.00023623694449647787 -1.096587240157173e-05 -0.00012595701608253515 0.00050304687216192032 2.6272344452242772e-05 7.1472960270641903e-05 0.0001548924062093907
leaf_weight=32 36 26 241 28 44 33 41 52 1092 242 36 78 104 111
leaf_count=32 36 26 241 28 44 33 41 52 1092 242 36 78 104 111
internal_value=2.94022e-06 -1.28081e-05 7.92446e-05 0.000204339 -0.00025784 0.000100951 0.000187688 -1.40716e-06 -5.57864e-06 1.7714e-06 1.97652e-05 0.000179898 -6.65789e-05 4.4537e-06
internal_weight=2196 1821 375 134 80 102 74 1741 1715 1663 1317 114 346 1203
internal_count=2196 1821 375 134 80 102 74 1741 1715 1663 1317 114 346 1203
is_linear=0
shrinkage=0.03


Tree=369
num_leaves=15
num_cat=0
split_feature=18 12 12 13 18 17 18 13 13 18 13 12 12 18
split_gain=0.00277735 0.00501987 0.0030367 0.00527819 0.00399139 0.00360448 0.00283482 0.00239113 0.00331244 0.00531189 0.00510541 0.00416338 0.00556148 0.00646001
threshold=58.583333333333336 44.500000000000007 61.500000000000007 42.500000000000007 55.875000000000007 11.444482923842051 52.375000000000007 63.500000000000007 55.500000000000007 69.583333333333357 46.500000000000007 96.000000000000014 77.500000000000014 80.125000000000014
decision_type=2 2 2 2 2 2 2 2 2 2 2 2 2 2
left_child=2 -2 3 5 6 -1 -5 8 9 10 -3 12 -10 -14
right_child=1 7 -4 4 -6 -7 -8 -9 11 -11 -12 -13 13 -15
leaf_value=0.00011736030718597688 -0.00030228122867181526 -0.0001249697017822234 -5.3109451367180437e-05 7.7940973726799715e-05 0.00026813178593709542 0.00057922205328941347 -0.00021376952640130183 -2.4932283440346465e-05 3.9210446644574406e-06 -0.00015820205366859835 0.00019525753275956956 -5.4550340642828999e-05 0.00068281079749934949 0.0001214177002249336
leaf_weight=28 51 66 105 74 54 34 49 1294 49 125 135 58 38 36
leaf_count=28 51 66 105 74 54 34 49 1294 49 125 135 58 38 36
internal_value=2.86449e-06 -1.16879e-05 8.10173e-05 0.000139919 5.56424e-05 0.000375813 -3.90557e-05 -3.29581e-06 5.18666e-05 -5.35598e-06 9.00102e-05 0.000154394 0.000252566 0.000414961
internal_weight=2196 1852 344 239 177 62 123 1801 507 326 201 181 123 74
internal_count=2196 1852 344 239 177 62 123 1801 507 326 201 181 123 74
is_linear=0
shrinkage=0.03


Tree=370
num_leaves=15
num_cat=0
split_feature=6 13 12 15 15 17 12 13 17 11 11 17 12 13
split_gain=0.00445674 0.00757688 0.00475989 0.00314712 0.00327866 0.00289723 0.00456631 0.0047081 0.00332587 0.00253877 0.00522803 0.004389 0.00242604 0.00313046
threshold=3.5000000000000004 39.500000000000007 36.500000000000007 52.500000000000007 50.500000000000007 12.893889275369188 57.500000000000007 57.500000000000007 13.02926992228584 43.500000000000007 50.500000000000007 13.825442385068433 51.500000000000007 67.500000000000014
decision_type=2 2 2 2 2 2 2 2 2 2 2 2 2 2
left_child=1 -1 -2 4 -4 6 -3 -8 -7 -5 11 -11 13 -10
right_child=2 5 3 9 -6 8 7 -9 12 10 -12 -13 -14 -15
leaf_value=0.00045142529201361217 -0.00045177984292968176 0.00048731126924394629 -1.0652566116429321e-05 -0.0003233465498280046 0.00037218040538461466 -0.00032872536166645919 0.00035572264768863812 -0.00014940504445289465 9.0647542136139232e-05 0.00042383494560659351 -0.00013190201301517063 -5.5901309511122792e-05 1.2398523875842609e-05 -0.00023466291355025195
leaf_weight=34 29 27 89 41 25 27 25 45 39 30 289 38 1392 80
leaf_count=34 29 27 89 41 25 27 25 45 39 30 289 38 1392 80
internal_value=-9.5898e-06 1.46741e-05 -8.43337e-05 -6.26812e-05 7.58083e-05 5.32146e-06 0.000163478 3.3467e-05 -4.75306e-06 -0.00010244 -7.6237e-05 0.000158822 1.24957e-06 -0.000128182
internal_weight=2210 1669 541 512 114 1635 97 70 1538 398 357 68 1511 119
internal_count=2210 1669 541 512 114 1635 97 70 1538 398 357 68 1511 119
is_linear=0
shrinkage=0.03


Tree=371
num_leaves=15
num_cat=0
split_feature=6 13 12 14 14 16 15 17 12 13 17 14 11 14
split_gain=0.00419528 0.0071417 0.0044897 0.00324876 0.00383887 0.00397329 0.00310966 0.0027334 0.00430492 0.00443903 0.00313615 0.0023305 0.00714454 0.00311803
threshold=3.5000000000000004 39.500000000000007 36.500000000000007 53.500000000000007 46.500000000000007 53.500000000000007 50.500000000000007 12.893889275369188 57.500000000000007 57.500000000000007 13.02926992228584 65.500000000000014 55.500000000000007 71.500000000000014
decision_type=2 2 2 2 2 2 2 2 2 2 2 2 2 2
left_child=1 -1 -2 4 5 6 -4 8 -3 -10 -9 12 -5 -13
right_child=2 7 3 11 -6 -7 -8 10 9 -11 -12 13 -14 -15
leaf_value=0.00043826946653747914 -0.00043867822113315922 0.00047321404520127026 -8.1137090998928559e-05 2.9362765506246226e-05 0.00019631139934062959 -0.00019292780689537784 0.00037214612115908842 -0.00031921581106351884 0.00034546141483588144 -0.00014502033317947516 1.2094706708571793e-06 7.0690120638379551e-05 -0.00043941974821455702 -0.00017785597862506796
leaf_weight=34 29 27 28 53 77 85 25 27 25 45 1511 88 64 92
leaf_count=34 29 27 28 53 77 85 25 27 25 45 1511 88 64 92
internal_value=-9.29522e-06 1.42462e-05 -8.18135e-05 -6.07847e-05 2.79783e-05 -6.66832e-05 0.000135608 5.1661e-06 0.000158786 3.25502e-05 -4.61944e-06 -0.000124919 -0.000228616 -5.66253e-05
internal_weight=2210 1669 541 512 215 138 53 1635 97 70 1538 297 117 180
internal_count=2210 1669 541 512 215 138 53 1635 97 70 1538 297 117 180
is_linear=0
shrinkage=0.03


Tree=372
num_leaves=15
num_cat=0
split_feature=6 13 12 14 14 16 15 17 12 13 17 18 16 18
split_gain=0.00395165 0.00673144 0.00423419 0.00306059 0.00361353 0.00374386 0.00293271 0.00257875 0.00405849 0.00418535 0.0029573 0.00251035 0.00276398 0.002796
threshold=3.5000000000000004 39.500000000000007 36.500000000000007 53.500000000000007 46.500000000000007 53.500000000000007 50.500000000000007 12.893889275369188 57.500000000000007 57.500000000000007 13.02926992228584 66.375000000000014 63.154761904761912 58.583333333333336
decision_type=2 2 2 2 2 2 2 2 2 2 2 2 2 2
left_child=1 -1 -2 4 5 6 -4 8 -3 -10 -9 12 13 -5
right_child=2 7 3 11 -6 -7 -8 10 9 -11 -12 -13 -14 -15
leaf_value=0.00042549703943742706 -0.00042595655916375107 0.0004595246373368614 -7.8786910262665361e-05 -5.3582692786585541e-05 0.00019049756719211403 -0.00018720727096796359 0.00036141113548253021 -0.00030998135651835973 0.0003354961859384695 -0.00014076430036726853 1.1732094687778e-06 -0.0003395809470850686 8.9230758547332258e-05 -0.00028816810166000783
leaf_weight=34 29 27 28 124 77 85 25 27 25 45 1511 40 61 72
leaf_count=34 29 27 28 124 77 85 25 27 25 45 1511 40 61 72
internal_value=-9.01457e-06 1.38331e-05 -7.93957e-05 -5.89742e-05 2.71799e-05 -6.46616e-05 0.000131701 5.01763e-06 0.000154229 3.16584e-05 -4.48706e-06 -0.000121224 -8.60535e-05 -0.000140782
internal_weight=2210 1669 541 512 215 138 53 1635 97 70 1538 297 257 196
internal_count=2210 1669 541 512 215 138 53 1635 97 70 1538 297 257 196
is_linear=0
shrinkage=0.03


Tree=373
num_leaves=15
num_cat=0
split_feature=6 13 12 14 14 17 12 13 17 12 13 2 11 17
split_gain=0.00372258 0.00634475 0.00399309 0.00288369 0.0034365 0.00243286 0.00382616 0.00394616 0.00278865 0.00228386 0.00294835 0.00418544 0.00263795 0.00255931
threshold=3.5000000000000004 39.500000000000007 36.500000000000007 53.500000000000007 41.500000000000007 12.893889275369188 57.500000000000007 57.500000000000007 13.02926992228584 51.500000000000007 67.500000000000014 1.0000000180025095e-35 46.500000000000007 19.722295657546347
decision_type=2 2 2 2 2 2 2 2 2 2 2 2 2 2
left_child=1 -1 -2 4 -4 6 -3 -8 -7 10 -10 -12 -11 -14
right_child=2 5 3 -5 -6 8 7 -9 9 12 11 -13 13 -15
leaf_value=0.00041309684306621157 -0.00041360382252605634 0.00044623125103368825 -0.00013310646182407464 -0.00011764645613236813 0.00011572381712474504 -0.00030101403824768828 0.0003258184103134016 -0.00013663317279323287 8.7926413107197726e-05 -0.00019363818224519489 -0.00039323733482674202 5.1770339909595466e-05 4.1220426418312053e-05 -6.1576109449952731e-05
leaf_weight=34 29 27 77 297 138 27 25 45 39 53 50 30 1066 273
leaf_count=34 29 27 77 297 138 27 25 45 39 53 50 30 1066 273
internal_value=-8.74361e-06 1.34319e-05 -7.70543e-05 -5.72229e-05 2.64042e-05 4.87344e-06 0.000149802 3.07909e-05 -4.35847e-06 1.13804e-06 -0.000124443 -0.000227781 1.19554e-05 2.02316e-05
internal_weight=2210 1669 541 512 215 1635 97 70 1538 1511 119 80 1392 1339
internal_count=2210 1669 541 512 215 1635 97 70 1538 1511 119 80 1392 1339
is_linear=0
shrinkage=0.03


Tree=374
num_leaves=15
num_cat=0
split_feature=6 13 12 18 17 12 13 17 12 18 16 17 4 16
split_gain=0.0035054 0.00598053 0.00376594 0.00286746 0.00229549 0.00360714 0.00372064 0.00262945 0.00215079 0.00287696 0.00340861 0.00472935 0.00420248 0.00403834
threshold=3.5000000000000004 39.500000000000007 36.500000000000007 68.291666666666671 12.893889275369188 57.500000000000007 57.500000000000007 13.02926992228584 51.500000000000007 86.291666666666671 83.464285714285737 19.577684088924237 1.0000000180025095e-35 84.785714285714292
decision_type=2 2 2 2 2 2 2 2 2 2 2 2 2 2
left_child=1 -1 -2 -4 5 -3 -7 -6 -9 10 11 12 -10 -12
right_child=2 4 3 -5 7 6 -8 8 9 -11 13 -13 -14 -15
leaf_value=0.00040105801873141901 -0.0004016093102400191 0.00043332242340381655 -3.5090347921619755e-05 -0.00030284136894176926 -0.00029230612955871037 0.00031641979974945288 -0.00013262328914488139 -0.00012077315382930464 0.00024364406576094985 -6.1322358829240023e-05 0.00043617607779015087 -0.00026226938882781031 1.4251204730749123e-05 5.3209929812591828e-05
leaf_weight=34 29 27 474 38 27 25 45 119 78 360 39 50 799 66
leaf_count=34 29 27 474 38 27 25 45 119 78 360 39 50 799 66
internal_value=-8.48494e-06 1.3034e-05 -7.47731e-05 -5.55141e-05 4.72479e-06 0.000145503 2.99471e-05 -4.24269e-06 1.09462e-06 1.15921e-05 3.70622e-05 1.86133e-05 3.49076e-05 0.000198227
internal_weight=2210 1669 541 512 1635 97 70 1538 1511 1392 1032 927 877 105
internal_count=2210 1669 541 512 1635 97 70 1538 1511 1392 1032 927 877 105
is_linear=0
shrinkage=0.03


Tree=375
num_leaves=15
num_cat=0
split_feature=6 13 13 14 14 11 14 14 14 14 14 18 14 13
split_gain=0.00236638 0.00612972 0.00471766 0.0031127 0.00451598 0.0040806 0.00299051 0.00369411 0.00269362 0.00322813 0.00423882 0.0051156 0.00264775 0.00253989
threshold=3.5000000000000004 39.500000000000007 36.500000000000007 53.500000000000007 65.500000000000014 57.500000000000007 71.500000000000014 74.500000000000014 75.500000000000014 82.500000000000014 85.000000000000014 80.125000000000014 69.500000000000014 63.500000000000007
decision_type=2 2 2 2 2 2 2 2 2 2 2 2 2 2
left_child=1 -1 -2 -4 5 -5 12 -8 -3 13 11 -11 -6 -10
right_child=2 8 3 4 6 -7 7 -9 9 10 -12 -13 -14 -15
leaf_value=0.00044419432994008304 -0.00041114535552333107 5.9859521824559722e-05 6.3196817693298931e-05 -5.5061810377310389e-05 -4.0065135871028078e-07 -0.000400318136032228 -0.00035004035378127199 3.7560976845019593e-05 2.3405842390881541e-05 0.00048336782012484034 -9.4002241556428894e-06 -5.5503357053284752e-05 0.00032549323362292016 -0.00019822539292960496
leaf_weight=30 29 763 215 63 57 60 35 57 71 35 635 28 36 133
leaf_count=30 29 763 215 63 57 60 35 57 71 35 635 28 36 133
internal_value=8.63377e-06 2.62021e-05 -4.52624e-05 -2.42285e-05 -8.5263e-05 -0.00022535 8.58654e-06 -0.000112074 1.84086e-05 -1.6682e-05 1.40388e-05 0.000246744 0.000127872 -0.000121351
internal_weight=2247 1695 552 523 308 123 185 92 1665 902 698 63 93 204
internal_count=2247 1695 552 523 308 123 185 92 1665 902 698 63 93 204
is_linear=0
shrinkage=0.03


Tree=376
num_leaves=15
num_cat=0
split_feature=6 13 13 13 12 14 15 14 17 14 14 14 15 4
split_gain=0.00223014 0.00577931 0.00444806 0.00293669 0.00318663 0.00253404 0.00325434 0.00451065 0.0036434 0.00488926 0.00303936 0.00399476 0.00453874 0.0030149
threshold=3.5000000000000004 39.500000000000007 36.500000000000007 42.500000000000007 61.500000000000007 75.500000000000014 82.500000000000014 61.500000000000007 21.92736928611231 69.500000000000014 82.500000000000014 85.000000000000014 79.166666666666671 1.5000000000000002
decision_type=2 2 2 2 2 2 2 2 2 2 2 2 2 2
left_child=1 -1 -2 4 -4 6 13 -8 9 -9 -7 12 -12 -3
right_child=2 5 3 -5 -6 10 7 8 -10 -11 11 -13 -14 -15
leaf_value=0.00043129835732191076 -0.00039922213903628289 0.00017138479670194328 0.00033290340984240172 -5.1311578046057381e-05 -7.4052818377939758e-05 -0.00011773618039101498 -0.00022578967640678361 -3.3366257579115477e-06 -0.00019363842938522187 0.00044277264084666964 0.00050020387170896408 -9.118660258588173e-06 -5.1643867097000643e-06 3.1418630769861151e-05
leaf_weight=30 29 255 39 454 30 204 76 60 35 34 30 635 33 303
leaf_count=30 29 255 39 454 30 204 76 60 35 34 30 635 33 303
internal_value=8.37418e-06 2.54293e-05 -4.39474e-05 -2.35234e-05 0.000157436 1.78618e-05 5.80661e-05 -4.39965e-05 6.40194e-05 0.000160984 -1.61735e-05 1.36356e-05 0.000239543 9.55738e-05
internal_weight=2247 1695 552 523 69 1665 763 205 129 94 902 698 63 558
internal_count=2247 1695 552 523 69 1665 763 205 129 94 902 698 63 558
is_linear=0
shrinkage=0.03


Tree=377
num_leaves=15
num_cat=0
split_feature=6 15 12 11 11 18 11 15 16 16 14 16 14 17
split_gain=0.00210011 0.00472791 0.00381198 0.0027476 0.00424681 0.00421661 0.00399183 0.00339735 0.00335914 0.00599947 0.00269289 0.00365769 0.0076113 0.00637614
threshold=3.5000000000000004 54.583333333333336 36.500000000000007 71.500000000000014 74.500000000000014 67.125000000000014 69.500000000000014 55.500000000000007 58.928571428571438 56.071428571428577 75.500000000000014 89.357142857142875 66.500000000000014 21.716786411066497
decision_type=2 2 2 2 2 2 2 2 2 2 2 2 2 2
left_child=1 -1 -2 6 -5 -6 7 -4 9 -9 11 -3 -13 -14
right_child=2 10 3 4 5 -7 -8 8 -10 -11 -12 12 13 -15
leaf_value=0.00039178539600764065 -0.00037747962978379478 8.0908815931657991e-05 7.7535694334073915e-05 -0.00042686550043678534 0.00026694807275715797 -0.00023522833205574632 0.00029364345422072804 -3.1463898530301561e-05 -3.0403910299189004e-06 -0.00053393063570036101 -1.7715259969233226e-05 -0.00054364832383321804 0.00041487725339650817 -0.00022727847314672544
leaf_weight=30 28 694 174 35 26 33 39 51 130 36 891 26 25 29
leaf_count=30 28 694 174 35 26 33 39 51 130 36 891 26 25 29
internal_value=8.13404e-06 2.46845e-05 -4.26394e-05 -2.40623e-05 -0.000170077 -1.31694e-05 8.17781e-06 -2.09722e-05 -9.99534e-05 -0.000243086 1.78389e-05 5.87375e-05 -0.000132223 7.21537e-05
internal_weight=2247 1695 552 524 94 59 430 391 217 87 1665 774 80 54
internal_count=2247 1695 552 524 94 59 430 391 217 87 1665 774 80 54
is_linear=0
shrinkage=0.03


Tree=378
num_leaves=15
num_cat=0
split_feature=0 15 0 11 4 12 16 13 13 11 11 0 13 13
split_gain=0.00198289 0.00406675 0.00345741 0.00330951 0.00233797 0.00225789 0.00385816 0.0045855 0.00327758 0.00378004 0.00397588 0.00321412 0.00318073 0.00314187
threshold=4.5000000000000009 46.500000000000007 5.5000000000000009 41.500000000000007 2.5000000000000004 71.500000000000014 64.773809523809533 75.500000000000014 49.500000000000007 77.500000000000014 57.500000000000007 1.5000000000000002 70.500000000000014 64.500000000000014
decision_type=2 2 2 2 2 2 2 2 2 2 2 2 2 2
left_child=1 -1 -2 -3 -4 -5 11 8 -8 10 -10 -7 13 -11
right_child=2 3 4 5 -6 6 7 -9 9 12 -12 -13 -14 -15
leaf_value=0.00039844478835360719 -0.00010437280719981457 -0.00024589758785157576 5.5149850692715323e-05 6.6890733368808611e-05 -0.00022200065909419209 -0.00038167286349302486 -0.00022594107073158596 -5.3743753973909101e-05 2.0162989803793609e-05 4.0083651198576015e-05 0.00036169720376747546 -3.3825506443942063e-05 0.00029783579843007665 -0.00031403814461165375
leaf_weight=25 330 40 316 696 29 41 25 380 47 115 88 56 32 27
leaf_count=25 330 40 316 696 29 41 25 380 47 115 88 56 32 27
internal_value=7.87839e-06 2.63417e-05 -3.5096e-05 2.00749e-05 3.12789e-05 2.7293e-05 -6.73037e-06 1.74731e-05 9.84168e-05 0.000125304 0.000243815 -0.000183248 3.2487e-05 -2.89746e-05
internal_weight=2247 1572 675 1547 345 1507 811 714 334 309 135 97 174 142
internal_count=2247 1572 675 1547 345 1507 811 714 334 309 135 97 174 142
is_linear=0
shrinkage=0.03


Tree=379
num_leaves=15
num_cat=0
split_feature=6 13 13 14 14 11 14 14 14 13 13 12 7 14
split_gain=0.00198998 0.00545168 0.0041876 0.00291625 0.00422736 0.00372666 0.00283553 0.00341444 0.00246066 0.00232311 0.00299762 0.00336492 0.00230635 0.00227438
threshold=3.5000000000000004 39.500000000000007 36.500000000000007 53.500000000000007 65.500000000000014 57.500000000000007 71.500000000000014 74.500000000000014 69.500000000000014 63.500000000000007 46.500000000000007 67.500000000000014 14.500000000000002 67.500000000000014
decision_type=2 2 2 2 2 2 2 2 2 2 2 2 2 2
left_child=1 -1 -2 -4 5 -5 8 -8 13 10 -3 12 -12 -6
right_child=2 9 3 4 6 -7 7 -9 -10 -11 11 -13 -14 -15
leaf_value=0.00041794369012237553 -0.00038650094252079721 -0.00010269973626398571 6.2646431472078087e-05 -5.3829378905447812e-05 0.00019159745593587386 -0.00038379858558654944 -0.00033653821859237114 3.6102174512805127e-05 0.00031640138096967395 -5.4097736851612933e-06 0.0001564606759727568 6.4496410536646318e-05 0.00051276665239129214 -0.00018098257996462051
leaf_weight=30 29 72 215 63 28 60 35 57 36 1208 45 314 26 29
leaf_count=30 29 72 215 63 28 60 35 57 36 1208 45 314 26 29
internal_value=7.63749e-06 2.37482e-05 -4.17865e-05 -2.19712e-05 -8.10503e-05 -0.000216587 9.74328e-06 -0.000107758 0.00012589 1.6399e-05 7.39327e-05 0.000107146 0.000292248 2.18705e-06
internal_weight=2247 1695 552 523 308 123 185 92 93 1665 457 385 71 57
internal_count=2247 1695 552 523 308 123 185 92 93 1665 457 385 71 57
is_linear=0
shrinkage=0.03


Tree=380
num_leaves=15
num_cat=0
split_feature=18 12 12 15 18 15 17 11 17 4 15 16 17 12
split_gain=0.00243013 0.00717843 0.0070622 0.00373265 0.00171627 0.00420373 0.00356471 0.00313399 0.00287845 0.00287071 0.00391305 0.00406423 0.00224202 0.00236586
threshold=51.583333333333336 45.500000000000007 41.500000000000007 55.500000000000007 69.583333333333357 70.416666666666671 17.670933883302268 55.500000000000007 15.42647598432376 1.0000000180025095e-35 66.500000000000014 63.154761904761912 13.237752650585497 56.500000000000007
decision_type=2 2 2 2 2 2 2 2 2 2 2 2 2 2
left_child=1 -1 3 -2 5 6 8 -6 9 -4 -11 -12 -9 -14
right_child=2 -3 4 -5 7 -7 -8 12 -10 10 11 -13 13 -15
leaf_value=0.00040795218645944256 -4.89868394175448e-05 -6.7742772495075221e-05 0.00026185797253591855 -0.0005100058384610944 -0.00018227574043741792 0.00022480826833304592 0.00035222057589433259 -0.00020579890621717068 -0.00013264526696002576 3.9694349960679837e-05 -0.00050007456631507143 -7.6282196174803613e-06 -0.00011815043773378597 2.1507549991640825e-05
leaf_weight=49 28 66 43 36 94 96 26 46 119 457 25 36 122 970
leaf_count=49 28 66 43 36 94 96 26 46 119 457 25 36 122 970
internal_value=3.04747e-06 0.000136714 -4.34099e-06 -0.000312167 5.49341e-06 3.9622e-05 1.41586e-05 -1.67376e-05 7.34432e-07 2.92128e-05 9.4332e-06 -0.000214261 -2.91591e-06 5.81091e-06
internal_weight=2213 115 2098 64 2034 802 706 1232 680 561 518 61 1138 1092
internal_count=2213 115 2098 64 2034 802 706 1232 680 561 518 61 1138 1092
is_linear=0
shrinkage=0.03


Tree=381
num_leaves=15
num_cat=0
split_feature=18 12 12 15 14 14 14 13 12 12 17 0 14 12
split_gain=0.00228984 0.00676224 0.0066558 0.00351775 0.0019193 0.00368669 0.00326739 0.00179554 0.00174433 0.0035011 0.00294753 0.00354059 0.00334458 0.003818
threshold=51.583333333333336 45.500000000000007 41.500000000000007 55.500000000000007 107.50000000000001 122.50000000000001 104.50000000000001 45.500000000000007 71.500000000000014 70.500000000000014 19.938587624416879 4.5000000000000009 46.500000000000007 56.500000000000007
decision_type=2 2 2 2 2 2 2 2 2 2 2 2 2 2
left_child=1 -1 3 -2 6 -6 8 -3 9 10 11 -4 -13 -14
right_child=2 7 4 -5 5 -7 -8 -9 -10 -11 -12 12 13 -15
leaf_value=0.00039595839336980132 -4.7567905356368881e-05 8.075840225501451e-05 8.1011941778256577e-05 -0.00049511918208146517 -0.00022485603299162005 0.0001892208923079754 0.00029514660646479265 -0.00022849804818179107 -2.104142928591358e-05 0.00037306223194011378 -0.00021915633848818418 -0.00036694276017240352 0.00010713290532675045 -0.00012668456506854784
leaf_weight=49 28 35 570 36 76 25 35 31 985 26 41 26 119 131
leaf_count=49 28 35 570 36 76 25 35 31 985 26 41 26 119 131
internal_value=2.94974e-06 0.000132701 -4.22228e-06 -0.00030306 5.32497e-06 -0.000121511 1.20116e-05 -6.57408e-05 6.63782e-06 3.64902e-05 2.62155e-05 3.83518e-05 -4.97252e-05 -1.5404e-05
internal_weight=2213 115 2098 64 2034 101 1933 66 1898 913 887 846 276 250
internal_count=2213 115 2098 64 2034 101 1933 66 1898 913 887 846 276 250
is_linear=0
shrinkage=0.03


Tree=382
num_leaves=15
num_cat=0
split_feature=18 13 12 5 18 13 14 14 14 12 12 12 18 14
split_gain=0.00215681 0.00664552 0.00627299 0.00462069 0.00336261 0.00187064 0.00180621 0.00347411 0.00307975 0.00164098 0.00330266 0.00257653 0.00310392 0.00296116
threshold=51.583333333333336 45.500000000000007 41.500000000000007 32.500000000000007 58.583333333333336 59.500000000000007 107.50000000000001 122.50000000000001 104.50000000000001 71.500000000000014 70.500000000000014 74.500000000000014 61.875000000000007 58.500000000000007
decision_type=2 2 2 2 2 2 2 2 2 2 2 2 2 2
left_child=1 3 4 -1 -2 -3 8 -8 9 10 -4 -11 -13 -14
right_child=2 5 6 -5 -6 -7 7 -9 -10 11 -12 12 13 -15
leaf_value=0.00065002649802611107 -8.541405807149464e-05 -0.00021947030412234564 2.5411331391997253e-05 9.1061319201669113e-05 -0.00052047424285011669 0.00010958894324075016 -0.000218197960471175 0.00018376259612313541 0.00028653816353956549 -0.00017158506937646408 0.00036228488070062461 0.00024694147066579066 -0.00011759176568969874 1.3848002600790411e-05
leaf_weight=26 34 36 887 27 30 26 76 25 35 91 26 41 201 652
leaf_count=26 34 36 887 27 30 26 76 25 35 91 26 41 201 652
internal_value=2.85844e-06 0.000128784 -4.10212e-06 0.00037223 -0.000294218 -8.19286e-05 5.1665e-06 -0.000117877 1.16532e-05 6.43595e-06 3.53905e-05 -2.04108e-05 -4.84832e-06 -1.72258e-05
internal_weight=2213 115 2098 53 64 62 2034 101 1933 1898 913 985 894 853
internal_count=2213 115 2098 53 64 62 2034 101 1933 1898 913 985 894 853
is_linear=0
shrinkage=0.03


Tree=383
num_leaves=15
num_cat=0
split_feature=6 18 17 18 16 17 18 17 14 12 17 12 14 11
split_gain=0.00221673 0.0076587 0.00439541 0.00331327 0.00371232 0.00506109 0.00440865 0.00300384 0.0031023 0.00349483 0.00293153 0.00388637 0.00290668 0.00327869
threshold=1.5000000000000002 68.291666666666671 20.028551049510906 86.291666666666671 80.619047619047635 17.25301905947671 77.375000000000014 17.904508610163671 89.500000000000014 86.500000000000014 15.371587890836713 58.500000000000007 107.50000000000001 102.50000000000001
decision_type=2 2 2 2 2 2 2 2 2 2 2 2 2 2
left_child=1 -1 3 4 6 -6 7 8 9 -2 -8 -12 13 -3
right_child=2 12 -4 -5 5 -7 10 -9 -10 -11 11 -13 -14 -15
leaf_value=0.00055719878780319753 -6.4404411543552035e-06 0.00011613739129793473 -0.00033798334278430586 -0.00023194174830917433 0.0002894765620699631 -6.0340609732800377e-05 -0.00038002389295434117 0.00018613814825165227 -0.0002144352777347686 0.00024787881993688639 -0.00041850426905931762 -1.1931013050185434e-05 -0.00011435045158149853 -6.555997010547711e-05
leaf_weight=25 1046 308 36 56 87 64 39 77 60 50 25 114 101 125
leaf_count=25 1046 308 36 56 87 64 39 77 60 50 25 114 101 125
internal_value=2.78131e-06 5.43738e-05 -1.46776e-05 -7.27987e-06 9.17829e-07 0.000141788 -1.42473e-05 5.94563e-06 -6.20732e-06 5.3771e-06 -0.000153375 -8.75227e-05 2.98358e-05 6.36541e-05
internal_weight=2213 559 1654 1618 1562 151 1411 1233 1156 1096 178 139 534 433
internal_count=2213 559 1654 1618 1562 151 1411 1233 1156 1096 178 139 534 433
is_linear=0
shrinkage=0.03


Tree=384
num_leaves=15
num_cat=0
split_feature=6 18 13 12 12 11 11 11 11 11 5 15 15 18
split_gain=0.00208843 0.0072243 0.00484195 0.00276977 0.00281438 0.00295917 0.00404828 0.00277966 0.0040149 0.00319202 0.00433305 0.00300866 0.00704479 0.00237401
threshold=1.5000000000000002 68.291666666666671 1.0000000180025095e-35 107.50000000000001 94.500000000000014 70.500000000000014 82.500000000000014 107.50000000000001 117.50000000000001 92.500000000000014 32.500000000000007 79.166666666666671 75.166666666666671 85.375000000000014
decision_type=2 2 2 2 2 2 2 2 2 2 2 2 2 2
left_child=1 -1 -2 4 7 -6 -7 9 -9 11 -11 12 -3 -4
right_child=2 3 13 -5 5 6 -8 8 -10 10 -12 -13 -14 -15
leaf_value=0.00054112574466181772 -0.00036856717111624995 -4.6411891679391761e-05 1.227801687761148e-06 -0.00011807407191449065 -8.7078425203799263e-05 0.00055715514133407849 0.00012220476111427783 -0.00034269674337559901 0.0001200065653819334 5.2443981995171301e-05 0.00051129480044092538 -0.0001584340265133954 0.00051099190902378824 -0.0001705134574723687
leaf_weight=25 33 83 1546 94 26 29 56 40 28 52 28 72 26 75
leaf_count=25 33 83 1546 94 26 29 56 40 28 52 28 72 26 75
internal_value=2.69185e-06 5.2769e-05 -1.42543e-05 2.89371e-05 6.05406e-05 0.000190439 0.000275353 1.62703e-05 -0.000153194 6.08381e-05 0.000217371 -9.1621e-06 8.99835e-05 -6.8185e-06
internal_weight=2213 559 1654 534 440 111 85 329 68 261 80 181 109 1621
internal_count=2213 559 1654 534 440 111 85 329 68 261 80 181 109 1621
is_linear=0
shrinkage=0.03


Tree=385
num_leaves=15
num_cat=0
split_feature=4 5 0 18 16 14 0 4 14 17 0 16 11 5
split_gain=0.0020716 0.00749964 0.00614771 0.00508128 0.00503856 0.00314738 0.00434106 0.00433472 0.0036536 0.00285178 0.00277169 0.00330042 0.00264705 0.00257542
threshold=1.5000000000000002 32.500000000000007 1.5000000000000002 57.375000000000007 53.071428571428577 46.500000000000007 3.5000000000000004 2.5000000000000004 89.500000000000014 14.089763163171094 4.5000000000000009 63.357142857142868 67.500000000000014 31.500000000000004
decision_type=2 2 2 2 2 2 2 2 2 2 2 2 2 2
left_child=4 3 9 -2 -1 12 7 -7 -8 -3 11 -4 -5 -6
right_child=1 2 10 5 13 6 8 -9 -10 -11 -12 -13 -14 -15
leaf_value=0.00040643945493502539 0.00023234949891533081 -0.00025640868909058078 0.00015014745314588903 -0.00043430505630870657 -5.3047551175853272e-05 0.00021552176123723052 1.5868291622257769e-07 -9.7763600550886045e-05 -0.00028098191946475328 -0.00064610634626520685 -0.00022032666105413425 -0.00015734342549158579 -4.6512051980243993e-05 3.8754055864945206e-05
leaf_weight=29 89 56 69 26 379 132 154 56 56 25 72 56 39 995
leaf_count=29 89 56 69 26 379 132 154 56 56 25 72 56 39 995
internal_value=-4.01421e-07 -3.79434e-05 -0.000164717 2.60854e-05 2.18192e-05 -1.39789e-05 1.77957e-05 0.000122179 -7.57885e-05 -0.000383098 -7.34449e-05 1.22361e-05 -0.000205859 1.34116e-05
internal_weight=2233 830 278 552 1403 463 398 188 210 81 197 125 65 1374
internal_count=2233 830 278 552 1403 463 398 188 210 81 197 125 65 1374
is_linear=0
shrinkage=0.03


Tree=386
num_leaves=15
num_cat=0
split_feature=4 5 0 18 16 13 0 16 0 16 18 6 5 16
split_gain=0.00195348 0.00706398 0.00579579 0.00478574 0.0047509 0.004561 0.00260994 0.00310843 0.00249775 0.00359351 0.00437576 0.00249051 0.00242351 0.0057601
threshold=1.5000000000000002 32.500000000000007 1.5000000000000002 57.375000000000007 53.071428571428577 44.500000000000007 4.5000000000000009 63.357142857142868 4.5000000000000009 62.071428571428577 73.875000000000014 2.5000000000000004 31.500000000000004 72.309523809523824
decision_type=2 2 2 2 2 2 2 2 2 2 2 2 2 2
left_child=4 3 -3 -2 -1 -5 7 -4 9 -7 -11 -8 13 -6
right_child=1 2 6 5 12 8 11 -9 -10 10 -12 -13 -14 -15
leaf_value=0.0003946527202206198 0.00022545646532671525 -0.00037193553706257681 0.00014570738000994814 -0.0003651313308354944 7.7290254379963586e-05 -0.00025746512625181788 -4.8854839908017312e-05 -0.00015270593352493289 -9.451286814470408e-05 0.00025415800401064261 2.979106505130918e-06 -0.00040158080128843292 3.7592602055550496e-05 -0.00015717149286606247
leaf_weight=29 89 81 69 30 171 28 39 56 136 97 172 33 995 208
leaf_count=29 89 81 69 30 171 28 39 56 136 97 172 33 995 208
internal_value=-4.04813e-07 -3.68607e-05 -0.000159897 2.52805e-05 2.1173e-05 -1.36012e-05 -7.12761e-05 1.18673e-05 1.15394e-05 6.02563e-05 9.41588e-05 -0.000213807 1.3009e-05 -5.14603e-05
internal_weight=2233 830 278 552 1403 463 197 125 433 297 269 72 1374 379
internal_count=2233 830 278 552 1403 463 197 125 433 297 269 72 1374 379
is_linear=0
shrinkage=0.03


Tree=387
num_leaves=15
num_cat=0
split_feature=18 2 13 12 16 16 17 11 18 13 12 12 0 13
split_gain=0.00184838 0.0051176 0.00543712 0.00462568 0.00431482 0.00321271 0.00273824 0.00255061 0.00263833 0.00472125 0.00248054 0.00244548 0.00288521 0.00236835
threshold=59.875000000000007 1.0000000180025095e-35 43.500000000000007 44.500000000000007 58.226190476190482 59.500000000000007 14.455185261780128 46.500000000000007 68.291666666666671 47.500000000000007 52.500000000000007 72.500000000000014 1.0000000180025095e-35 76.500000000000014
decision_type=2 2 2 2 2 2 2 2 2 2 2 2 2 2
left_child=1 4 -3 -2 -1 -5 -6 -7 9 -9 13 -12 -13 -10
right_child=3 2 -4 5 6 7 -8 8 10 -11 11 12 -14 -15
leaf_value=-7.3403122959647159e-05 -0.0003326154575042892 0.0006212971373371636 0.00010794851365276639 -0.00027565260258807729 0.00026571254353129146 -0.00026567717935904511 -5.7101781518819428e-05 -0.00018788442493167587 -4.9622503057536149e-07 0.00012137652957282224 5.6420119636752536e-05 0.0001114187878115987 -5.3241861021140746e-05 -0.00039170793094672258
leaf_weight=225 39 25 67 38 70 31 35 51 26 307 391 108 791 29
leaf_count=225 39 25 67 38 70 31 35 51 26 307 391 108 791 29
internal_value=-4.02224e-07 5.60639e-05 0.000252626 -1.35837e-05 6.67132e-07 -6.37845e-06 0.000158584 -3.21927e-07 4.66146e-06 7.69192e-05 -1.46143e-05 -6.1241e-06 -3.33588e-05 -0.000210083
internal_weight=2233 422 92 1811 330 1772 105 1734 1703 358 1345 1290 899 55
internal_count=2233 422 92 1811 330 1772 105 1734 1703 358 1345 1290 899 55
is_linear=0
shrinkage=0.03


Tree=388
num_leaves=15
num_cat=0
split_feature=4 2 16 18 7 15 16 14 11 19 16 6 14 16
split_gain=0.0018219 0.00564285 0.0044401 0.00388624 0.0030859 0.00349415 0.0029402 0.00371187 0.00237716 0.00229271 0.00538732 0.00817617 0.00343391 0.00336242
threshold=1.5000000000000002 1.0000000180025095e-35 53.071428571428577 74.875000000000014 11.000000000000002 79.833333333333357 56.357142857142868 40.500000000000007 77.500000000000014 1.0000000180025095e-35 72.154761904761912 3.5000000000000004 45.500000000000007 68.928571428571445
decision_type=2 2 2 2 2 2 2 2 2 2 2 2 2 2
left_child=2 3 -1 8 -5 -6 -3 -8 -2 10 11 13 -11 -4
right_child=1 6 9 4 5 -7 7 -9 -10 12 -12 -13 -14 -15
leaf_value=0.00038150026675430127 -8.6012814349361967e-05 0.00035926239500339659 0.00051258978424205751 -0.00050524193522184812 9.600211677526862e-05 -0.00037523281128025183 -0.00021016266062360954 7.6595430221476697e-05 0.00014538434430141933 -0.00021971227387742451 -0.00014811813186166496 -0.00012567218880662147 4.8532955007610762e-05 0.00011804334252762297
leaf_weight=29 361 26 35 33 28 27 47 264 44 44 216 84 951 44
leaf_count=29 361 26 35 33 28 27 47 264 44 44 216 84 951 44
internal_value=-3.94906e-07 -3.56016e-05 2.04435e-05 -0.000100192 -0.000279783 -0.000137901 5.89055e-05 3.27243e-05 -6.05772e-05 1.25511e-05 -5.01542e-05 7.97747e-05 3.64622e-05 0.000297065
internal_weight=2233 830 1403 493 88 55 337 311 405 1374 379 163 995 79
internal_count=2233 830 1403 493 88 55 337 311 405 1374 379 163 995 79
is_linear=0
shrinkage=0.03


Tree=389
num_leaves=15
num_cat=0
split_feature=18 2 13 12 16 16 17 11 18 13 12 15 12 0
split_gain=0.00174258 0.00468756 0.00505463 0.00434545 0.00404199 0.00300423 0.00260673 0.00239997 0.00245048 0.00437419 0.0023689 0.00299908 0.00228229 0.00268429
threshold=59.875000000000007 1.0000000180025095e-35 43.500000000000007 44.500000000000007 58.226190476190482 59.500000000000007 14.455185261780128 46.500000000000007 68.291666666666671 47.500000000000007 52.500000000000007 69.833333333333357 72.500000000000014 1.0000000180025095e-35
decision_type=2 2 2 2 2 2 2 2 2 2 2 2 2 2
left_child=1 4 -3 -2 -1 -5 -6 -7 9 -9 11 -10 -12 -14
right_child=3 2 -4 5 6 7 -8 8 10 -11 12 -13 13 -15
leaf_value=-7.0269132475729254e-05 -0.00032239787091384639 0.00059802543472659844 0.00010308843652156236 -0.00026658806723739523 0.00025878949333506994 -0.00025774064413781162 -5.6167706788983195e-05 -0.00018075435412846184 6.5132062882184978e-06 0.00011692333488808091 5.463463740180923e-05 -0.00043263398343697186 0.0001075482477835559 -5.1275269628635296e-05
leaf_weight=225 39 25 67 38 70 31 35 51 29 307 391 26 108 791
leaf_count=225 39 25 67 38 70 31 35 51 29 307 391 26 108 791
internal_value=-3.82149e-07 5.44441e-05 0.000242566 -1.31808e-05 1.42354e-06 -6.19722e-06 0.000154264 -3.40483e-07 4.49352e-06 7.41314e-05 -1.40834e-05 -0.000205102 -5.78658e-06 -3.20969e-05
internal_weight=2233 422 92 1811 330 1772 105 1734 1703 358 1345 55 1290 899
internal_count=2233 422 92 1811 330 1772 105 1734 1703 358 1345 55 1290 899
is_linear=0
shrinkage=0.03


Tree=390
num_leaves=15
num_cat=0
split_feature=18 12 14 13 14 13 13 15 16 18 17 13 18 11
split_gain=0.00361567 0.00657267 0.00429832 0.00306367 0.00311057 0.00317911 0.00247481 0.00437725 0.00389637 0.00363805 0.00345254 0.00279506 0.00351826 0.00343284
threshold=58.583333333333336 44.500000000000007 36.500000000000007 63.500000000000007 49.500000000000007 65.500000000000014 55.500000000000007 80.833333333333357 68.309523809523824 70.125000000000014 17.062203553164412 51.500000000000007 74.125000000000014 73.500000000000014
decision_type=2 2 2 2 2 2 2 2 2 2 2 2 2 2
left_child=2 -2 -1 6 -5 -6 8 9 -3 -8 -11 -10 13 -13
right_child=1 3 -4 4 5 -7 7 -9 11 10 -12 12 -14 -15
leaf_value=0.00042637111052059597 -0.00034853160198298816 0.00010700400092574198 5.6124726767808647e-05 -0.00017474796926097308 -0.00025766413129105708 -5.7376957040825194e-06 -9.3175968370185446e-05 -9.1119970684818365e-05 -0.00031360629878557719 0.00049007460256107142 0.00015132462965127723 -0.00012942476723823816 -0.00021402109018638909 0.00028974584915686575
leaf_weight=30 51 166 321 122 46 1106 25 52 40 49 62 30 51 40
leaf_count=30 51 166 321 122 46 1106 25 52 40 49 62 30 51 40
internal_value=7.96329e-07 -1.60479e-05 8.88911e-05 -6.38015e-06 -3.13379e-05 -1.6012e-05 5.53011e-05 0.000141721 5.33575e-06 0.000230764 0.000303903 -9.95034e-05 -2.67351e-05 0.000110809
internal_weight=2191 1840 351 1789 1274 1152 515 188 327 136 111 161 121 70
internal_count=2191 1840 351 1789 1274 1152 515 188 327 136 111 161 121 70
is_linear=0
shrinkage=0.03


Tree=391
num_leaves=15
num_cat=0
split_feature=18 11 14 11 14 11 12 16 11 12 0 16 12 12
split_gain=0.00342266 0.00640975 0.00470607 0.00360966 0.00336908 0.00263487 0.00256786 0.00679625 0.00249177 0.00259742 0.00244767 0.00265086 0.0065699 0.00362744
threshold=59.125000000000007 44.500000000000007 51.500000000000007 43.500000000000007 45.500000000000007 41.500000000000007 51.500000000000007 71.928571428571445 50.500000000000007 64.500000000000014 1.0000000180025095e-35 62.619047619047628 74.500000000000014 72.500000000000014
decision_type=2 2 2 2 2 2 2 2 2 2 2 2 2 2
left_child=2 -2 3 -1 -5 -4 7 -3 9 -7 -8 12 -12 -13
right_child=1 6 5 4 -6 8 10 -9 -10 -11 11 13 -14 -15
leaf_value=0.00042475542288229913 -0.00043092355005104431 -3.9026975440499846e-05 -0.00018655142789198592 -1.5456382673837136e-05 0.00032420608314818566 2.3075703277506613e-05 0.00010436584357318535 -0.00055485213964453172 -2.8791744590926709e-05 0.00041949585645592634 -0.00038577582076541146 7.0941486686327453e-05 0.0001897632489895581 -3.4950141064075815e-05
leaf_weight=47 32 156 54 70 41 32 189 26 118 27 49 431 27 892
leaf_count=47 32 156 54 70 41 32 189 26 118 27 49 431 27 892
internal_value=7.70969e-07 -1.66602e-05 8.13547e-05 0.000206965 0.000111779 -5.0826e-06 -8.93162e-06 -0.000115346 5.10178e-05 0.000208456 3.32935e-06 -1.03851e-05 -0.000181499 -4.25796e-07
internal_weight=2191 1802 389 158 111 231 1770 182 177 59 1588 1399 76 1323
internal_count=2191 1802 389 158 111 231 1770 182 177 59 1588 1399 76 1323
is_linear=0
shrinkage=0.03


Tree=392
num_leaves=15
num_cat=0
split_feature=18 11 1 11 12 15 13 11 15 12 13 13 15 18
split_gain=0.00322661 0.00604216 0.00277152 0.00373667 0.00296555 0.0033387 0.00283524 0.00304076 0.00269233 0.00249343 0.00279151 0.00350742 0.00512095 0.00330556
threshold=59.125000000000007 44.500000000000007 1.0000000180025095e-35 48.500000000000007 61.500000000000007 56.833333333333336 50.500000000000007 41.500000000000007 52.500000000000007 44.500000000000007 63.500000000000007 55.500000000000007 80.833333333333357 74.125000000000014
decision_type=2 2 2 2 2 2 2 2 2 2 2 2 2 2
left_child=2 -2 3 6 5 8 -1 -8 -5 -3 11 13 -13 -11
right_child=1 9 -4 4 -6 -7 7 -9 -10 10 -12 12 -14 -15
leaf_value=0.00048661930900306211 -0.00041838760371319949 -0.00025579579266680715 -2.4245389686535528e-05 0.00020334615102249451 -0.00018996200000401587 0.00038005910569711797 -6.3462963962592769e-05 0.00032852528486883537 -0.00016705112743932804 4.3448230039541074e-05 -2.7416949817043467e-05 0.00026337487328503833 -8.7882373932274586e-05 -0.00020432058454116484
leaf_weight=36 32 35 146 32 37 30 31 40 37 251 1245 128 52 59
leaf_count=36 32 35 146 32 37 30 31 40 37 251 1245 128 52 59
internal_value=7.46201e-07 -1.61784e-05 7.8988e-05 0.000140858 3.59544e-05 0.000121443 0.000272626 0.000158871 5.17829e-06 -8.67468e-06 -3.54505e-06 5.70414e-05 0.000161976 -4.21312e-06
internal_weight=2191 1802 389 243 136 99 107 71 69 1770 1735 490 180 310
internal_count=2191 1802 389 243 136 99 107 71 69 1770 1735 490 180 310
is_linear=0
shrinkage=0.03


Tree=393
num_leaves=15
num_cat=0
split_feature=4 18 13 12 18 18 13 11 11 12 13 13 16 18
split_gain=0.00316974 0.00308392 0.00645249 0.00290121 0.00220294 0.00409721 0.00376622 0.00257839 0.00229097 0.00381062 0.00256574 0.00459846 0.00468928 0.00455881
threshold=2.5000000000000004 51.583333333333336 45.500000000000007 41.500000000000007 61.291666666666679 62.875000000000007 41.500000000000007 41.500000000000007 55.500000000000007 80.500000000000014 60.500000000000007 55.500000000000007 75.928571428571445 66.875000000000014
decision_type=2 2 2 2 2 2 2 2 2 2 2 2 2 2
left_child=1 2 -1 -3 6 -6 -5 -8 9 -7 11 13 -13 -10
right_child=-2 3 -4 4 5 8 7 -9 10 -11 -12 12 -14 -15
leaf_value=0.00042548617850115991 -0.00012175003298138367 -0.00023804788232320622 -4.9707410533821012e-05 -0.00023432882163433531 -0.00024256944747841249 9.5824761518770168e-06 -0.00015227864967268291 0.00015336831400660314 0.00022561409845366141 -0.00026117727455818345 -3.9195965760616047e-06 0.00061058102749834346 0.00013756376172077827 -8.169161785216212e-05
leaf_weight=47 174 43 55 29 62 127 27 232 62 73 1024 25 72 139
leaf_count=47 174 43 55 29 62 127 27 232 62 73 1024 25 72 139
internal_value=7.27468e-07 1.13483e-05 0.000171259 2.7459e-06 8.40109e-06 -5.49268e-06 8.45715e-05 0.000121042 4.31778e-06 -9.00525e-05 1.8652e-05 9.5967e-05 0.000264462 1.37468e-05
internal_weight=2191 2017 102 1915 1872 1584 288 259 1522 200 1322 298 97 201
internal_count=2191 2017 102 1915 1872 1584 288 259 1522 200 1322 298 97 201
is_linear=0
shrinkage=0.03


Tree=394
num_leaves=15
num_cat=0
split_feature=4 13 0 4 4 18 18 11 13 13 17 13 16 13
split_gain=0.00298357 0.00301675 0.00204258 0.00241231 0.00253125 0.00203254 0.00139715 0.0023066 0.00135683 0.00500964 0.0086306 0.00410128 0.00551823 0.00332593
threshold=2.5000000000000004 35.000000000000007 1.0000000180025095e-35 1.0000000180025095e-35 1.5000000000000002 58.291666666666679 74.125000000000014 71.500000000000014 71.500000000000014 74.500000000000014 16.00527693005111 69.500000000000014 85.928571428571445 67.500000000000014
decision_type=2 2 2 2 2 2 2 2 2 2 2 2 2 2
left_child=1 -1 3 -3 6 -2 7 -5 11 10 -10 12 13 -4
right_child=5 2 8 4 -6 -7 -8 -9 9 -11 -12 -13 -14 -15
leaf_value=0.00025960157306250292 6.2529362581107144e-05 0.00031211889635111823 3.7806574759238545e-05 3.2966158999116949e-05 0.00018510867055178656 -0.00017563521340677578 9.1927723690819865e-05 -0.00026949972760485248 -0.00056007729994598772 -1.1695530281556053e-05 0.00013761475121201429 0.00024675219803231894 -0.00032821959182403459 -0.00024387997082521903
leaf_weight=42 42 35 664 52 77 132 55 39 39 841 26 66 42 39
leaf_count=42 42 35 664 52 77 132 55 39 39 841 26 66 42 39
internal_value=7.08062e-07 1.10123e-05 5.59713e-06 8.4131e-05 4.71145e-05 -0.000118118 -2.64274e-05 -9.81824e-05 -6.24564e-06 -3.1461e-05 -0.000283144 2.19275e-05 1.70607e-06 2.18554e-05
internal_weight=2191 2017 1975 258 223 174 146 91 1717 906 65 811 745 703
internal_count=2191 2017 1975 258 223 174 146 91 1717 906 65 811 745 703
is_linear=0
shrinkage=0.03


Tree=395
num_leaves=15
num_cat=0
split_feature=6 15 16 2 14 16 11 11 0 16 5 16 5 11
split_gain=0.00203254 0.00762858 0.00326324 0.00571313 0.00490596 0.00311347 0.0030413 0.0051483 0.00492907 0.00329731 0.00315312 0.00277719 0.00316439 0.00282411
threshold=1.5000000000000002 65.833333333333357 80.619047619047635 1.0000000180025095e-35 62.500000000000007 86.928571428571445 107.50000000000001 111.50000000000001 1.5000000000000002 88.928571428571445 32.500000000000007 83.464285714285737 32.500000000000007 89.500000000000014
decision_type=2 2 2 2 2 2 2 2 2 2 2 2 2 2
left_child=1 -1 3 -3 -4 11 8 -8 -6 10 -10 13 -13 -2
right_child=5 2 4 -5 6 -7 7 -9 9 -11 -12 12 -14 -15
leaf_value=0.0005579109309026255 8.014757746927555e-07 3.9487986462063412e-05 -0.00040104095267856285 0.00048376500606536863 0.00030972918966469125 -0.00031278199845110065 -0.00044783220874265793 2.6558853939692902e-05 -0.00034743353840894998 8.2236550963968449e-05 3.3271522428549355e-05 0.0003937089199726787 -3.1045672292220251e-05 -0.00013645506966718465
leaf_weight=25 1427 95 26 35 58 29 30 61 38 155 39 32 30 148
leaf_count=25 1427 95 26 35 58 29 30 61 38 155 39 32 30 148
internal_value=6.7254e-06 5.60066e-05 3.16469e-05 0.000161881 -1.0246e-05 -9.92248e-06 1.74024e-05 -0.000133002 6.4893e-05 2.6174e-06 -0.000156654 -4.36955e-06 0.000190952 -1.21747e-05
internal_weight=2228 562 537 130 407 1666 381 91 290 232 77 1637 62 1575
internal_count=2228 562 537 130 407 1666 381 91 290 232 77 1637 62 1575
is_linear=0
shrinkage=0.03


Tree=396
num_leaves=15
num_cat=0
split_feature=6 18 16 16 2 14 11 11 14 16 11 11 11 16
split_gain=0.00191358 0.00688859 0.00293568 0.00278918 0.00504948 0.00468939 0.00297236 0.00485343 0.00312277 0.00461095 0.00367332 0.00375054 0.00311028 0.00261771
threshold=1.5000000000000002 68.583333333333357 86.928571428571445 80.619047619047635 1.0000000180025095e-35 62.500000000000007 107.50000000000001 111.50000000000001 76.500000000000014 90.785714285714292 66.500000000000014 76.500000000000014 98.500000000000014 83.464285714285737
decision_type=2 2 2 2 2 2 2 2 2 2 2 2 2 2
left_child=1 -1 13 4 -3 -5 8 -8 9 -7 -10 -12 -13 -2
right_child=2 3 -4 5 -6 6 7 -9 10 -11 11 12 -14 -15
leaf_value=0.00053128774286261221 -1.1812023078388113e-05 3.8298418694466818e-05 -0.00030371131564606909 -0.00038945532530002913 0.00046029254564616291 0.00044840684526872523 -0.00043483062783413899 2.577493711449337e-05 -0.00025034066972538555 1.1415084229029584e-06 0.00031201716495810869 -0.00013817334411693369 0.00015961343374834135 0.00018539617320389618
leaf_weight=25 1575 95 29 26 34 40 30 61 40 42 41 75 53 62
leaf_count=25 1575 95 29 26 34 40 30 61 40 42 41 75 53 62
internal_value=6.52701e-06 5.43443e-05 -9.62635e-06 3.1194e-05 0.000152207 -7.34603e-06 1.96104e-05 -0.000129149 6.64126e-05 0.000222094 4.56526e-06 6.60157e-05 -1.45895e-05 -4.2343e-06
internal_weight=2228 562 1666 537 129 408 382 91 291 82 209 169 128 1637
internal_count=2228 562 1666 537 129 408 382 91 291 82 209 169 128 1637
is_linear=0
shrinkage=0.03


Tree=397
num_leaves=15
num_cat=0
split_feature=15 15 13 6 15 17 13 18 18 16 18 0 17 17
split_gain=0.00185906 0.00285127 0.00344749 0.00204502 0.00346423 0.00308561 0.0024213 0.00233917 0.00223425 0.0021732 0.00393966 0.00303626 0.0024057 0.00222324
threshold=52.500000000000007 50.500000000000007 45.500000000000007 3.5000000000000004 60.833333333333336 12.742877948736886 46.500000000000007 52.625000000000007 69.125000000000014 63.154761904761912 58.583333333333336 1.5000000000000002 13.692629223385604 13.34701678813841
decision_type=2 2 2 2 2 2 2 2 2 2 2 2 2 2
left_child=1 2 -1 4 5 -2 -6 -5 9 10 11 -9 -12 -11
right_child=3 -3 -4 7 6 -7 -8 8 -10 13 12 -13 -14 -15
leaf_value=0.00017923925176546618 0.00042454817618818195 0.0003171710384568931 -0.00014311815946712158 -0.00028549776211500436 -0.00020336813633039125 7.3425817268177025e-05 8.8446350208367876e-06 0.00029607901694752008 -0.00030651635723188519 0.00022365407451746121 -0.00030342762333876791 -4.9890787658196958e-05 -4.6312868174237124e-05 -3.5654294172218216e-05
leaf_weight=63 31 41 55 37 49 78 1501 34 25 55 67 65 64 63
leaf_count=63 31 41 55 37 49 78 1501 34 25 55 67 65 64 63
internal_value=6.33973e-06 0.000104862 2.90479e-05 -1.27856e-06 1.35557e-05 0.000176238 2.00918e-06 -6.11898e-05 -3.82356e-05 -1.81395e-05 -7.17465e-05 7.06997e-05 -0.000179117 8.60736e-05
internal_weight=2228 159 118 2069 1659 109 1550 410 373 348 230 99 131 118
internal_count=2228 159 118 2069 1659 109 1550 410 373 348 230 99 131 118
is_linear=0
shrinkage=0.03


Tree=398
num_leaves=15
num_cat=0
split_feature=6 15 16 13 14 16 11 11 11 0 18 18 16 5
split_gain=0.00179389 0.00691108 0.00288897 0.00530029 0.00318652 0.00274957 0.00249275 0.00468702 0.00372746 0.00268016 0.00439478 0.00263172 0.00246544 0.0029879
threshold=1.5000000000000002 65.833333333333357 82.071428571428584 93.500000000000014 63.500000000000007 86.928571428571445 107.50000000000001 111.50000000000001 66.500000000000014 4.5000000000000009 86.625000000000014 90.291666666666671 83.464285714285737 32.500000000000007
decision_type=2 2 2 2 2 2 2 2 2 2 2 2 2 2
left_child=1 -1 3 -3 -4 12 8 -8 -6 10 -10 -12 -2 -14
right_child=5 2 4 -5 6 -7 7 -9 9 -11 11 -13 13 -15
leaf_value=0.00053016610040615962 -1.162385980931014e-05 5.6814372844394812e-05 -0.00032189769378289515 0.00052230809220216341 -0.00018212552462723485 -0.00029409912231494672 -0.00043287403543945403 2.4753105622993087e-05 0.000477816321183448 -4.6991229952562232e-05 -0.00016033375768466642 0.00016673756834107304 0.00037679784624329343 -3.5783599953227228e-05
leaf_weight=25 1575 121 27 26 48 29 29 61 33 70 28 94 32 30
leaf_count=25 1575 121 27 26 48 29 29 61 33 70 28 94 32 30
internal_value=6.15155e-06 5.24493e-05 2.92651e-05 0.000142119 -1.3527e-05 -9.48839e-06 1.0231e-05 -0.000125841 5.53855e-05 0.000106636 0.000175873 9.09788e-05 -4.26994e-06 0.000179762
internal_weight=2228 562 537 147 390 1666 363 90 273 225 155 122 1637 62
internal_count=2228 562 537 147 390 1666 363 90 273 225 155 122 1637 62
is_linear=0
shrinkage=0.03


Tree=399
num_leaves=15
num_cat=0
split_feature=15 14 11 11 12 15 14 13 4 5 7 11 15 12
split_gain=0.00175951 0.00435792 0.00322661 0.00301739 0.0023162 0.0031514 0.00450922 0.00487992 0.00386396 0.00481988 0.00297154 0.00289092 0.00251229 0.00316948
threshold=52.500000000000007 51.500000000000007 41.500000000000007 43.500000000000007 44.500000000000007 61.166666666666679 61.500000000000007 43.500000000000007 1.5000000000000002 32.500000000000007 11.000000000000002 45.500000000000007 62.416666666666679 60.500000000000007
decision_type=2 2 2 2 2 2 2 2 2 2 2 2 2 2
left_child=1 3 -2 -1 10 6 8 -8 9 -6 -4 -9 13 -7
right_child=2 -3 4 -5 5 12 7 11 -10 -11 -12 -13 -14 -15
leaf_value=0.00053421981037697858 -0.00028703566660780259 -2.740785598689399e-05 0.00010460654878988862 0.00011536014767793509 0.00011099174786876473 2.8880172982238805e-05 -0.00036430468636743687 -0.00017592742767495414 7.4202228761201759e-05 0.00066598109338883655 -0.00025953753028477958 0.00019229858451418199 2.5859440954262198e-06 -0.00044312607483544314
leaf_weight=26 34 95 29 38 26 25 27 26 60 31 62 66 1658 25
leaf_count=26 34 95 29 38 26 25 27 26 60 31 62 66 1658 25
internal_value=5.97602e-06 0.000101824 -1.4354e-06 0.000291123 3.47493e-06 1.04307e-05 0.000112945 -1.72214e-05 0.00024436 0.000419106 -0.000143616 8.7462e-05 -3.79187e-06 -0.000211184
internal_weight=2228 159 2069 64 2035 1944 236 119 117 57 91 92 1708 50
internal_count=2228 159 2069 64 2035 1944 236 119 117 57 91 92 1708 50
is_linear=0
shrinkage=0.03


Tree=400
num_leaves=15
num_cat=0
split_feature=16 12 2 6 4 5 15 18 16 4 15 11 0 18
split_gain=0.001857 0.0129566 0.00418668 0.0167083 0.00756807 0.00400157 0.00366854 0.00313533 0.00300859 0.004405 0.0038065 0.00293461 0.00364878 0.00377001
threshold=68.309523809523824 50.500000000000007 1.0000000180025095e-35 3.5000000000000004 2.5000000000000004 31.500000000000004 66.500000000000014 68.583333333333357 58.226190476190482 1.5000000000000002 52.500000000000007 50.500000000000007 5.5000000000000009 75.375000000000014
decision_type=2 2 2 2 2 2 2 2 2 2 2 2 2 2
left_child=2 -2 5 4 -4 -1 -5 8 10 -10 -7 -3 -13 -14
right_child=1 11 3 6 -6 7 -8 -9 9 -11 -12 12 13 -15
leaf_value=-0.00031726939283544192 -0.00060478700554727658 -0.00030470909153518732 0.00089429299300536509 3.9350592358036233e-05 0.00024365018120366393 7.808070787662209e-05 -0.00034132871005567719 -0.00021510352729819715 0.00018464335978864174 -3.1511164074166841e-05 -0.00016404491948399712 -2.3635136511167059e-05 0.00031053617450414181 9.8577132225631087e-06
leaf_weight=35 33 29 29 145 37 106 26 51 183 157 128 1105 62 93
leaf_count=35 33 29 29 145 37 106 26 51 183 157 128 1105 62 93
internal_value=-4.12428e-06 -2.67227e-05 2.91739e-05 0.000137045 0.000538619 -9.71048e-06 -2.01784e-05 7.99213e-06 2.81538e-05 8.50311e-05 -5.44985e-05 -1.14661e-05 -4.48062e-06 0.000131349
internal_weight=2219 1322 897 237 66 660 171 625 574 340 234 1289 1260 155
internal_count=2219 1322 897 237 66 660 171 625 574 340 234 1289 1260 155
is_linear=0
shrinkage=0.03


Tree=401
num_leaves=15
num_cat=0
split_feature=11 16 2 5 12 6 16 11 6 11 12 12 12 14
split_gain=0.00175959 0.00430581 0.00387675 0.00619391 0.00376776 0.00489976 0.00698916 0.00295607 0.00282644 0.00291991 0.00491419 0.00291944 0.0039994 0.00406441
threshold=62.500000000000007 81.357142857142875 1.0000000180025095e-35 31.500000000000004 89.500000000000014 3.5000000000000004 67.619047619047635 52.500000000000007 1.5000000000000002 76.500000000000014 106.50000000000001 41.500000000000007 62.500000000000007 78.500000000000014
decision_type=2 2 2 2 2 2 2 2 2 2 2 2 2 2
left_child=1 2 3 -1 5 6 -4 -8 9 10 -2 -10 13 -13
right_child=8 -3 4 -5 -6 -7 7 -9 11 -11 -12 12 -14 -15
leaf_value=-0.00041102424655400683 0.0003102805181406438 -0.00024407167202298294 0.00078451763301228103 3.2120949720654771e-05 -0.00016906416855312677 5.036479547460087e-05 -5.7586402231558723e-05 0.00036041878828607302 -0.00032333363507807783 -6.3253742111961086e-06 -9.9456765931724313e-05 8.6876325220454516e-05 -0.00010284753148270458 -0.00011302794112737894
leaf_weight=29 74 47 25 527 26 85 25 37 34 367 40 288 482 133
leaf_count=29 74 47 25 527 26 85 25 37 34 367 40 288 482 133
internal_value=-4.00382e-06 3.15168e-05 4.89959e-05 8.31083e-06 0.000162627 0.000213454 0.000370411 0.00019363 -2.40768e-05 3.49908e-05 0.000166898 -5.44035e-05 -4.39312e-05 2.36055e-05
internal_weight=2219 801 754 556 198 172 87 62 1418 481 114 937 903 421
internal_count=2219 801 754 556 198 172 87 62 1418 481 114 937 903 421
is_linear=0
shrinkage=0.03


Tree=402
num_leaves=15
num_cat=0
split_feature=18 12 12 6 2 18 4 12 16 12 7 17 4 16
split_gain=0.00177691 0.00539084 0.00435764 0.00407473 0.00468444 0.00516944 0.00504782 0.00402005 0.00373982 0.00333016 0.00301381 0.00275847 0.00353643 0.00389588
threshold=86.291666666666671 69.500000000000014 76.500000000000014 1.5000000000000002 1.0000000180025095e-35 79.291666666666671 2.5000000000000004 92.500000000000014 75.464285714285737 107.50000000000001 11.000000000000002 20.028551049510906 1.0000000180025095e-35 83.464285714285737
decision_type=2 2 2 2 2 2 2 2 2 2 2 2 2 2
left_child=3 -2 -3 4 5 8 -6 -4 -1 10 -9 12 -5 -14
right_child=1 2 7 11 6 -7 -8 9 -10 -11 -12 -13 13 -15
leaf_value=6.7542790826077433e-05 -0.00035737082173297071 0.00021357707181361886 -0.00029452114886800316 0.00012770365552167533 0.00057454697593736152 0.00024964402572672342 7.6476373270942033e-05 -6.5712270089499306e-05 -0.00026503983050740011 -0.00014479385844723449 0.00024814885702591894 -0.00029500302027008727 -2.6848896348643696e-05 0.00033703688965437727
leaf_weight=69 48 58 56 162 35 66 38 51 53 88 58 29 1382 26
leaf_count=69 48 58 56 162 35 66 38 51 53 88 58 29 1382 26
internal_value=-3.88239e-06 -6.48909e-05 -1.87486e-05 7.92146e-06 0.000117589 3.77883e-05 0.000319814 -7.26402e-05 -7.792e-05 -8.39853e-06 0.000102034 -1.00415e-05 -4.59346e-06 -1.9895e-05
internal_weight=2219 359 311 1860 261 188 73 253 122 197 109 1599 1570 1408
internal_count=2219 359 311 1860 261 188 73 253 122 197 109 1599 1570 1408
is_linear=0
shrinkage=0.03


Tree=403
num_leaves=15
num_cat=0
split_feature=17 12 6 4 16 15 16 17 18 16 0 17 18 13
split_gain=0.00176487 0.00381747 0.0037481 0.00867619 0.00371414 0.00193688 0.00272549 0.00315798 0.0036402 0.00264329 0.00219912 0.00184631 0.00198488 0.00173874
threshold=12.893889275369188 41.500000000000007 3.5000000000000004 1.5000000000000002 62.071428571428577 55.500000000000007 61.500000000000007 12.230913177185426 55.125000000000007 50.071428571428577 4.5000000000000009 13.237752650585497 60.125000000000007 65.500000000000014
decision_type=2 2 2 2 2 2 2 2 2 2 2 2 2 2
left_child=2 -2 3 -1 -5 9 7 8 -7 -4 -11 -3 13 -13
right_child=1 11 5 4 -6 6 -8 -9 -10 10 -12 12 -14 -15
leaf_value=0.00064585223553124168 -0.00032232992622690897 -0.00015299077812904634 -9.1660551227758968e-05 0.00023683873332313102 -0.00014663222688250242 -2.7437561463254191e-05 0.00010135575554644069 8.9543418079200714e-05 -0.00049174598747708223 0.00026969955424588517 -1.7403569476300615e-05 3.7185934343142438e-05 -1.2647077687147488e-05 0.00028502441602491622
leaf_weight=28 35 77 60 45 44 26 44 26 36 61 39 83 1579 36
leaf_count=28 35 77 60 45 44 26 44 26 36 61 39 83 1579 36
internal_value=-3.7599e-06 -1.64826e-05 5.24465e-05 0.000195134 4.77348e-05 -5.19726e-06 -8.99003e-05 -0.000185593 -0.000300562 6.48071e-05 0.000158666 -1.02737e-05 -3.71563e-06 0.000113913
internal_weight=2219 1810 409 117 89 292 132 88 62 160 100 1775 1698 119
internal_count=2219 1810 409 117 89 292 132 88 62 160 100 1775 1698 119
is_linear=0
shrinkage=0.03


Tree=404
num_leaves=15
num_cat=0
split_feature=0 0 16 13 14 12 12 17 12 17 13 17 11 11
split_gain=0.00172377 0.00459974 0.0029089 0.012394 0.00540291 0.0034486 0.00450125 0.0039673 0.005698 0.00362276 0.00325797 0.00422077 0.00298698 0.00319329
threshold=4.5000000000000009 5.5000000000000009 68.309523809523824 51.500000000000007 1.0000000180025095e-35 55.500000000000007 75.500000000000014 17.799143906646734 66.500000000000014 18.949175562838338 77.500000000000014 13.86499532052146 89.500000000000014 55.500000000000007
decision_type=2 2 2 2 2 2 2 2 2 2 2 2 2 2
left_child=2 -2 4 -4 -1 -5 7 -7 9 -9 -6 -12 13 -8
right_child=1 -3 3 5 10 6 12 8 -10 -11 11 -13 -14 -15
leaf_value=0.00039618836835072173 -0.00012751803689008839 3.2354459207774815e-05 -0.00053683441743487489 -0.00017340028922383982 1.2694371755567898e-05 0.00028620108068289773 -0.00017923838442967328 5.303683008241933e-05 0.00026377325366671098 -0.00034870447608252131 0.00050002716999733826 4.3522248863609998e-05 -0.00011371591729258194 6.4179570143353153e-05
leaf_weight=40 312 335 39 89 515 92 56 44 55 36 29 47 205 325
leaf_count=40 312 335 39 89 515 92 56 44 55 36 29 47 205 325
internal_value=-3.64166e-06 -4.4818e-05 1.33233e-05 -2.00917e-05 6.31074e-05 2.82064e-06 2.23011e-05 0.000135406 3.12933e-05 -0.00012982 3.99327e-05 0.000221947 -2.16687e-05 2.80261e-05
internal_weight=2219 647 1572 941 631 902 813 227 135 80 591 76 586 381
internal_count=2219 647 1572 941 631 902 813 227 135 80 591 76 586 381
is_linear=0
shrinkage=0.03


Tree=405
num_leaves=15
num_cat=0
split_feature=6 16 0 14 14 13 14 14 14 4 16 14 17 14
split_gain=0.00235754 0.00602721 0.00805652 0.00468546 0.0027094 0.00263521 0.00248414 0.00588105 0.00332033 0.00518821 0.00246021 0.00228819 0.00222925 0.00243734
threshold=1.5000000000000002 75.309523809523824 1.5000000000000002 62.500000000000007 65.500000000000014 36.500000000000007 89.500000000000014 90.500000000000014 87.500000000000014 1.0000000180025095e-35 58.928571428571438 55.500000000000007 18.924662669195914 100.50000000000001
decision_type=2 2 2 2 2 2 2 2 2 2 2 2 2 2
left_child=1 2 -1 -3 -5 10 8 -8 -7 -10 -2 -4 13 -9
right_child=5 3 11 4 -6 6 7 12 9 -11 -12 -13 -14 -15
leaf_value=-7.3737551691010586e-05 -1.809569586140032e-05 -0.00026767409782576352 0.00071386765171256323 0.00032219486167064286 2.1468879818787603e-05 -8.0752562539313077e-06 -0.0004646117142817405 -7.6835224834463458e-05 -5.2390909895621005e-05 0.0004995053189340979 -0.00043565904551472222 0.00029509354767819437 -0.00026079447176016398 0.00018948133338199112
leaf_weight=34 25 48 26 28 387 1357 34 86 31 29 25 25 31 47
leaf_count=34 25 48 26 28 387 1357 34 86 31 29 25 25 31 47
internal_value=-1.23215e-06 5.26841e-05 0.000283326 9.8223e-06 4.24846e-05 -1.89985e-05 -1.22859e-05 -0.00011154 1.65194e-06 0.000218175 -0.000231326 0.000518209 -3.59696e-05 1.79884e-05
internal_weight=2213 548 85 463 415 1665 1615 198 1417 60 50 51 164 133
internal_count=2213 548 85 463 415 1665 1615 198 1417 60 50 51 164 133
is_linear=0
shrinkage=0.03


Tree=406
num_leaves=15
num_cat=0
split_feature=6 13 14 12 12 13 15 0 11 14 14 14 4 11
split_gain=0.00222246 0.00510064 0.00543305 0.00313086 0.00335339 0.00252135 0.00413501 0.00290535 0.00280217 0.00299416 0.00554337 0.00270834 0.0048916 0.00252853
threshold=1.5000000000000002 61.500000000000007 77.500000000000014 107.50000000000001 105.50000000000001 41.500000000000007 54.583333333333336 4.5000000000000009 41.500000000000007 89.500000000000014 90.500000000000014 87.500000000000014 1.0000000180025095e-35 62.500000000000007
decision_type=2 2 2 2 2 2 2 2 2 2 2 2 2 2
left_child=1 2 -1 4 -3 6 7 -2 -7 11 -11 13 -13 -10
right_child=5 3 -4 -5 -6 8 -8 -9 9 10 -12 12 -14 -15
leaf_value=0.0005793721965528675 0.00015884039782395121 2.9099542858662584e-05 1.6836963120787854e-05 -0.00013924328742138207 0.00034950974724779372 -0.00019690008653389454 -0.0003783280970916773 -0.00023960412762660002 6.0018889379886334e-05 -0.00045107160279128167 -3.4917446869671534e-05 -5.0868298931163732e-05 0.00048501966870389879 -2.7826014523161768e-05
leaf_weight=31 39 365 30 91 31 67 44 27 488 34 164 31 29 742
leaf_count=31 39 365 30 91 31 67 44 27 488 34 164 31 29 742
internal_value=-1.18998e-06 5.11589e-05 0.000307449 1.84925e-05 5.49994e-05 -1.84399e-05 -0.000156577 -5.30298e-06 -8.57376e-06 3.25237e-08 -0.000108286 1.67291e-05 0.000211849 7.04672e-06
internal_weight=2213 548 61 487 396 1665 110 66 1555 1488 198 1290 60 1230
internal_count=2213 548 61 487 396 1665 110 66 1555 1488 198 1290 60 1230
is_linear=0
shrinkage=0.03


Tree=407
num_leaves=15
num_cat=0
split_feature=0 13 13 12 17 8 17 15 15 15 8 17 18 17
split_gain=0.00209938 0.00340761 0.00269277 0.00394037 0.00425932 0.0025541 0.00321813 0.00250028 0.00224169 0.00196029 0.00187616 0.00249297 0.00186088 0.0038973
threshold=4.5000000000000009 41.500000000000007 63.500000000000007 86.500000000000014 18.419709940325042 4.4000000000000012 14.008500820504624 46.500000000000007 102.16666666666669 77.833333333333357 5.8000000000000007 17.023792873784476 55.375000000000007 13.237752650585497
decision_type=2 2 2 2 2 2 2 2 2 2 2 2 2 2
left_child=7 -2 12 5 -5 6 -4 -1 -9 -8 -7 -12 -3 -14
right_child=1 2 3 4 -6 10 9 8 -10 -11 11 -13 13 -15
leaf_value=0.00029360833604030252 -0.00034360331673683088 -9.852666252429897e-05 -3.7786655056361964e-05 0.00035058604048875472 -7.6181763536570701e-05 1.655466338962543e-05 -0.00053800015425492476 1.869003505453901e-05 -0.00019622139922284985 -0.00017969851740277731 -0.00028471406226162797 2.2835344861960038e-05 0.00039380249789577312 3.0616785784855478e-05
leaf_weight=28 32 55 38 35 50 110 34 1494 44 25 59 39 32 138
leaf_count=28 32 55 38 35 50 110 34 1494 44 25 59 39 32 138
internal_value=-1.15212e-06 -4.65695e-05 -3.05814e-05 -7.8189e-05 0.000101579 -0.000128457 -0.000254856 1.763e-05 1.24182e-05 -0.000391703 -6.85735e-05 -0.000163328 5.19191e-05 0.000100884
internal_weight=2213 647 615 390 85 305 97 1566 1538 59 208 98 225 170
internal_count=2213 647 615 390 85 305 97 1566 1538 59 208 98 225 170
is_linear=0
shrinkage=0.03


Tree=408
num_leaves=15
num_cat=0
split_feature=6 16 12 14 14 12 15 14 14 14 4 11 16 7
split_gain=0.00209597 0.00550353 0.00482028 0.00442817 0.0025078 0.00237133 0.00306347 0.00234055 0.00518884 0.00285155 0.00460328 0.00217602 0.00201536 0.00382304
threshold=1.5000000000000002 75.309523809523824 57.500000000000007 62.500000000000007 65.500000000000014 41.500000000000007 54.583333333333336 89.500000000000014 90.500000000000014 87.500000000000014 1.0000000180025095e-35 88.500000000000014 88.928571428571445 14.500000000000002
decision_type=2 2 2 2 2 2 2 2 2 2 2 2 2 2
left_child=1 2 -1 -3 -5 6 -2 9 -9 -7 -11 -10 13 -6
right_child=5 3 -4 4 12 7 -8 8 11 10 -12 -13 -14 -15
leaf_value=0.00060263932158704852 -2.7271384661573739e-05 -0.00026101251609732717 0.00011596360418479889 0.00030961200879918861 3.9730992343098286e-05 -4.1439054747562128e-06 -0.00036711792720150414 -0.00043655022654898596 2.4469976062053236e-05 -4.9162494542542844e-05 0.00047069761907914657 -0.00023658830430822733 7.1733634584402793e-05 -0.00029130016401548813
leaf_weight=26 62 48 59 28 94 1307 38 34 128 31 29 36 247 46
leaf_count=26 62 48 59 28 94 1307 38 34 128 31 29 36 247 46
internal_value=-1.12606e-06 4.97113e-05 0.000270106 8.7552e-06 4.05097e-05 -1.78779e-05 -0.000158769 -8.77963e-06 -0.000104907 5.21016e-06 0.0002057 -3.39221e-05 2.0292e-05 -7.03309e-05
internal_weight=2213 548 85 463 415 1665 100 1565 198 1367 60 164 387 140
internal_count=2213 548 85 463 415 1665 100 1565 198 1367 60 164 387 140
is_linear=0
shrinkage=0.03


Tree=409
num_leaves=15
num_cat=0
split_feature=0 13 4 13 15 15 14 11 11 11 16 16 5 13
split_gain=0.00197778 0.00320856 0.00259523 0.00250174 0.00234273 0.00214564 0.00174135 0.001712 0.00594095 0.00573618 0.00351673 0.00343338 0.00215361 0.0021412
threshold=4.5000000000000009 41.500000000000007 1.5000000000000002 57.500000000000007 46.500000000000007 102.16666666666669 54.500000000000007 94.500000000000014 89.500000000000014 87.500000000000014 79.642857142857153 84.214285714285737 31.500000000000004 78.500000000000014
decision_type=2 2 2 2 2 2 2 2 2 2 2 2 2 2
left_child=4 -2 3 -3 -1 7 -5 8 9 -6 -9 -12 -10 -14
right_child=1 2 -4 6 5 -7 -8 10 12 -11 11 -13 13 -15
leaf_value=0.00028427945495109423 -0.00033340292940424248 0.00016776419432753292 -0.00011112483001527705 -0.00023081878680386581 9.8899912994321647e-06 -0.00019202832968585426 2.6533127557215749e-06 0.00030797647622266764 -0.00040789927814758437 0.0003352841058757108 -0.00015363686266698737 0.00012401009936487145 5.1544548659876451e-06 -0.00033403173529502684
leaf_weight=28 32 78 223 31 1111 44 283 52 33 50 60 116 47 25
leaf_count=28 32 78 223 31 1111 44 283 52 33 50 60 116 47 25
internal_value=-1.0928e-06 -4.51752e-05 -2.96611e-05 1.68466e-05 1.71373e-05 1.20923e-05 -2.10561e-05 1.82283e-05 4.57078e-06 2.418e-05 9.37122e-05 2.90245e-05 -0.000210434 -0.000115581
internal_weight=2213 647 615 392 1566 1538 314 1494 1266 1161 228 176 105 72
internal_count=2213 647 615 392 1566 1538 314 1494 1266 1161 228 176 105 72
is_linear=0
shrinkage=0.03


Tree=410
num_leaves=15
num_cat=0
split_feature=11 16 14 13 13 13 18 17 16 12 13 17 13 13
split_gain=0.00167293 0.00739161 0.00437725 0.00216882 0.00488389 0.00274171 0.00668794 0.00269077 0.00262538 0.00200033 0.00192564 0.00193327 0.00263852 0.00392019
threshold=43.500000000000007 58.773809523809533 54.500000000000007 89.500000000000014 90.500000000000014 86.500000000000014 76.375000000000014 21.92736928611237 77.071428571428584 57.500000000000007 100.50000000000001 21.600264548644518 117.50000000000001 107.50000000000001
decision_type=2 2 2 2 2 2 2 2 2 2 2 2 2 2
left_child=1 2 9 5 -5 7 -7 -2 -6 -1 -10 12 13 -12
right_child=3 -3 -4 4 8 6 -8 -9 10 -11 11 -13 -14 -15
leaf_value=0.00038256671672570519 3.8899815322260049e-06 -0.00049041258356095668 -0.00016255871526570239 -0.00035835376567055664 0.00014252070139870435 0.00053726859996283064 -9.6139831839536772e-07 0.00030078465561798244 -0.000146911869313974 2.6103723037522284e-05 9.3372581097622576e-05 -0.00014138863254303753 0.00032698893637503855 -0.00025075167148138353
leaf_weight=27 1463 33 61 42 71 30 63 27 132 29 108 66 25 40
leaf_count=27 1463 33 61 42 71 30 63 27 132 29 108 66 25 40
internal_value=-4.64767e-06 -0.000101044 1.20029e-05 2.39321e-06 -5.31166e-05 1.93881e-05 0.00017653 9.46808e-06 -2.33687e-05 0.000201666 -5.54135e-05 -4.47722e-06 4.82673e-05 -6.92666e-07
internal_weight=2217 150 117 2067 484 1583 93 1490 442 56 371 239 173 148
internal_count=2217 150 117 2067 484 1583 93 1490 442 56 371 239 173 148
is_linear=0
shrinkage=0.03


Tree=411
num_leaves=15
num_cat=0
split_feature=4 17 13 13 13 13 18 16 16 17 2 4 5 4
split_gain=0.00232377 0.00316082 0.00246494 0.00201185 0.00415595 0.00323515 0.00529345 0.00263247 0.00209116 0.00300425 0.00242566 0.00331439 0.0029704 0.00995703
threshold=2.5000000000000004 17.062203553164412 1.0000000180025095e-35 89.500000000000014 90.500000000000014 86.500000000000014 76.375000000000014 75.928571428571445 82.500000000000014 17.799143906646734 1.0000000180025095e-35 1.5000000000000002 32.500000000000007 1.5000000000000002
decision_type=2 2 2 2 2 2 2 2 2 2 2 2 2 2
left_child=2 -2 -1 5 -5 8 -7 -6 10 -10 12 -12 -4 -14
right_child=1 -3 3 4 7 6 -8 -9 9 -11 11 -13 13 -15
leaf_value=0.00026179117404601793 -3.6042291049872705e-05 -0.00032889873666466551 -0.00011036957570315432 -0.00034631231072125953 0.00018061163026965118 0.00053502755733851311 2.7759791399668234e-05 -5.2852846309489876e-05 0.00028674352519870311 2.2052272934230438e-05 5.7805595666256535e-06 0.00023754151495827849 9.1784417225171717e-05 -0.00013881241109201629
leaf_weight=32 136 43 285 39 48 27 55 385 54 130 193 77 442 271
leaf_count=32 136 43 285 39 48 27 55 385 54 130 193 77 442 271
internal_value=-4.50469e-06 -0.00010783 4.6189e-06 3.88057e-07 -5.37077e-05 1.7057e-05 0.000199221 -2.66157e-05 6.63953e-06 0.000100863 -7.10206e-06 7.2508e-05 -2.86909e-05 4.06656e-06
internal_weight=2217 179 2038 2006 472 1534 82 433 1452 184 1268 270 998 713
internal_count=2217 179 2038 2006 472 1534 82 433 1452 184 1268 270 998 713
is_linear=0
shrinkage=0.03


Tree=412
num_leaves=15
num_cat=0
split_feature=4 13 15 7 15 13 13 13 18 16 16 2 4 12
split_gain=0.00218947 0.00232341 0.0021822 0.00274834 0.00227554 0.00189475 0.00391712 0.00305032 0.00499192 0.0024794 0.00196937 0.00228378 0.00312102 0.00288992
threshold=2.5000000000000004 1.0000000180025095e-35 70.416666666666671 14.500000000000002 78.500000000000014 89.500000000000014 90.500000000000014 86.500000000000014 76.375000000000014 75.928571428571445 82.500000000000014 1.0000000180025095e-35 1.5000000000000002 90.500000000000014
decision_type=2 2 2 2 2 2 2 2 2 2 2 2 2 2
left_child=1 -1 3 -2 -4 7 -7 10 -9 -8 11 13 -13 -3
right_child=2 5 4 -5 -6 6 9 8 -10 -11 -12 12 -14 -15
leaf_value=0.00025417543355036866 7.4021100119836455e-05 -4.2745716671958213e-05 -0.00043843796278815716 -0.00021387222630437461 -4.8717979986507153e-05 -0.00033618267910787836 0.00017530386323080758 0.00051954997167091008 2.6941870569966598e-05 -5.1271366900239063e-05 9.7887639634545599e-05 5.608036170969237e-06 0.00023050663198004119 0.00014635150979762628
leaf_weight=32 78 920 29 47 25 39 48 27 55 385 184 193 77 78
leaf_count=32 78 920 29 47 25 39 48 27 55 385 184 193 77 78
internal_value=-4.36095e-06 4.49506e-06 -0.000104656 -3.50651e-05 -0.000262178 3.8746e-07 -5.21103e-05 1.6564e-05 0.000193448 -2.58084e-05 6.44849e-06 -6.88697e-06 7.03597e-05 -2.78349e-05
internal_weight=2217 2038 179 125 54 2006 472 1534 82 433 1452 1268 270 998
internal_count=2217 2038 179 125 54 2006 472 1534 82 433 1452 1268 270 998
is_linear=0
shrinkage=0.03


Tree=413
num_leaves=15
num_cat=0
split_feature=4 13 15 7 15 13 13 13 18 14 14 13 13 14
split_gain=0.00206473 0.00219 0.00205757 0.00258891 0.00214538 0.00178452 0.003692 0.00287601 0.00470757 0.00167588 0.00253068 0.00194272 0.00216169 0.00326351
threshold=2.5000000000000004 1.0000000180025095e-35 70.416666666666671 14.500000000000002 78.500000000000014 89.500000000000014 90.500000000000014 86.500000000000014 76.375000000000014 41.500000000000007 36.500000000000007 85.000000000000014 46.500000000000007 43.500000000000007
decision_type=2 2 2 2 2 2 2 2 2 2 2 2 2 2
left_child=1 -1 3 -2 -4 7 -7 9 -9 10 -3 12 -11 -14
right_child=2 5 4 -5 -6 6 -8 8 -10 11 -12 -13 13 -15
leaf_value=0.00024678123014217074 7.1828573672513509e-05 5.8007533901088334e-05 -0.00042572326119989155 -0.00020758972957992227 -4.7312663115847569e-05 -0.00032634933388908395 -2.5025602153786467e-05 0.00050452014023903756 2.6148051025042408e-05 -8.389654626807896e-05 -0.00025601719582202633 -0.00017698381687058945 0.00032501024765866423 2.6636974246165794e-05
leaf_weight=32 78 41 29 47 25 39 433 27 55 154 51 45 33 1128
leaf_count=32 78 41 29 47 25 39 433 27 55 154 51 45 33 1128
internal_value=-4.22472e-06 4.3753e-06 -0.00010162 -3.40464e-05 -0.000254579 3.87376e-07 -5.05604e-05 1.60864e-05 0.000187842 6.26407e-06 -0.000116952 1.46791e-05 2.13674e-05 3.53903e-05
internal_weight=2217 2038 179 125 54 2006 472 1534 82 1452 92 1360 1315 1161
internal_count=2217 2038 179 125 54 2006 472 1534 82 1452 92 1360 1315 1161
is_linear=0
shrinkage=0.03


Tree=414
num_leaves=15
num_cat=0
split_feature=4 17 14 16 14 17 14 12 6 14 17 14 12 15
split_gain=0.00194671 0.00290477 0.00209396 0.00824365 0.00346463 0.00171348 0.00364928 0.00234742 0.00163933 0.00286442 0.00144313 0.0013267 0.00269839 0.00322413
threshold=2.5000000000000004 17.062203553164412 33.500000000000007 70.928571428571445 41.500000000000007 12.058191919115247 51.500000000000007 44.500000000000007 3.5000000000000004 73.500000000000014 12.822597720936526 75.500000000000014 59.500000000000007 70.416666666666671
decision_type=2 2 2 2 2 2 2 2 2 2 2 2 2 2
left_child=2 8 3 -1 10 6 -6 -7 9 -2 -4 12 -9 -14
right_child=1 -3 4 -5 5 7 -8 11 -10 -11 -12 -13 13 -15
leaf_value=0.00039787043742835524 0.00017222566619928893 -0.00031058670148592101 -0.00037040129333974851 -0.00019840085258692852 0.00033830897757850057 -0.00017555685777156409 1.65118039935007e-05 0.00013305857282345338 -0.00016689169869641771 -0.00018515737453145124 -6.7360425871031899e-05 -2.2904461255697167e-05 -8.5097721107104003e-05 5.5070178663427782e-05
leaf_weight=49 57 43 30 35 41 68 130 179 49 30 27 857 239 383
leaf_count=49 57 43 30 35 41 68 130 179 49 30 27 857 239 383
internal_value=-4.1019e-06 -9.86733e-05 4.24873e-06 0.000150013 -2.09101e-06 4.88968e-06 9.51862e-05 -4.1062e-06 -2.98932e-05 4.82865e-05 -0.000230492 3.02713e-06 3.07656e-05 1.16131e-06
internal_weight=2217 179 2038 84 1954 1897 171 1726 136 87 57 1658 801 622
internal_count=2217 179 2038 84 1954 1897 171 1726 136 87 57 1658 801 622
is_linear=0
shrinkage=0.03


Tree=415
num_leaves=15
num_cat=0
split_feature=17 7 16 17 16 5 12 12 17 11 12 12 11 5
split_gain=0.00193754 0.00299712 0.00264414 0.00832636 0.00408354 0.00296969 0.00219731 0.00332268 0.00454899 0.00394333 0.00386954 0.00315025 0.0028854 0.00280864
threshold=20.028551049510906 14.500000000000002 88.928571428571445 16.998599382077938 86.500000000000014 32.500000000000007 67.500000000000014 74.500000000000014 15.085470777254846 63.500000000000007 79.500000000000014 65.500000000000014 51.500000000000007 32.500000000000007
decision_type=2 2 2 2 2 2 2 2 2 2 2 2 2 2
left_child=2 -2 4 -4 6 -5 11 12 9 10 -9 -1 -8 -11
right_child=1 -3 3 5 -6 -7 7 8 -10 13 -12 -13 -14 -15
leaf_value=2.9501029143641196e-05 -0.00014518168357873336 8.6560121085248813e-05 -0.00022728290389971556 0.00053112684177262159 -0.00025415091579715309 0.00016113067808764753 3.1757450111292518e-05 0.00011427308748269834 -4.1312452780909053e-05 0.00017315079302128509 0.00055746825366851781 0.00026784147913205299 -0.00020805374797963429 -9.7169007097584867e-05
leaf_weight=865 172 70 36 33 53 49 67 43 495 64 30 52 136 73
leaf_count=865 172 70 36 33 53 49 67 43 495 64 30 52 136 73
internal_value=1.9174e-06 -7.80686e-05 1.16493e-05 0.000148785 2.95813e-06 0.000314637 1.056e-05 -2.25094e-05 8.33265e-06 0.000124994 0.00030148 4.32936e-05 -0.000129137 2.94514e-05
internal_weight=2238 242 1996 118 1878 82 1825 908 705 210 73 917 203 137
internal_count=2238 242 1996 118 1878 82 1825 908 705 210 73 917 203 137
is_linear=0
shrinkage=0.03


Tree=416
num_leaves=15
num_cat=0
split_feature=17 6 2 16 16 17 16 7 16 11 11 17 11 18
split_gain=0.00182399 0.00363609 0.00391839 0.00660188 0.00626057 0.00529634 0.00406935 0.00282155 0.00278269 0.00276096 0.00407536 0.00613486 0.00331561 0.00266903
threshold=20.028551049510906 1.5000000000000002 1.0000000180025095e-35 89.357142857142875 80.357142857142875 16.552226133028132 84.214285714285737 14.500000000000002 79.357142857142875 89.500000000000014 87.500000000000014 16.948100048031602 96.000000000000014 83.375000000000014
decision_type=2 2 2 2 2 2 2 2 2 2 2 2 2 2
left_child=1 2 3 5 -4 -1 8 -2 -7 10 -3 -12 -11 -14
right_child=7 9 4 -5 -6 6 -8 -9 -10 12 11 -13 13 -15
leaf_value=0.00015620211277890311 -0.00014085141020760375 -4.2569882872830424e-06 0.00059546038339083841 0.00027770423538977287 9.0175211440984401e-05 -0.00019600707557983695 -0.00042407917663342686 8.3999895556368924e-05 0.00015597480951863176 -0.0002656484418324768 0.00058363313366296802 -2.5396169043875379e-05 0.00015882860818237533 -0.00014243584221931393
leaf_weight=66 172 1396 32 72 68 49 39 70 33 77 26 33 47 58
leaf_count=66 172 1396 32 72 68 49 39 70 33 77 26 33 47 58
internal_value=1.873e-06 1.13154e-05 9.76385e-05 3.5683e-05 0.000256161 -5.84832e-05 -0.000175905 -7.57338e-05 -5.41833e-05 -7.66356e-06 6.14534e-06 0.000248244 -0.000117489 -7.35794e-06
internal_weight=2238 1996 359 259 100 187 121 242 82 1637 1455 59 182 105
internal_count=2238 1996 359 259 100 187 121 242 82 1637 1455 59 182 105
is_linear=0
shrinkage=0.03


Tree=417
num_leaves=15
num_cat=0
split_feature=17 6 2 16 16 17 16 7 16 11 11 17 11 0
split_gain=0.00171706 0.00342449 0.00369396 0.00621794 0.00590267 0.00498902 0.00383535 0.00265625 0.00262215 0.00260005 0.00384326 0.00578541 0.00312232 0.00291567
threshold=20.028551049510906 1.5000000000000002 1.0000000180025095e-35 89.357142857142875 80.357142857142875 16.552226133028132 84.214285714285737 14.500000000000002 79.357142857142875 89.500000000000014 87.500000000000014 16.948100048031602 96.000000000000014 2.5000000000000004
decision_type=2 2 2 2 2 2 2 2 2 2 2 2 2 2
left_child=1 2 3 5 -4 -1 8 -2 -7 10 -3 -12 13 -11
right_child=7 9 4 -5 -6 6 -8 -9 -10 12 11 -13 -14 -15
leaf_value=0.00015158598906027826 -0.00013665029298463827 -4.1293710077592145e-06 0.00057813789864832703 0.00026948723100023728 8.7509169110410807e-05 -0.00019024446518160401 -0.00041167485261394175 8.1515393349420738e-05 0.00015143318950910779 -0.00046679685588220735 0.00056677261435349158 -2.4656688328832388e-05 -7.1325590548474548e-06 -9.4129726079700046e-05
leaf_weight=66 172 1396 32 72 68 49 39 70 33 33 26 33 105 44
leaf_count=66 172 1396 32 72 68 49 39 70 33 33 26 33 105 44
internal_value=1.82891e-06 1.09904e-05 9.4764e-05 3.4609e-05 0.00024868 -5.67778e-05 -0.000170742 -7.34688e-05 -5.25722e-05 -7.42807e-06 5.97239e-06 0.000241076 -0.000114005 -0.000257781
internal_weight=2238 1996 359 259 100 187 121 242 82 1637 1455 59 182 77
internal_count=2238 1996 359 259 100 187 121 242 82 1637 1455 59 182 77
is_linear=0
shrinkage=0.03


Tree=418
num_leaves=15
num_cat=0
split_feature=17 7 15 16 17 16 12 12 17 11 15 13 16 11
split_gain=0.00161621 0.00250064 0.0021977 0.00210248 0.00775244 0.00353445 0.0020702 0.00308305 0.00429062 0.00372133 0.00374629 0.00297245 0.00275904 0.00272033
threshold=20.028551049510906 14.500000000000002 102.16666666666669 88.928571428571445 16.998599382077938 86.500000000000014 67.500000000000014 74.500000000000014 15.085470777254846 63.500000000000007 68.583333333333357 92.500000000000014 64.773809523809533 51.500000000000007
decision_type=2 2 2 2 2 2 2 2 2 2 2 2 2 2
left_child=3 2 -2 5 -5 6 11 13 9 10 -9 -1 -10 -8
right_child=1 -3 -4 4 -6 -7 7 8 12 -11 -12 -13 -14 -15
leaf_value=2.7582773367215805e-05 -7.9038954598477831e-05 7.9104371139743606e-05 -0.00034911562519161684 -0.00022975698959812321 0.00029304365859092918 -0.00023627971279590077 3.1400042473037238e-05 0.00012276498650998232 -0.00033553639543242752 2.809350291183522e-05 0.00056656660445566684 0.00024777530311948176 -2.3581854381770058e-05 -0.00020144390895704393
leaf_weight=859 139 70 33 36 82 53 67 46 26 137 27 58 469 136
leaf_count=859 139 70 33 36 82 53 67 46 26 137 27 58 469 136
internal_value=1.78143e-06 -7.12715e-05 -0.000132574 1.06698e-05 0.000132955 2.91963e-06 9.99183e-06 -2.21065e-05 7.60307e-06 0.000120904 0.000292349 4.17646e-05 -4.06108e-05 -0.000124817
internal_weight=2238 242 172 1996 118 1878 1825 908 705 210 73 917 495 203
internal_count=2238 242 172 1996 118 1878 1825 908 705 210 73 917 495 203
is_linear=0
shrinkage=0.03


Tree=419
num_leaves=15
num_cat=0
split_feature=6 15 2 12 16 16 11 11 11 12 12 15 6 4
split_gain=0.00157662 0.00378253 0.00565711 0.00478374 0.00357626 0.00257214 0.00256939 0.00393519 0.00331233 0.00253305 0.00344369 0.00442484 0.00316333 0.00304499
threshold=1.5000000000000002 83.166666666666671 1.0000000180025095e-35 65.500000000000014 86.928571428571445 83.464285714285737 89.500000000000014 96.000000000000014 87.500000000000014 60.500000000000007 58.500000000000007 69.833333333333357 3.5000000000000004 1.5000000000000002
decision_type=2 2 2 2 2 2 2 2 2 2 2 2 2 2
left_child=1 2 -1 -3 5 6 8 -8 9 10 11 12 13 -2
right_child=4 3 -4 -5 -6 -7 7 -9 -10 -11 -12 -13 -14 -15
leaf_value=5.854882082570364e-05 0.00028602875619141669 -0.00039104374258645944 0.00042461912787985053 1.7487304728380943e-05 -0.00034312921707921838 0.00019096410673993981 -0.00029688981486209999 8.8863084029265117e-07 0.0002437294293076775 -4.3573965393093751e-05 0.00025798543023797563 -0.00022583493852969277 -1.6355554605901187e-05 3.2688792302906222e-05
leaf_weight=160 77 27 49 327 28 56 69 93 47 816 57 60 277 95
leaf_count=160 77 27 49 327 28 56 69 93 47 816 57 60 277 95
internal_value=1.7272e-06 4.51133e-05 0.000145987 -1.46856e-05 -1.28739e-05 -7.05459e-06 -1.414e-05 -0.000126986 -1.26725e-06 -9.76947e-06 3.89572e-05 1.39717e-05 4.64478e-05 0.0001471
internal_weight=2238 563 209 354 1675 1647 1591 162 1429 1382 566 509 449 172
internal_count=2238 563 209 354 1675 1647 1591 162 1429 1382 566 509 449 172
is_linear=0
shrinkage=0.03


Tree=420
num_leaves=15
num_cat=0
split_feature=6 11 11 15 2 15 16 14 18 2 5 7 18 16
split_gain=0.00226941 0.00311669 0.00287674 0.0025991 0.00534464 0.00443639 0.00355811 0.00274208 0.00227363 0.00199949 0.00339957 0.00194339 0.00266505 0.00194134
threshold=1.5000000000000002 36.500000000000007 62.500000000000007 83.166666666666671 1.0000000180025095e-35 84.500000000000014 82.773809523809533 65.500000000000014 79.291666666666671 1.0000000180025095e-35 31.500000000000004 11.000000000000002 74.583333333333357 72.154761904761912
decision_type=2 2 2 2 2 2 2 2 2 2 2 2 2 2
left_child=3 -2 9 4 8 -5 -7 -8 11 10 -3 -1 -13 -11
right_child=1 2 -4 5 -6 6 7 -9 -10 13 -12 12 -14 -15
leaf_value=0.00017369570687151282 -0.00032917841911669178 -0.00032784071951431947 -5.018251958847709e-05 -0.00032741889657165091 0.00041768554118828868 0.00035609682491797554 -0.00026479973954631148 3.388337977408909e-05 0.00020703347497864772 0.00017632679902831146 1.8126109827619529e-05 -0.00022329981801819733 0.00013286728304028029 -3.5018499889442214e-05
leaf_weight=31 28 26 917 33 45 27 30 256 56 132 479 54 28 55
leaf_count=31 28 26 917 33 45 27 30 256 56 132 479 54 28 55
internal_value=-3.09026e-06 -2.09246e-05 -1.53592e-05 4.89877e-05 0.000130904 -1.90863e-06 3.33438e-05 1.7395e-06 5.25343e-05 3.07926e-05 -2.98748e-07 -2.51761e-05 -0.000101546 0.000114311
internal_weight=2197 1637 1609 560 214 346 313 286 169 692 505 113 82 187
internal_count=2197 1637 1609 560 214 346 313 286 169 692 505 113 82 187
is_linear=0
shrinkage=0.03


Tree=421
num_leaves=15
num_cat=0
split_feature=6 11 12 17 12 15 17 11 17 17 16 5 2 14
split_gain=0.00213763 0.00293898 0.00290716 0.00435188 0.00437685 0.00402234 0.00358528 0.00270634 0.002646 0.00202443 0.00206383 0.00506316 0.00560785 0.00290951
threshold=1.5000000000000002 36.500000000000007 76.500000000000014 16.549348861021013 66.500000000000014 83.833333333333357 18.126539343499228 62.500000000000007 21.600264548644518 19.512510781513104 79.642857142857153 32.500000000000007 1.0000000180025095e-35 89.500000000000014
decision_type=2 2 2 2 2 2 2 2 2 2 2 2 2 2
left_child=2 -2 3 -1 5 6 -5 -3 -6 10 13 12 -12 -9
right_child=1 7 -4 4 8 -7 -8 9 -10 -11 11 -13 -14 -15
leaf_value=0.00041105166231448364 -0.00031964359034120581 2.9861516668540007e-05 -3.0810468413334047e-06 -0.00015932389250439074 0.00044422462434423235 -0.00030328851536308465 0.00031419278749625286 -4.6547382541090127e-05 5.9222810007420109e-05 -0.00029996287001527632 0.00055062635446665798 -9.7128855254595683e-05 3.4826341599120567e-05 -0.000281848607262552
leaf_weight=41 28 692 362 26 32 37 30 664 32 27 29 95 52 50
leaf_count=41 28 692 362 26 32 37 30 664 32 27 29 95 52 50
internal_value=-2.99813e-06 -2.03069e-05 4.75451e-05 0.000139654 6.66268e-05 -6.47525e-05 9.54076e-05 -1.49025e-05 0.000255596 -4.86787e-05 -4.07274e-05 5.10747e-05 0.000223958 -6.33962e-05
internal_weight=2197 1637 560 198 157 93 56 1609 64 917 890 176 81 714
internal_count=2197 1637 560 198 157 93 56 1609 64 917 890 176 81 714
is_linear=0
shrinkage=0.03


Tree=422
num_leaves=15
num_cat=0
split_feature=6 11 12 17 12 18 5 11 17 17 16 5 2 14
split_gain=0.00201427 0.00277144 0.00273993 0.00410022 0.0041256 0.00318106 0.00269624 0.00254679 0.00249429 0.00190975 0.00194524 0.0047714 0.00528763 0.00274149
threshold=1.5000000000000002 36.500000000000007 76.500000000000014 16.549348861021013 66.500000000000014 86.875000000000014 32.500000000000007 62.500000000000007 21.600264548644518 19.512510781513104 79.642857142857153 32.500000000000007 1.0000000180025095e-35 89.500000000000014
decision_type=2 2 2 2 2 2 2 2 2 2 2 2 2 2
left_child=2 -2 3 -1 5 6 -5 -3 -6 10 13 12 -12 -9
right_child=1 7 -4 4 8 -7 -8 9 -10 -11 11 -13 -14 -15
leaf_value=0.00039901372265636122 -0.00031038495135927118 2.8966963429974427e-05 -2.9888720193171627e-06 0.00020749928199802523 0.00043130172839896244 -0.00033091555536624842 -0.00017653282394998574 -4.5153061642152428e-05 5.7499961403664198e-05 -0.00029128537839694351 0.0005346581791527569 -9.4245339987537597e-05 3.3801265416737156e-05 -0.00027355893870288341
leaf_weight=41 28 692 362 39 32 27 27 664 32 27 29 95 52 50
leaf_count=41 28 692 362 39 32 27 27 664 32 27 29 95 52 50
internal_value=-2.90364e-06 -1.97055e-05 4.61595e-05 0.00013558 6.46954e-05 -6.28573e-05 5.01053e-05 -1.44575e-05 0.000248161 -4.72229e-05 -3.95001e-05 4.96252e-05 0.000217454 -6.15081e-05
internal_weight=2197 1637 560 198 157 93 66 1609 64 917 890 176 81 714
internal_count=2197 1637 560 198 157 93 66 1609 64 917 890 176 81 714
is_linear=0
shrinkage=0.03


Tree=423
num_leaves=15
num_cat=0
split_feature=6 11 12 17 12 15 17 11 17 2 5 12 17 11
split_gain=0.00189753 0.00261345 0.00258141 0.00386383 0.00389005 0.003722 0.00333417 0.00239664 0.00235127 0.00188302 0.00320444 0.00196636 0.00180156 0.00183726
threshold=1.5000000000000002 36.500000000000007 76.500000000000014 16.549348861021013 66.500000000000014 83.833333333333357 18.126539343499228 62.500000000000007 21.600264548644518 1.0000000180025095e-35 31.500000000000004 88.500000000000014 19.512510781513104 65.500000000000014
decision_type=2 2 2 2 2 2 2 2 2 2 2 2 2 2
left_child=2 -2 3 -1 5 6 -5 9 -6 10 -3 -11 13 -9
right_child=1 7 -4 4 8 -7 -8 12 -10 11 -12 -13 -14 -15
leaf_value=0.00038732831903741627 -0.00030139448956168928 -0.00032006925851520564 -2.8994502386651653e-06 -0.00015269191263036597 0.00041875476716086264 -0.0002905326881629758 0.00030395481202210629 -0.0001764479474845354 5.5827234887560315e-05 0.0001482075261797204 1.5822280093800603e-05 -0.00012924787326483057 -0.00028285890196067545 -2.4839775971982928e-05
leaf_weight=41 28 26 362 26 32 37 30 78 32 161 479 26 27 812
leaf_count=41 28 26 362 26 32 37 30 78 32 161 479 26 27 812
internal_value=-2.81424e-06 -1.9122e-05 4.4806e-05 0.000131601 6.27904e-05 -6.10673e-05 9.2981e-05 -1.40257e-05 0.000240942 2.80992e-05 -2.06952e-06 0.000109149 -4.58106e-05 -3.83099e-05
internal_weight=2197 1637 560 198 157 93 56 1609 64 692 505 187 917 890
internal_count=2197 1637 560 198 157 93 56 1609 64 692 505 187 917 890
is_linear=0
shrinkage=0.03


Tree=424
num_leaves=15
num_cat=0
split_feature=6 11 12 17 12 15 17 11 17 18 16 17 14 0
split_gain=0.00178874 0.00246425 0.00243291 0.00364039 0.00366674 0.00350785 0.0031437 0.00225522 0.00221646 0.00175329 0.00326062 0.00438548 0.00229715 0.00358282
threshold=1.5000000000000002 36.500000000000007 76.500000000000014 16.549348861021013 66.500000000000014 83.833333333333357 18.126539343499228 62.500000000000007 21.600264548644518 88.875000000000014 80.619047619047635 15.560940111151586 77.500000000000014 4.5000000000000009
decision_type=2 2 2 2 2 2 2 2 2 2 2 2 2 2
left_child=2 -2 3 -1 5 6 -5 -3 -6 10 12 -12 13 -9
right_child=1 7 -4 4 8 -7 -8 9 -10 -11 11 -13 -14 -15
leaf_value=0.00037598513141607069 -0.00029266443705700082 2.7243883034643026e-05 -2.8127067458280937e-06 -0.0001482808141089562 0.00040657281219451266 -0.00028204606910309704 0.00029513032183111195 1.3849713530259872e-05 5.42031703596215e-05 -0.00024404830398692099 0.00044334339508269395 1.3663135278665532e-05 -0.00014868272632044216 -0.00016402990008054305
leaf_weight=41 28 692 362 26 32 37 30 425 32 37 26 103 193 133
leaf_count=41 28 692 362 26 32 37 30 425 32 37 26 103 193 133
internal_value=-2.7346e-06 -1.8568e-05 4.35003e-05 0.000127762 6.09703e-05 -5.92797e-05 9.02712e-05 -1.36193e-05 0.000233932 -4.44522e-05 -3.57926e-05 0.00010301 -5.974e-05 -2.87657e-05
internal_weight=2197 1637 560 198 157 93 56 1609 64 917 880 129 751 558
internal_count=2197 1637 560 198 157 93 56 1609 64 917 880 129 751 558
is_linear=0
shrinkage=0.03


Tree=425
num_leaves=15
num_cat=0
split_feature=4 5 16 4 0 0 5 18 16 14 15 13 13 16
split_gain=0.00201558 0.00504765 0.00326216 0.00302051 0.0057839 0.00497049 0.00774067 0.00566461 0.00458257 0.00283927 0.00248697 0.00248953 0.00401988 0.00668863
threshold=1.5000000000000002 32.500000000000007 53.071428571428577 2.5000000000000004 2.5000000000000004 5.5000000000000009 31.500000000000004 74.875000000000014 66.071428571428584 79.500000000000014 52.833333333333336 59.500000000000007 55.500000000000007 69.154761904761912
decision_type=2 2 2 2 2 2 2 2 2 2 2 2 2 2
left_child=2 3 -1 4 8 6 -6 -8 -2 -7 -4 12 13 -12
right_child=1 -3 10 -5 5 9 7 -9 -10 -11 11 -13 -14 -15
leaf_value=0.00034543311798996808 0.00046335943544324 -0.00014729817157460085 -0.00021487882439812111 -8.9253141053192381e-05 0.00010293753133737482 0.000357737731130328 -0.00010042337071891018 -0.00056698904074997138 8.7828303638008332e-05 -4.3444059362324578e-05 0.0001694099598412497 -3.1324722019359989e-06 0.00027272491645368086 -0.00015883775168972812
leaf_weight=26 45 267 41 181 86 39 60 38 82 26 129 1012 82 97
leaf_count=26 45 267 41 181 86 39 60 38 82 26 129 1012 82 97
internal_value=-3.18267e-06 -4.03176e-05 1.88919e-05 1.1136e-05 5.95702e-05 -2.45853e-05 -0.000104232 -0.000285236 0.000223471 0.000199038 1.24047e-05 1.96216e-05 9.41533e-05 2.84458e-05
internal_weight=2211 824 1387 557 376 249 184 98 127 65 1361 1320 308 226
internal_count=2211 824 1387 557 376 249 184 98 127 65 1361 1320 308 226
is_linear=0
shrinkage=0.03


Tree=426
num_leaves=15
num_cat=0
split_feature=4 2 14 16 4 16 15 5 12 13 15 12 15 17
split_gain=0.00189689 0.00523045 0.00449548 0.00307664 0.00296051 0.00494627 0.00297272 0.00243709 0.00344649 0.00467725 0.0027629 0.00267116 0.00234328 0.00245865
threshold=1.5000000000000002 1.0000000180025095e-35 89.500000000000014 53.071428571428577 2.5000000000000004 76.928571428571445 66.166666666666671 32.500000000000007 54.500000000000007 53.500000000000007 75.500000000000014 46.500000000000007 52.833333333333336 17.799143906646734
decision_type=2 2 2 2 2 2 2 2 2 2 2 2 2 2
left_child=3 2 7 -1 5 6 -3 8 11 -10 -11 -2 -5 -14
right_child=1 4 -4 12 -6 -7 -8 -9 9 10 -12 -13 13 -15
leaf_value=0.00033545393089298156 -7.7056583892232892e-06 0.00016662615488409452 -0.00034633925695651041 -0.00020858594486656198 -3.8165017553555971e-05 1.7297432625858834e-05 0.00059258228633552791 -0.00012895932865359945 0.00018385636880835095 -0.00032993423013572785 6.4272010676129289e-06 0.00039626287594024512 4.9766109219253525e-05 -3.5432689259804013e-05
leaf_weight=26 28 35 58 41 160 106 26 248 43 53 37 30 844 476
leaf_count=26 28 35 58 41 160 106 26 248 43 53 37 30 844 476
internal_value=-3.08074e-06 -3.91057e-05 -0.000100335 1.8334e-05 5.39772e-05 0.000141959 0.000354811 -6.71198e-05 1.34279e-05 -7.07652e-05 -0.000193101 0.000204418 1.2034e-05 1.90393e-05
internal_weight=2211 824 497 1387 327 167 61 439 191 133 90 58 1361 1320
internal_count=2211 824 497 1387 327 167 61 439 191 133 90 58 1361 1320
is_linear=0
shrinkage=0.03


Tree=427
num_leaves=15
num_cat=0
split_feature=4 2 14 16 4 16 5 12 17 12 12 12 5 2
split_gain=0.00178379 0.00492667 0.00423556 0.00290177 0.00279019 0.00466426 0.00229487 0.00327983 0.00290943 0.00336158 0.00278522 0.00228942 0.00221081 0.00339845
threshold=1.5000000000000002 1.0000000180025095e-35 89.500000000000014 53.071428571428577 2.5000000000000004 76.928571428571445 32.500000000000007 78.500000000000014 13.34701678813841 54.500000000000007 65.500000000000014 47.500000000000007 31.500000000000004 1.0000000180025095e-35
decision_type=2 2 2 2 2 2 2 2 2 2 2 2 2 2
left_child=3 2 6 -1 5 -3 7 8 9 -2 -10 -5 13 -13
right_child=1 4 -4 11 -6 -7 -8 -9 10 -11 -12 12 -14 -15
leaf_value=0.00032576304692257609 0.00019339487430573041 0.00034453372870860133 -0.00033612517695242569 -0.00014202021572755921 -3.7027178514786412e-05 1.6783357882941854e-05 -0.0001251060862161428 -0.00021129128566371947 6.8953687259636355e-05 -0.00023123670631321146 0.00043888531853083585 -0.00033525088547982953 4.4157891399176306e-05 -1.3666521704703803e-05
leaf_weight=26 27 61 58 81 160 106 248 44 51 41 28 32 962 286
leaf_count=26 27 61 58 81 160 106 248 44 51 41 28 32 962 286
internal_value=-2.97946e-06 -3.79139e-05 -9.73384e-05 1.7787e-05 5.24254e-05 0.000137839 -6.50981e-05 1.30639e-05 8.11918e-05 -6.22737e-05 0.000203916 1.16687e-05 2.14976e-05 -4.69767e-05
internal_weight=2211 824 497 1387 327 167 439 191 147 68 79 1361 1280 318
internal_count=2211 824 497 1387 327 167 439 191 147 68 79 1361 1280 318
is_linear=0
shrinkage=0.03


Tree=428
num_leaves=15
num_cat=0
split_feature=4 2 14 6 16 13 16 5 12 13 15 12 15 17
split_gain=0.00167793 0.00463818 0.00399071 0.00276404 0.00563534 0.0048665 0.00273695 0.00216104 0.00313064 0.00437288 0.00264437 0.00252948 0.00215592 0.00234427
threshold=1.5000000000000002 1.0000000180025095e-35 89.500000000000014 1.5000000000000002 79.154761904761912 41.500000000000007 53.071428571428577 32.500000000000007 54.500000000000007 53.500000000000007 75.500000000000014 46.500000000000007 52.833333333333336 17.799143906646734
decision_type=2 2 2 2 2 2 2 2 2 2 2 2 2 2
left_child=6 2 7 4 -3 -5 -1 8 11 -10 -11 -2 -8 -14
right_child=1 3 -4 5 -6 -7 12 -9 9 10 -12 -13 13 -15
leaf_value=0.00031635210435423586 -1.1539453347534711e-05 0.00053771830303393753 -0.00032621233023592605 -0.00038023007619712089 2.0502097099129709e-05 4.6637725057710304e-05 -0.00020030692088766954 -0.0001213679759179839 0.00017865768259401769 -0.00031969011405534625 9.2992028926107037e-06 0.00038143188803881073 4.8032212663357854e-05 -3.5160787649959343e-05
leaf_weight=26 28 28 58 26 55 218 41 248 43 53 37 30 844 476
leaf_count=26 28 28 58 26 55 218 41 248 43 53 37 30 844 476
internal_value=-2.89007e-06 -3.67721e-05 -9.44305e-05 5.08823e-05 0.000199309 -2.14491e-07 1.72508e-05 -6.3136e-05 1.27124e-05 -6.75295e-05 -0.000185823 0.000194741 1.13088e-05 1.80284e-05
internal_weight=2211 824 497 327 83 244 1387 439 191 133 90 58 1361 1320
internal_count=2211 824 497 327 83 244 1387 439 191 133 90 58 1361 1320
is_linear=0
shrinkage=0.03


Tree=429
num_leaves=15
num_cat=0
split_feature=14 16 14 5 5 16 17 2 6 14 14 5 15 14
split_gain=0.00152583 0.0030049 0.00252054 0.00244119 0.00239251 0.00235589 0.00551858 0.00281555 0.00966684 0.00573656 0.00346949 0.00362016 0.00343029 0.00237785
threshold=89.500000000000014 95.071428571428584 87.500000000000014 32.500000000000007 32.500000000000007 93.214285714285737 21.353598648620114 1.0000000180025095e-35 1.5000000000000002 85.000000000000014 41.500000000000007 31.500000000000004 84.500000000000014 62.500000000000007
decision_type=2 2 2 2 2 2 2 2 2 2 2 2 2 2
left_child=2 -2 5 -3 -4 6 7 9 -9 10 -1 13 -13 -12
right_child=1 3 4 -5 -6 -7 -8 8 -10 -11 11 12 -14 -15
leaf_value=-0.00022997122532321935 -9.0610406696343745e-05 0.00026529884200034187 0.00039036340184975417 -3.0420364841955265e-05 1.9566855900099169e-05 -0.00019178638108213717 0.00035326691541718544 0.00045659864105691665 1.5398920398099834e-05 -0.00037800835157395337 -2.2490418028050604e-05 3.2634268188350169e-05 -0.00016286314590922374 -0.0004226855830799242
leaf_weight=61 368 42 29 60 33 53 40 49 422 39 25 874 88 28
leaf_count=61 368 42 29 60 33 53 40 49 422 39 25 874 88 28
internal_value=-2.80141e-06 -5.07071e-05 1.01529e-05 9.27399e-05 0.000196447 3.1608e-06 9.62913e-06 7.45216e-07 6.21688e-05 -2.52339e-05 -1.21083e-05 1.19836e-06 1.46004e-05 -0.000237827
internal_weight=2211 470 1741 102 62 1679 1626 1586 471 1115 1076 1015 962 53
internal_count=2211 470 1741 102 62 1679 1626 1586 471 1115 1076 1015 962 53
is_linear=0
shrinkage=0.03


Tree=430
num_leaves=15
num_cat=0
split_feature=16 2 16 14 12 12 16 12 14 14 12 14 16 12
split_gain=0.00171901 0.0021772 0.00253649 0.00227761 0.00210712 0.00459729 0.00245968 0.00189345 0.0021966 0.00192017 0.00276954 0.00252852 0.00254101 0.0021631
threshold=56.071428571428577 1.0000000180025095e-35 54.928571428571438 50.500000000000007 92.500000000000014 89.500000000000014 76.071428571428584 44.500000000000007 64.500000000000014 85.000000000000014 86.500000000000014 86.500000000000014 72.642857142857153 57.500000000000007
decision_type=2 2 2 2 2 2 2 2 2 2 2 2 2 2
left_child=1 2 -1 -3 5 7 -6 8 -2 10 -9 12 -11 -13
right_child=4 3 -4 -5 6 -7 -8 9 -10 11 -12 13 -14 -15
leaf_value=-2.0516547392973876e-05 -0.00025877213374372909 0.00044735032165100656 0.00028554253273137747 4.433511451889689e-05 0.00033847148503879837 -0.00019238345420756771 3.5074286309974437e-05 1.0970210134667647e-05 5.5471470714110178e-05 -0.00040758497218656189 0.00025695535653476537 0.00013253359155783071 -2.4433051323285328e-05 -6.3444725413721806e-05
leaf_weight=152 54 25 28 25 25 132 326 984 31 33 42 63 29 243
leaf_count=152 54 25 28 25 25 132 326 984 31 33 42 63 29 243
internal_value=1.8978e-07 7.75997e-05 2.84072e-05 0.000250663 -8.91968e-06 -2.3436e-05 5.75839e-05 -8.23776e-06 -0.000144853 1.90318e-07 2.12802e-05 -5.85074e-05 -0.000231601 -2.2796e-05
internal_weight=2192 230 180 50 1962 1611 351 1479 85 1394 1026 368 62 306
internal_count=2192 230 180 50 1962 1611 351 1479 85 1394 1026 368 62 306
is_linear=0
shrinkage=0.03


Tree=431
num_leaves=15
num_cat=0
split_feature=16 11 2 16 14 17 18 16 14 11 13 14 16 14
split_gain=0.00162128 0.00316327 0.00205319 0.0023914 0.00214811 0.00200288 0.00151504 0.00309491 0.00163822 0.00416742 0.00355694 0.00275274 0.00378237 0.00393276
threshold=56.071428571428577 43.500000000000007 1.0000000180025095e-35 54.928571428571438 50.500000000000007 14.455185261780128 57.125000000000007 57.500000000000007 76.500000000000014 48.500000000000007 54.500000000000007 69.500000000000014 89.214285714285737 67.500000000000014
decision_type=2 2 2 2 2 2 2 2 2 2 2 2 2 2
left_child=2 5 3 -1 -4 -2 -3 -8 11 -10 -11 12 13 -9
right_child=1 6 4 -5 -6 -7 7 8 9 10 -12 -13 -14 -15
leaf_value=-1.9905070829040861e-05 -6.3764686638023696e-05 0.00014758756577128038 0.00043444598035421219 0.00027727165054690475 4.3056218777425012e-05 -0.00042327869664474679 -0.00032567873286704221 2.6564625111382056e-05 -0.00040692990194377042 -0.00022076584659883598 -1.2275699726722346e-06 0.00011597319112176826 -0.00034545895477224671 -0.00027577556759153103
leaf_weight=152 31 58 25 28 25 25 26 696 25 72 737 225 27 40
leaf_count=152 31 58 25 28 25 25 26 696 25 72 737 225 27 40
internal_value=1.92836e-07 -8.65388e-06 7.537e-05 2.75989e-05 0.000243432 -0.000228872 -2.06704e-06 -6.84128e-06 -2.1153e-06 -3.30563e-05 -2.10146e-05 2.40099e-05 -3.22527e-06 9.7812e-06
internal_weight=2192 1962 230 180 50 56 1906 1848 1822 834 809 988 763 736
internal_count=2192 1962 230 180 50 56 1906 1848 1822 834 809 988 763 736
is_linear=0
shrinkage=0.03


Tree=432
num_leaves=15
num_cat=0
split_feature=16 11 2 16 17 12 12 16 17 0 18 12 12 12
split_gain=0.00153005 0.00298271 0.00193624 0.00225461 0.00188916 0.00159482 0.00474857 0.00230972 0.0017326 0.00186026 0.00168055 0.00390241 0.00342312 0.00424065
threshold=56.071428571428577 43.500000000000007 1.0000000180025095e-35 54.928571428571438 14.455185261780128 92.500000000000014 89.500000000000014 76.071428571428584 17.742200478456688 1.5000000000000002 86.125000000000014 87.500000000000014 69.500000000000014 77.500000000000014
decision_type=2 2 2 2 2 2 2 2 2 2 2 2 2 2
left_child=2 4 3 -1 -2 6 10 -7 -9 -10 11 -3 -12 -14
right_child=1 5 -4 -5 -6 7 -8 8 9 -11 12 -13 13 -15
leaf_value=-1.9311823840218814e-05 -6.1911529210192376e-05 1.6130217677051023e-06 0.00023641040774664897 0.00026924033914210981 -0.00041106873970980253 0.00032783145532728385 -0.00018649466078762573 0.00014589244623978932 0.00014626776256288092 -5.3872421667423419e-05 -0.00031342733387524881 0.00028907973298125645 0.00015005187653424981 -0.00029060300440599755
leaf_weight=152 31 1248 50 28 25 25 132 89 53 184 44 43 60 28
leaf_count=152 31 1248 50 28 25 25 132 89 53 184 44 43 60 28
internal_value=1.72852e-07 -8.42136e-06 7.32043e-05 2.68136e-05 -0.000222262 -2.02526e-06 -1.50695e-05 5.5642e-05 3.38299e-05 -8.68882e-06 9.5198e-07 1.14042e-05 -0.000100591 8.15368e-06
internal_weight=2192 1962 230 180 56 1906 1555 351 326 237 1423 1291 132 88
internal_count=2192 1962 230 180 56 1906 1555 351 326 237 1423 1291 132 88
is_linear=0
shrinkage=0.03


Tree=433
num_leaves=15
num_cat=0
split_feature=16 11 2 16 17 12 12 16 12 13 17 0 18 12
split_gain=0.00144207 0.00281307 0.00182356 0.00212564 0.00178189 0.00150297 0.00446983 0.00217865 0.00164739 0.00205732 0.00163101 0.00175194 0.00158441 0.00367697
threshold=56.071428571428577 43.500000000000007 1.0000000180025095e-35 54.928571428571438 14.455185261780128 92.500000000000014 89.500000000000014 76.071428571428584 90.500000000000014 77.500000000000014 17.742200478456688 1.5000000000000002 86.125000000000014 87.500000000000014
decision_type=2 2 2 2 2 2 2 2 2 2 2 2 2 2
left_child=2 4 3 -1 -2 6 12 -7 -8 -10 -9 -12 13 -3
right_child=1 5 -4 -5 -6 7 8 10 9 -11 11 -13 -14 -15
leaf_value=-1.8736254944587036e-05 -6.0112224418844561e-05 1.5646694823732072e-06 0.00022945716014981051 0.00026144164602336442 -0.00039921098057395563 0.00031837478379692093 -0.00031524426195948547 0.00014156431225031461 4.6815127319529314e-05 -0.00025119198235915973 0.00014196099241315903 -5.2264981682890569e-05 -9.7675305039313771e-05 0.00028060444016856224
leaf_weight=152 31 1248 50 28 25 25 50 89 43 39 53 184 132 43
leaf_count=152 31 1248 50 28 25 25 50 89 43 39 53 184 132 43
internal_value=1.70809e-07 -8.17264e-06 7.10713e-05 2.60506e-05 -0.000215843 -1.9611e-06 -1.46242e-05 5.4021e-05 -0.000180942 -9.62387e-05 3.28369e-05 -8.4165e-06 9.1998e-07 1.10688e-05
internal_weight=2192 1962 230 180 56 1906 1555 351 132 82 326 237 1423 1291
internal_count=2192 1962 230 180 56 1906 1555 351 132 82 326 237 1423 1291
is_linear=0
shrinkage=0.03


Tree=434
num_leaves=15
num_cat=0
split_feature=14 16 18 14 15 11 16 11 14 16 0 16 12 13
split_gain=0.00144128 0.00366053 0.00249002 0.00358359 0.00379178 0.00311501 0.0020684 0.00187375 0.00198879 0.00220677 0.00183594 0.00186287 0.00182688 0.00132872
threshold=53.500000000000007 72.071428571428584 71.583333333333357 46.500000000000007 57.500000000000007 74.500000000000014 60.785714285714292 40.500000000000007 54.500000000000007 70.380952380952394 4.5000000000000009 64.773809523809533 83.500000000000014 41.500000000000007
decision_type=2 2 2 2 2 2 2 2 2 2 2 2 2 2
left_child=1 2 3 4 -1 -6 -5 -2 9 -9 11 -8 -3 -10
right_child=7 12 -4 6 5 -7 10 8 13 -11 -12 -13 -14 -15
leaf_value=0.00011572569658793244 -0.00024008173177662682 -0.00031474021411585535 0.00031269188745921525 0.00035300175225846795 -0.00020602628230521148 0.00014430377414100803 -4.2487764585530386e-06 8.105477542043306e-06 -0.00018816032460616791 -0.00038633229856294252 -8.686992179718799e-05 0.00033268100485050431 -1.2859051433823456e-05 1.3619456793993562e-06
leaf_weight=109 31 32 37 42 97 29 25 25 33 25 31 35 40 1601
leaf_count=109 31 32 37 42 97 29 25 25 33 25 31 35 40 1601
internal_value=1.68795e-07 4.62391e-05 8.13201e-05 5.72728e-05 -1.32696e-05 -0.000124893 0.000181084 -1.26644e-05 -8.33799e-06 -0.000192822 9.87632e-05 0.000194525 -0.000149502 -2.57836e-06
internal_weight=2192 477 405 368 235 126 133 1715 1684 50 91 60 72 1634
internal_count=2192 477 405 368 235 126 133 1715 1684 50 91 60 72 1634
is_linear=0
shrinkage=0.03


Tree=435
num_leaves=15
num_cat=0
split_feature=4 13 6 14 6 12 2 15 13 14 13 11 11 11
split_gain=0.00164198 0.00210073 0.00258934 0.00285063 0.00138255 0.00246947 0.00260628 0.00372545 0.00221386 0.00170363 0.00187776 0.00161228 0.00175075 0.00221687
threshold=2.5000000000000004 63.500000000000007 1.5000000000000002 86.500000000000014 3.5000000000000004 91.500000000000014 1.0000000180025095e-35 72.833333333333357 58.500000000000007 85.000000000000014 46.500000000000007 71.500000000000014 41.500000000000007 50.500000000000007
decision_type=2 2 2 2 2 2 2 2 2 2 2 2 2 2
left_child=1 2 3 -1 5 6 9 -8 -7 10 -4 12 -6 -14
right_child=-2 -3 4 -5 11 8 7 -9 -10 -11 -12 -13 13 -15
leaf_value=0.00036511966276024893 -8.8372353906350555e-05 -1.9084940664269811e-05 -4.8344885892282908e-05 -3.0010275659151378e-05 -0.00016012214735383167 -0.00029811236690248139 0.00044431444535758801 -1.4213308588498167e-05 4.8866477871062954e-05 -0.00010022374267196831 0.00015652551495994843 -0.00017540140411256288 0.00020190955229474516 -1.5272786584682763e-05
leaf_weight=43 188 1288 57 26 44 28 40 26 38 50 133 50 58 149
leaf_count=43 188 1288 57 26 44 28 40 26 38 50 133 50 58 149
internal_value=-3.7965e-06 4.0758e-06 4.42509e-05 0.000217928 2.61476e-05 6.47525e-05 0.000100626 0.000266166 -0.000100589 5.41867e-05 9.51331e-05 -2.16199e-05 9.58829e-06 4.62584e-05
internal_weight=2218 2030 742 69 673 372 306 66 66 240 190 301 251 207
internal_count=2218 2030 742 69 673 372 306 66 66 240 190 301 251 207
is_linear=0
shrinkage=0.03


Tree=436
num_leaves=15
num_cat=0
split_feature=0 0 18 6 7 0 12 11 17 18 11 17 11 7
split_gain=0.00141681 0.00232027 0.00181556 0.0049548 0.0056513 0.00356299 0.00265033 0.00240621 0.00333993 0.00371909 0.00212421 0.0031756 0.00246954 0.00509252
threshold=4.5000000000000009 5.5000000000000009 63.375000000000007 3.5000000000000004 11.000000000000002 1.5000000000000002 69.500000000000014 56.500000000000007 15.085470777254846 73.375000000000014 75.500000000000014 13.171034927656972 94.500000000000014 11.000000000000002
decision_type=2 2 2 2 2 2 2 2 2 2 2 2 2 2
left_child=2 -2 3 4 -1 -6 -5 8 -4 -10 11 -9 -12 -14
right_child=1 -3 7 6 5 -7 -8 10 9 -11 12 -13 13 -15
leaf_value=0.00059020382434466921 -9.7466662622860734e-05 1.4836752993701188e-05 6.8502911478544594e-05 -5.0481269421129266e-05 -5.167725636486218e-05 0.00030896459807991047 0.00019359295714227245 -0.00019647991450015719 -0.00010213278253331736 -0.0005199493494936697 -6.4223366633438749e-05 0.00010666231843790971 -8.8767294841033613e-05 0.0001702585588001868
leaf_weight=28 325 336 52 218 54 44 48 34 63 27 433 283 126 147
leaf_count=28 325 336 52 218 54 44 48 34 63 27 433 283 126 147
internal_value=-3.67898e-06 -4.04443e-05 1.19451e-05 6.77041e-05 0.000221867 0.000111729 -5.87769e-06 -6.8587e-06 -0.000122129 -0.000231814 9.24529e-06 7.3633e-05 -1.97286e-05 5.08205e-05
internal_weight=2218 661 1557 392 126 98 266 1165 142 90 1023 317 706 273
internal_count=2218 661 1557 392 126 98 266 1165 142 90 1023 317 706 273
is_linear=0
shrinkage=0.03


Tree=437
num_leaves=15
num_cat=0
split_feature=4 17 17 11 11 11 18 6 2 0 11 18 17 0
split_gain=0.00152413 0.00198143 0.00163094 0.00141192 0.00411759 0.00272646 0.00139547 0.00354919 0.00915977 0.00202281 0.00224035 0.00198698 0.00282683 0.00196379
threshold=2.5000000000000004 17.062203553164412 15.690458052198762 107.50000000000001 117.50000000000001 105.50000000000001 86.875000000000014 1.5000000000000002 1.0000000180025095e-35 1.5000000000000002 69.500000000000014 83.875000000000014 16.549348861021013 3.5000000000000004
decision_type=2 2 2 2 2 2 2 2 2 2 2 2 2 2
left_child=3 2 -2 5 -5 6 7 8 11 -8 -11 12 -1 -14
right_child=1 -3 -4 4 -6 -7 9 -9 -10 10 -12 -13 13 -15
leaf_value=0.00017096170547351209 -9.1472672028338882e-05 -0.00026408811924548626 0.00013466740367360986 -0.00031825834730019167 7.0895561916081026e-05 0.00027999863494187593 0.00012060816428856923 -1.8777941934695767e-06 0.00061549191304948174 -0.00034147898411902129 -5.9928136466056201e-05 0.00028631988528003504 -0.00024057012952239759 3.0071430681143991e-05
leaf_weight=58 108 42 38 44 53 32 44 1447 29 29 172 26 43 53
leaf_count=58 108 42 38 44 53 32 44 1447 29 29 172 26 43 53
internal_value=-3.5648e-06 -8.50491e-05 -3.20986e-05 4.01969e-06 -0.000107074 9.64697e-06 4.95126e-06 1.48472e-05 0.0001301 -6.17259e-05 -0.000102039 4.8929e-05 7.26137e-06 -9.23838e-05
internal_weight=2218 188 146 2030 97 1933 1901 1656 209 245 201 180 154 96
internal_count=2218 188 146 2030 97 1933 1901 1656 209 245 201 180 154 96
is_linear=0
shrinkage=0.03


Tree=438
num_leaves=15
num_cat=0
split_feature=4 2 18 5 2 16 18 4 5 5 0 0 0 0
split_gain=0.00144609 0.00385935 0.00468022 0.00317854 0.00697144 0.00409794 0.00223315 0.0045043 0.00204764 0.00368438 0.00341863 0.00257228 0.00256322 0.00216126
threshold=1.5000000000000002 1.0000000180025095e-35 74.125000000000014 31.500000000000004 1.0000000180025095e-35 58.619047619047628 83.875000000000014 2.5000000000000004 32.500000000000007 31.500000000000004 1.5000000000000002 3.5000000000000004 4.5000000000000009 2.5000000000000004
decision_type=2 2 2 2 2 2 2 2 2 2 2 2 2 2
left_child=3 2 8 4 -1 -6 7 -3 9 -2 -10 -11 13 -12
right_child=1 6 -4 -5 5 -7 -8 -9 10 11 12 -13 -14 -15
leaf_value=-0.00045648357850344229 -0.00027081848911101198 0.00023290699853499339 -0.00026832940119193686 4.3144182238490749e-05 0.00029532089356079639 -5.226937863646958e-05 -9.9740272160392791e-05 -1.8010993846957394e-05 -0.00026248072727819242 0.00027015764415066438 -0.00011216578875274325 1.3269151602843323e-06 -0.00017112001666362174 0.00016613963509550723
leaf_weight=35 27 108 101 1005 33 298 75 157 75 52 38 81 63 70
leaf_count=35 27 108 101 1005 33 298 75 157 75 52 38 81 63 70
internal_value=-3.45257e-06 -3.42491e-05 -8.66223e-05 1.55846e-05 -6.00028e-05 -1.68302e-05 4.38735e-05 8.47411e-05 -4.08711e-05 4.25108e-05 -9.50557e-05 0.000107665 -2.05246e-05 6.80867e-05
internal_weight=2218 847 507 1371 366 331 340 265 406 160 246 133 171 108
internal_count=2218 847 507 1371 366 331 340 265 406 160 246 133 171 108
is_linear=0
shrinkage=0.03


Tree=439
num_leaves=15
num_cat=0
split_feature=17 6 17 16 12 16 11 11 18 18 14 12 11 18
split_gain=0.00139751 0.00253009 0.00249353 0.00567583 0.00336191 0.00291528 0.00217034 0.00341276 0.00325335 0.00206789 0.00195214 0.00189309 0.0031202 0.00343571
threshold=19.722295657546347 1.5000000000000002 16.549348861021013 88.928571428571445 77.500000000000014 86.500000000000014 62.500000000000007 79.500000000000014 90.625000000000014 89.125000000000014 93.500000000000014 65.500000000000014 97.500000000000014 91.375000000000014
decision_type=2 2 2 2 2 2 2 2 2 2 2 2 2 2
left_child=1 2 4 5 -1 -4 -2 8 -8 -3 -5 -9 -13 -14
right_child=6 9 3 10 -6 -7 7 11 -10 -11 -12 12 13 -15
leaf_value=0.00041809737832954855 -0.00029067253690942275 -5.6286119493642003e-06 -1.5997429422314693e-05 0.00045367702279830923 6.8240940611880726e-05 -0.0003531549254590313 0.00037710129242623228 -0.00032406440477643627 -2.747712194104679e-05 -0.00027537677193042607 0.00012555651821458014 -0.00035269863750575796 0.0002957864932042347 -8.3269099704921231e-05
leaf_weight=39 33 1577 132 25 66 27 29 29 44 25 47 26 27 92
leaf_count=39 33 1577 132 25 66 27 29 29 44 25 47 26 27 92
internal_value=-3.35849e-06 5.70429e-06 8.04224e-05 2.50272e-05 0.000200906 -7.51e-05 -6.58829e-05 -3.47993e-05 0.00013617 -1.00073e-05 0.000244141 -0.000106896 -6.15402e-05 4.4833e-06
internal_weight=2218 1938 336 231 105 159 280 247 73 1602 72 174 145 119
internal_count=2218 1938 336 231 105 159 280 247 73 1602 72 174 145 119
is_linear=0
shrinkage=0.03


Tree=440
num_leaves=15
num_cat=0
split_feature=6 15 18 12 17 13 12 17 12 17 17 7 12 12
split_gain=0.00145965 0.00408864 0.00246623 0.00301744 0.00203318 0.00272003 0.00411607 0.0020775 0.00169715 0.00306633 0.00258378 0.00359973 0.00348026 0.00304631
threshold=3.5000000000000004 54.583333333333336 69.291666666666671 36.500000000000007 12.921005415692848 57.500000000000007 60.500000000000007 13.237752650585497 50.500000000000007 16.098210268998752 14.985707476506365 14.500000000000002 63.500000000000007 80.500000000000014
decision_type=2 2 2 2 2 2 2 2 2 2 2 2 2 2
left_child=1 -1 3 -2 5 -3 -7 -6 9 -9 11 12 -10 -13
right_child=2 4 -4 -5 7 6 -8 8 10 -11 -12 13 -14 -15
leaf_value=0.00035534167673176851 -0.00030976190607273765 0.00039380503067929699 -0.00032198128260251202 -4.6820281730391116e-06 -0.00024300851440057161 0.00032561292796162884 -0.00011901514912024141 -7.6454818459377044e-06 0.00051059583226630749 -0.00039160182379209096 -1.2243632637702441e-07 -0.00021143336043915833 0.00012710664861168922 0.00019514446666177648
leaf_weight=31 30 27 25 497 29 29 49 67 25 25 1202 45 125 25
leaf_count=31 30 27 25 497 29 29 49 67 25 25 1202 45 125 25
internal_value=5.55958e-06 1.94731e-05 -3.67193e-05 -2.26028e-05 1.29435e-05 0.000140039 4.83244e-05 4.20963e-06 9.10226e-06 -0.00011507 1.72111e-05 0.000111488 0.00019398 -6.55236e-05
internal_weight=2231 1679 552 527 1648 105 78 1543 1514 92 1422 220 150 70
internal_count=2231 1679 552 527 1648 105 78 1543 1514 92 1422 220 150 70
is_linear=0
shrinkage=0.03


Tree=441
num_leaves=15
num_cat=0
split_feature=17 17 12 13 14 14 14 16 7 13 17 13 4 16
split_gain=0.00109624 0.00364838 0.00220193 0.00259768 0.00224887 0.00200928 0.00494639 0.00283306 0.00184957 0.00183308 0.00171721 0.00164129 0.00152816 0.00151107
threshold=12.983506020001364 13.12667219774354 48.500000000000007 47.500000000000007 62.500000000000007 50.500000000000007 41.500000000000007 56.357142857142868 14.500000000000002 60.500000000000007 12.500476145128383 43.500000000000007 1.5000000000000002 56.357142857142868
decision_type=2 2 2 2 2 2 2 2 2 2 2 2 2 2
left_child=2 -2 3 -1 8 6 -4 -7 -5 -9 -11 12 -3 -13
right_child=1 11 5 4 -6 7 -8 9 -10 10 -12 13 -14 -15
leaf_value=0.00038941476920304158 -0.00031249378862626412 -1.3241821116852488e-06 -0.00010284935764502734 9.2621271340668988e-05 0.00023847076864331028 -0.00020436744311258995 0.00036411892290925604 0.00016623304735629871 -0.00023418248314835812 -0.00017496040041380107 0.00011591628655150998 0.00021781259173985745 -0.00029455334246449635 3.017520283082265e-06
leaf_weight=30 33 32 41 38 44 69 39 53 25 46 29 29 31 1692
leaf_count=30 33 32 41 38 44 69 39 53 25 46 29 29 31 1692
internal_value=5.39681e-06 -4.6486e-06 4.93899e-05 0.000147294 7.64321e-05 6.1258e-07 0.000126483 -5.08828e-05 -3.86955e-05 3.27979e-05 -6.24428e-05 1.21772e-06 -0.000147959 6.76135e-06
internal_weight=2231 1817 414 137 107 277 80 197 63 128 75 1784 63 1721
internal_count=2231 1817 414 137 107 277 80 197 63 128 75 1784 63 1721
is_linear=0
shrinkage=0.03


Tree=442
num_leaves=15
num_cat=0
split_feature=6 16 12 12 18 15 17 13 13 13 11 11 11 11
split_gain=0.00137832 0.00395163 0.00377166 0.00232151 0.00248457 0.00162072 0.00219151 0.00199997 0.00623511 0.00260117 0.00173336 0.00286837 0.00214417 0.00156295
threshold=3.5000000000000004 62.500000000000007 48.500000000000007 36.500000000000007 69.125000000000014 55.500000000000007 11.444482923842051 71.500000000000014 78.500000000000014 69.500000000000014 37.500000000000007 61.500000000000007 52.500000000000007 50.500000000000007
decision_type=2 2 2 2 2 2 2 2 2 2 2 2 2 2
left_child=1 2 -1 -2 5 10 -7 9 -9 -8 -5 12 -12 -3
right_child=3 13 -4 4 -6 6 7 8 -10 -11 11 -13 -14 -15
leaf_value=0.00039001276199485347 -0.00028389149101712972 -0.00012879717099634503 4.9555412956283659e-05 -0.0001207875002748207 -0.00030644124654757501 -0.00027131721723292558 -1.6213946410653885e-05 -0.00043003137302081529 0.00010817005341622705 0.00027882073310820488 0.0001068917623233574 -9.7139911016380545e-05 0.00040704981086310001 1.2472669064250859e-05
leaf_weight=47 31 73 76 36 25 34 168 36 40 31 79 43 29 1483
leaf_count=47 31 73 76 36 25 34 168 36 40 31 79 43 29 1483
internal_value=5.23843e-06 1.87588e-05 0.000181745 -3.58456e-05 -2.05711e-05 -5.57473e-06 -4.77103e-05 -1.91815e-05 -0.000149041 3.09105e-05 6.39337e-05 0.000108478 0.000190485 5.76651e-06
internal_weight=2231 1679 123 552 521 496 309 275 76 199 187 151 108 1556
internal_count=2231 1679 123 552 521 496 309 275 76 199 187 151 108 1556
is_linear=0
shrinkage=0.03


Tree=443
num_leaves=15
num_cat=0
split_feature=6 15 12 15 16 12 11 15 13 16 16 17 16 11
split_gain=0.0012988 0.00372606 0.00218853 0.00221782 0.00204348 0.00278125 0.00222855 0.00259542 0.00238757 0.00375876 0.00330821 0.00208102 0.00206585 0.00202777
threshold=3.5000000000000004 54.583333333333336 36.500000000000007 58.500000000000007 62.500000000000007 50.500000000000007 50.500000000000007 73.166666666666671 52.500000000000007 65.214285714285737 68.309523809523824 12.893889275369188 68.928571428571445 51.500000000000007
decision_type=2 2 2 2 2 2 2 2 2 2 2 2 2 2
left_child=1 -1 -2 -4 11 12 -7 8 10 -10 -8 -3 -6 -5
right_child=2 4 3 13 5 6 7 -9 9 -11 -12 -13 -14 -15
leaf_value=0.00033883182688441591 -0.00027564089014049388 0.00031827661338243874 4.0562598515770218e-05 5.8042779231019429e-05 -5.9329063345847475e-05 -0.00016167179002271343 0.00013456032004070876 -3.3804857474967642e-06 -0.00018668487824595952 0.00017623375414787312 -0.00020556088735568609 3.5654629949325073e-05 -0.00038212879974808956 -0.00013335092816435331
leaf_weight=31 31 37 266 67 54 62 51 1043 28 235 50 62 26 188
leaf_count=31 31 37 266 67 54 62 51 1043 28 235 50 62 26 188
internal_value=5.07723e-06 1.82018e-05 -3.48042e-05 -1.99736e-05 1.19687e-05 3.4811e-06 1.2909e-05 2.07114e-05 8.95639e-05 0.000137035 -3.41811e-05 0.000143408 -0.000167661 -8.30329e-05
internal_weight=2231 1679 552 521 1648 1549 1469 1407 364 263 101 99 80 255
internal_count=2231 1679 552 521 1648 1549 1469 1407 364 263 101 99 80 255
is_linear=0
shrinkage=0.03


Tree=444
num_leaves=15
num_cat=0
split_feature=6 16 17 18 12 16 11 11 16 14 16 17 17 4
split_gain=0.00122285 0.00350009 0.00359739 0.00214607 0.00261303 0.00154365 0.00142035 0.00278514 0.00286137 0.00246158 0.00399928 0.00342901 0.00221201 0.00332544
threshold=3.5000000000000004 62.500000000000007 12.893889275369188 69.291666666666671 36.500000000000007 59.500000000000007 54.500000000000007 41.500000000000007 53.071428571428577 65.500000000000014 60.619047619047628 13.86499532052146 13.311291184221112 1.5000000000000002
decision_type=2 2 2 2 2 2 2 2 2 2 2 2 2 2
left_child=1 2 -1 4 -2 -4 7 8 -6 11 -11 -8 13 -9
right_child=3 -3 5 -5 6 -7 9 12 -10 10 -12 -13 -14 -15
leaf_value=0.00037100832074243878 -0.00028783320006163369 5.4283496731522358e-06 -0.00012886494415579363 -0.00029987842903490391 4.7920460976679255e-05 0.0001467330134944356 -0.00018532708851463602 0.00043044005642150297 -0.0003286807821533675 0.00038315494700024523 -4.5288425535545681e-05 0.00012439176689700354 1.3520948402426281e-05 1.9498670008033516e-05
leaf_weight=48 30 1556 29 25 48 46 139 39 28 26 71 41 73 32
leaf_count=48 30 1556 29 25 48 46 139 39 28 26 71 41 73 32
internal_value=4.9208e-06 1.76559e-05 0.000171048 -3.37769e-05 -2.06094e-05 3.9875e-05 -3.93364e-06 5.28415e-05 -9.3294e-05 -4.90537e-05 7.229e-05 -0.000114483 0.00013008 0.00024807
internal_weight=2231 1679 123 552 527 75 497 220 76 277 97 180 144 71
internal_count=2231 1679 123 552 527 75 497 220 76 277 97 180 144 71
is_linear=0
shrinkage=0.03


Tree=445
num_leaves=15
num_cat=0
split_feature=14 14 14 12 11 11 16 11 18 2 5 16 6 15
split_gain=0.00208242 0.00302503 0.0027443 0.00178251 0.00141173 0.00363912 0.00176989 0.00333938 0.00376691 0.00300894 0.00402105 0.00295405 0.00292416 0.00351881
threshold=106.50000000000001 120.00000000000001 105.50000000000001 1.0000000180025095e-35 107.50000000000001 117.50000000000001 80.357142857142875 61.500000000000007 83.375000000000014 1.0000000180025095e-35 31.500000000000004 78.214285714285737 1.5000000000000002 73.833333333333357
decision_type=2 2 2 2 2 2 2 2 2 2 2 2 2 2
left_child=2 -2 3 -1 6 -6 9 -8 -9 10 -5 -12 -11 -14
right_child=1 -3 -4 4 5 -7 7 8 -10 12 11 -13 13 -15
leaf_value=0.00023964011136235459 -0.00027237485042058907 9.1274855949450282e-05 0.00030754051854063824 -0.0002796977985322048 -0.00033500734528598303 7.8600445060721146e-05 -0.00019079483821216221 0.00020840660607468128 1.4142748931842813e-05 0.00031174365281393481 -1.4771129835606238e-05 -0.00020787480210714563 8.2785383000019098e-05 -0.0001034112387772626
leaf_weight=26 58 31 25 60 38 37 45 134 269 34 966 76 301 130
leaf_count=26 58 31 25 60 38 37 45 134 269 34 966 76 301 130
internal_value=-4.73817e-06 -0.000146104 1.20377e-06 -2.55908e-06 -5.68525e-06 -0.000132611 -8.97518e-07 5.16189e-05 7.90927e-05 -1.59351e-05 -4.29298e-05 -2.90413e-05 4.79943e-05 2.65146e-05
internal_weight=2230 89 2141 2116 2090 75 2015 448 403 1567 1102 1042 465 431
internal_count=2230 89 2141 2116 2090 75 2015 448 403 1567 1102 1042 465 431
is_linear=0
shrinkage=0.03


Tree=446
num_leaves=15
num_cat=0
split_feature=17 5 4 2 4 17 14 18 5 17 16 16 5 17
split_gain=0.00215862 0.00203629 0.00918065 0.00724416 0.00390555 0.0033546 0.00478067 0.0027447 0.00182136 0.00609397 0.00424562 0.00517939 0.00506042 0.00387416
threshold=12.943098784288242 32.500000000000007 1.5000000000000002 1.0000000180025095e-35 1.5000000000000002 11.828335492684399 63.500000000000007 56.375000000000007 32.500000000000007 20.028551049510906 78.500000000000014 73.214285714285737 31.500000000000004 13.34701678813841
decision_type=2 2 2 2 2 2 2 2 2 2 2 2 2 2
left_child=1 3 5 4 -1 -3 -7 -5 9 10 11 -2 -12 -10
right_child=8 2 -4 7 -6 6 -8 -9 13 -11 12 -13 -14 -15
leaf_value=-0.00044537960871055378 4.8783986175017757e-05 0.00059224227147163162 -3.8174735237774259e-05 0.00033600764407548341 -3.1567548759757414e-05 -7.6845452484641485e-05 0.00048018867511668114 1.09029483899255e-05 -0.00030508558556903155 -0.00019817172012831592 4.1583637351216961e-05 -0.00015647293685334856 0.00032246043631554733 -3.3396346955874313e-05
leaf_weight=37 413 33 132 43 45 27 27 50 49 109 162 150 89 864
leaf_count=37 413 33 132 43 45 27 27 50 49 109 162 150 89 864
internal_value=-4.59696e-06 5.9029e-05 0.000119785 -1.72508e-05 -0.000221404 0.000357157 0.000205338 0.000163196 -1.82756e-05 1.14392e-05 3.97162e-05 -6.08306e-06 0.000142062 -4.82955e-05
internal_weight=2230 394 219 175 82 87 54 93 1836 923 814 563 251 913
internal_count=2230 394 219 175 82 87 54 93 1836 923 814 563 251 913
is_linear=0
shrinkage=0.03


Tree=447
num_leaves=15
num_cat=0
split_feature=17 5 4 5 4 17 14 11 5 17 16 16 5 4
split_gain=0.0020347 0.00192035 0.00865376 0.00529896 0.00397261 0.00316139 0.00450808 0.00207523 0.00171449 0.00573698 0.00399743 0.00487498 0.00476484 0.00386578
threshold=12.943098784288242 32.500000000000007 1.5000000000000002 31.500000000000004 1.5000000000000002 11.828335492684399 63.500000000000007 46.500000000000007 32.500000000000007 20.028551049510906 78.500000000000014 73.214285714285737 31.500000000000004 1.5000000000000002
decision_type=2 2 2 2 2 2 2 2 2 2 2 2 2 2
left_child=1 3 5 7 -5 -3 -7 -1 9 10 11 -2 -12 -10
right_child=8 2 -4 4 -6 6 -8 -9 13 -11 12 -13 -14 -15
leaf_value=0.00034483571795539722 4.7324002712823289e-05 0.00057499757523627902 -3.7038103752608474e-05 -0.00047214993527309302 -1.9189075143757934e-05 -7.4622418032959097e-05 0.00046629750889094014 3.9548414219098049e-05 -1.9492839521191462e-05 -0.0001922806190473652 4.034377969442538e-05 -0.00015180983525001074 0.00031289411667967214 -0.00018610658771067392
leaf_weight=26 413 33 132 30 40 27 27 79 764 109 162 150 89 149
leaf_count=26 413 33 132 30 40 27 27 79 764 109 162 150 89 149
internal_value=-4.45169e-06 5.7321e-05 0.000116322 -1.67555e-05 -0.000217231 0.000346782 0.000199398 0.000117683 -1.77319e-05 1.10979e-05 3.85342e-05 -5.90629e-06 0.000137843 -4.68578e-05
internal_weight=2230 394 219 175 70 87 54 105 1836 923 814 563 251 913
internal_count=2230 394 219 175 70 87 54 105 1836 923 814 563 251 913
is_linear=0
shrinkage=0.03


Tree=448
num_leaves=15
num_cat=0
split_feature=14 14 14 18 13 0 14 14 6 11 2 14 14 15
split_gain=0.00188789 0.00287471 0.0025673 0.00164775 0.00223482 0.00216987 0.00158254 0.00330526 0.00265408 0.00289956 0.00210784 0.0020901 0.00362745 0.00334411
threshold=106.50000000000001 120.00000000000001 105.50000000000001 52.125000000000007 42.500000000000007 2.5000000000000004 45.500000000000007 42.500000000000007 2.5000000000000004 72.500000000000014 1.0000000180025095e-35 53.500000000000007 54.500000000000007 59.500000000000007
decision_type=2 2 2 2 2 2 2 2 2 2 2 2 2 2
left_child=2 -2 3 4 5 -1 7 8 -5 10 -10 13 -13 -8
right_child=1 -3 -4 6 -6 -7 11 -9 9 -11 -12 12 -14 -15
leaf_value=0.00044391914217088084 -0.00026201880857608899 9.2413620986917525e-05 0.00029764172707263449 -0.00019237892600083899 1.9650173635454848e-06 6.9572260908898901e-05 0.00029792615386003697 -0.00030354138858122178 -0.00019933033297586788 0.00032941665566925486 0.00011770916891159354 -0.00025602399353992267 -3.535968819932403e-06 1.7873671388991392e-05
leaf_weight=25 58 31 25 52 91 31 51 48 34 27 40 52 1518 147
leaf_count=25 58 31 25 52 91 31 51 48 34 27 40 52 1518 147
internal_value=-4.30909e-06 -0.00013891 1.34841e-06 -2.29116e-06 9.42499e-05 0.000241548 -9.54283e-06 -8.90912e-05 -2.02786e-05 6.93449e-05 -2.86731e-05 -4.53898e-07 -1.20563e-05 9.1143e-05
internal_weight=2230 89 2141 2116 147 56 1969 201 153 101 74 1768 1570 198
internal_count=2230 89 2141 2116 147 56 1969 201 153 101 74 1768 1570 198
is_linear=0
shrinkage=0.03


Tree=449
num_leaves=15
num_cat=0
split_feature=17 5 4 2 4 17 16 18 5 17 16 16 5 11
split_gain=0.00185708 0.00182604 0.00825915 0.00647913 0.00348003 0.00295372 0.00418096 0.0025396 0.0015992 0.00532609 0.00377782 0.0045533 0.00447456 0.00372521
threshold=12.943098784288242 32.500000000000007 1.5000000000000002 1.0000000180025095e-35 1.5000000000000002 11.828335492684399 59.928571428571438 56.375000000000007 32.500000000000007 20.028551049510906 78.500000000000014 73.214285714285737 31.500000000000004 90.500000000000014
decision_type=2 2 2 2 2 2 2 2 2 2 2 2 2 2
left_child=1 3 5 4 -1 -3 -7 -5 9 10 11 -2 -12 -14
right_child=8 2 -4 7 -6 6 -8 -9 -10 -11 12 -13 13 -15
leaf_value=-0.00042188066158958365 4.5659336215001109e-05 0.00055815035398529072 -3.7438578452237468e-05 0.00031949873330383772 -3.1224144796673815e-05 -8.8309368964893602e-05 0.0004340270856046118 6.8535756401936796e-06 -4.499070915062276e-05 -0.00018497840109260073 3.947447995945206e-05 -0.00014679234474650435 0.00013922989937580294 0.00053527537988171591
leaf_weight=37 413 33 132 43 45 25 29 50 913 109 162 150 53 36
leaf_count=37 413 33 132 43 45 25 29 50 913 109 162 150 53 36
internal_value=-4.17374e-06 5.48411e-05 0.000112375 -1.73881e-05 -0.000210455 0.000337521 0.000194996 0.000153271 -1.68611e-05 1.09823e-05 3.74175e-05 -5.78489e-06 0.00013396 0.000303596
internal_weight=2230 394 219 175 82 87 54 93 1836 923 814 563 251 89
internal_count=2230 394 219 175 82 87 54 93 1836 923 814 563 251 89
is_linear=0
shrinkage=0.03


Tree=450
num_leaves=15
num_cat=0
split_feature=12 12 12 17 15 12 15 17 0 5 2 5 15 12
split_gain=0.0013007 0.00267191 0.00239669 0.00124563 0.00168226 0.0027124 0.00203037 0.00157914 0.00343664 0.00338945 0.001491 0.00572946 0.00234086 0.0033041
threshold=107.50000000000001 105.50000000000001 111.50000000000001 22.298302248130305 97.166666666666671 92.500000000000014 95.166666666666671 20.028551049510906 4.5000000000000009 32.500000000000007 1.0000000180025095e-35 31.500000000000004 72.416666666666671 57.500000000000007
decision_type=2 2 2 2 2 2 2 2 2 2 2 2 2 2
left_child=1 3 -2 4 6 -6 7 10 9 -9 11 -1 -12 -14
right_child=2 -3 -4 -5 5 -7 -8 8 -10 -11 12 -13 13 -15
leaf_value=-0.00028592950047011699 -0.00030392918188590552 0.00029293472170107196 3.125429374544617e-06 0.00016467407482975561 -0.00033398290397599337 6.6683476358905743e-05 0.00023087464095026785 -0.00047655817301711065 0.00016116754313071186 -1.698465582288416e-05 0.00010273504281512406 3.0021038965894271e-06 -0.00028734025131901337 2.3971078915372766e-05
leaf_weight=64 34 28 66 41 33 27 34 29 25 28 305 1242 35 207
leaf_count=64 34 28 66 41 33 27 34 29 25 28 305 1242 35 207
internal_value=1.91066e-06 6.96982e-06 -0.000103249 2.96212e-06 -3.85102e-07 -0.000155546 4.41956e-06 3.23302e-07 -0.000127698 -0.000254988 6.0544e-06 -1.13648e-05 4.75888e-05 -2.20505e-05
internal_weight=2198 2098 100 2070 2029 60 1969 1935 82 57 1853 1306 547 242
internal_count=2198 2098 100 2070 2029 60 1969 1935 82 57 1853 1306 547 242
is_linear=0
shrinkage=0.03


Tree=451
num_leaves=15
num_cat=0
split_feature=15 11 11 17 11 2 15 13 11 13 14 15 14 1
split_gain=0.00126631 0.00278256 0.00184644 0.0070356 0.00235707 0.00196869 0.00180911 0.00304071 0.00247301 0.00172577 0.00604734 0.0029365 0.00210036 0.00287025
threshold=52.500000000000007 41.500000000000007 53.500000000000007 13.825442385068433 51.500000000000007 1.0000000180025095e-35 50.500000000000007 44.500000000000007 43.500000000000007 45.500000000000007 62.500000000000007 58.833333333333336 55.500000000000007 1.0000000180025095e-35
decision_type=2 2 2 2 2 2 2 2 2 2 2 2 2 2
left_child=6 -2 3 -3 5 -5 7 8 -1 10 11 -4 13 -11
right_child=1 2 9 4 -6 -7 -8 -9 -10 12 -12 -13 -14 -15
leaf_value=0.00037122203729613205 -0.00024911839381519069 0.0003273061148502165 0.00027148466103244569 -0.00014204322069553683 0.00021358793612307635 8.3271953525791809e-05 0.00025248414928293121 -0.00013225240081173351 -1.6753201433006794e-05 -2.5436690342469148e-05 -0.00041300586227695994 -0.00013060512252801952 1.4493768150537612e-05 -0.00024188329799748633
leaf_weight=28 40 71 29 106 31 51 41 57 30 276 40 35 1295 68
leaf_count=28 40 71 29 106 31 51 41 57 30 276 40 35 1295 68
internal_value=1.8444e-06 -4.46596e-06 5.44133e-07 7.51245e-05 -2.13422e-05 -6.87879e-05 8.39477e-05 2.22022e-05 0.000173663 -1.05748e-05 -0.000128481 5.29655e-05 -3.0195e-06 -6.87997e-05
internal_weight=2198 2042 2002 259 188 157 156 115 58 1743 104 64 1639 344
internal_count=2198 2042 2002 259 188 157 156 115 58 1743 104 64 1639 344
is_linear=0
shrinkage=0.03


Tree=452
num_leaves=15
num_cat=0
split_feature=12 12 12 6 16 16 12 0 12 0 17 13 11 13
split_gain=0.00123238 0.00251269 0.0022604 0.00146508 0.0025278 0.00250049 0.00273596 0.00328249 0.00263728 0.00259423 0.00404064 0.00296551 0.00223875 0.00239636
threshold=107.50000000000001 105.50000000000001 111.50000000000001 1.5000000000000002 86.928571428571445 75.642857142857153 57.500000000000007 2.5000000000000004 62.500000000000007 1.5000000000000002 19.722295657546347 62.500000000000007 106.50000000000001 107.50000000000001
decision_type=2 2 2 2 2 2 2 2 2 2 2 2 2 2
left_child=1 3 -2 5 -5 6 -1 -8 -7 10 -10 -11 13 -13
right_child=2 -3 -4 4 -6 8 7 -9 9 11 -12 12 -14 -15
leaf_value=0.00043131553919199085 -0.00029545997854854377 0.00028402989577820149 2.7412277977961835e-06 -4.7517780669941556e-06 -0.00027401979848491466 -0.00018984530094360018 -0.00012978886893132071 0.00028752455417655739 0.00040038175810456399 -0.00030584454420022665 -4.0850134699472357e-05 0.00019137654514012731 -0.00012850797131112865 -7.9921824574595029e-05
leaf_weight=28 34 28 66 1615 31 48 33 33 40 25 34 88 52 43
leaf_count=28 34 28 66 1615 31 48 33 33 40 25 34 88 52 43
internal_value=1.79156e-06 6.71609e-06 -0.000100569 2.82965e-06 -9.98634e-06 5.24887e-05 0.000188118 8.0045e-05 1.34035e-05 4.85476e-05 0.000199812 -5.96616e-06 3.64404e-05 0.000102394
internal_weight=2198 2098 100 2070 1646 424 94 66 330 282 74 208 183 131
internal_count=2198 2098 100 2070 1646 424 94 66 330 282 74 208 183 131
is_linear=0
shrinkage=0.03


Tree=453
num_leaves=15
num_cat=0
split_feature=18 13 6 14 17 18 13 18 12 7 14 14 17 12
split_gain=0.00125048 0.00582109 0.00327871 0.0040809 0.00258099 0.00334924 0.00249625 0.00224253 0.00249352 0.00216351 0.00208042 0.00243838 0.00288504 0.00192202
threshold=73.625000000000014 52.500000000000007 3.5000000000000004 40.500000000000007 12.921005415692848 72.125000000000014 46.500000000000007 58.583333333333336 65.500000000000014 14.500000000000002 46.500000000000007 85.000000000000014 16.485202030547203 55.500000000000007
decision_type=2 2 2 2 2 2 2 2 2 2 2 2 2 2
left_child=2 -2 3 -1 9 6 -6 -4 -9 -5 -8 -12 -13 -3
right_child=1 13 7 4 5 -7 10 8 -10 -11 11 12 -14 -15
leaf_value=0.00043039917855316567 -0.00045690866818896814 -0.00015995123042860843 2.90795924686083e-05 0.00031342074235190485 -0.00020282546767006387 0.00029061787284808815 -0.00019093638212477041 -0.00019802351490742976 -1.1891577224879575e-05 1.0722118388262711e-05 9.5914831471704087e-05 -0.00024626171547424745 5.510316777590688e-05 8.6910855275540608e-07
leaf_weight=26 26 71 269 56 46 39 35 115 147 34 276 47 70 941
leaf_count=26 26 71 269 56 46 39 35 115 147 34 276 47 70 941
internal_value=1.73984e-06 -2.21697e-05 2.31354e-05 6.94276e-05 5.31765e-05 2.70007e-05 4.74456e-06 -3.17278e-05 -9.4033e-05 0.000200442 2.74743e-05 4.73608e-05 -6.7019e-05 -1.05605e-05
internal_weight=2198 1038 1160 629 603 513 474 531 262 90 428 393 117 1012
internal_count=2198 1038 1160 629 603 513 474 531 262 90 428 393 117 1012
is_linear=0
shrinkage=0.03


Tree=454
num_leaves=15
num_cat=0
split_feature=18 13 16 14 13 11 17 16 13 14 11 7 13 14
split_gain=0.00117805 0.0054898 0.00248754 0.00269383 0.00343968 0.00300986 0.00234764 0.00280017 0.00429358 0.0025442 0.00225902 0.00204111 0.00196517 0.00283429
threshold=73.625000000000014 52.500000000000007 76.357142857142875 61.500000000000007 45.500000000000007 60.500000000000007 13.825442385068433 67.357142857142875 75.500000000000014 65.500000000000014 83.500000000000014 14.500000000000002 44.500000000000007 49.500000000000007
decision_type=2 2 2 2 2 2 2 2 2 2 2 2 2 2
left_child=2 -2 3 10 5 -5 7 8 9 -6 12 -11 -1 -14
right_child=1 -3 -4 4 6 -7 -8 -9 -10 11 -12 -13 13 -15
leaf_value=0.00016358295759917902 -0.0004437090855208225 -1.0248398703876808e-05 0.00025799636205192655 1.2303213672047214e-05 -0.00011383623918792341 -0.00039719248779147165 -5.6457812590550584e-05 -0.00013971176855072067 0.00045268898921494837 0.00026011653436743758 0.00031655291595961897 -2.4438738626869099e-05 -5.927217244617708e-05 0.00010142213660531394
leaf_weight=104 26 1012 38 27 50 39 312 44 29 57 29 37 206 188
leaf_count=104 26 1012 38 27 50 39 312 44 29 57 29 37 206 188
internal_value=1.68436e-06 -2.15224e-05 2.24511e-05 1.42509e-05 -2.94772e-05 -0.000231988 -3.82116e-06 7.1771e-05 0.000126052 5.7603e-05 6.35838e-05 0.000149032 4.82478e-05 1.74669e-05
internal_weight=2198 1038 1160 1122 595 66 529 217 173 144 527 94 498 394
internal_count=2198 1038 1160 1122 595 66 529 217 173 144 527 94 498 394
is_linear=0
shrinkage=0.03


Tree=455
num_leaves=15
num_cat=0
split_feature=6 12 12 18 4 5 17 6 16 18 12 16 18 16
split_gain=0.0021456 0.00365417 0.00254015 0.00209764 0.00229159 0.00191774 0.00187615 0.00420956 0.00400458 0.00327614 0.00187563 0.00283475 0.00173874 0.00461201
threshold=1.5000000000000002 57.500000000000007 62.500000000000007 85.375000000000014 1.0000000180025095e-35 32.500000000000007 18.819946167732713 3.5000000000000004 78.309523809523824 64.625000000000014 76.500000000000014 86.500000000000014 74.125000000000014 79.785714285714292
decision_type=2 2 2 2 2 2 2 2 2 2 2 2 2 2
left_child=1 -1 -3 4 6 -5 7 8 -2 -9 11 -4 -6 -14
right_child=3 2 10 5 12 -7 -8 9 -10 -11 -12 -13 13 -15
leaf_value=0.00029241635395652228 0.00061250490037939294 -0.0002418846146465512 0.00039916702028858708 1.5171801651376882e-05 -3.3817713206406641e-06 -0.00028707100391329733 -7.2560753026703855e-05 0.00019243762052878187 0.00012233590485074704 -0.00022404479508301899 9.6983779168910296e-06 5.9549984575353628e-05 -0.00016062507395824804 6.5134261948135346e-05
leaf_weight=50 25 29 29 31 1070 47 45 33 37 33 372 86 227 126
leaf_count=50 25 29 29 31 1070 47 45 33 37 33 372 86 227 126
internal_value=-3.01093e-07 5.01412e-05 2.61447e-05 -1.7376e-05 -9.90037e-06 -0.000168277 9.28819e-05 0.000151157 0.00032657 -1.60395e-05 4.25683e-05 0.000147895 -2.24525e-05 -8.00861e-05
internal_weight=2240 566 516 1674 1596 78 173 128 62 66 487 115 1423 353
internal_count=2240 566 516 1674 1596 78 173 128 62 66 487 115 1423 353
is_linear=0
shrinkage=0.03


Tree=456
num_leaves=15
num_cat=0
split_feature=6 14 18 8 17 16 17 17 18 8 14 12 15 16
split_gain=0.0020202 0.00397069 0.00197658 0.00182189 0.00181051 0.00180595 0.00288044 0.00286481 0.00258208 0.00261659 0.002764 0.00238744 0.00200093 0.00474092
threshold=1.5000000000000002 48.500000000000007 85.375000000000014 4.4000000000000012 20.028551049510906 76.357142857142875 16.297823335795602 13.877868617311664 74.125000000000014 4.4000000000000012 63.500000000000007 75.500000000000014 72.166666666666671 66.845238095238116
decision_type=2 2 2 2 2 2 2 2 2 2 2 2 2 2
left_child=1 -1 4 -4 5 8 7 -7 12 10 -10 -11 -2 -14
right_child=2 -3 3 -5 -6 6 -8 -9 9 11 -12 -13 13 -15
leaf_value=0.00039702975600708411 -2.1287700767942689e-05 3.0510894284917512e-05 -0.00032083214415858189 -3.0756657810839398e-05 -0.0002329785324900513 -2.0341388560060796e-05 7.9369932672721964e-06 0.00036079969679576608 -0.00049078172350193428 0.00014221071607895089 -6.3896222524747895e-05 -0.00017473992033937603 -0.00023836157517507673 0.00018559112946873622
leaf_weight=27 969 539 35 43 31 28 238 47 30 37 25 48 29 114
leaf_count=27 969 539 35 43 31 28 238 47 30 37 25 48 29 114
internal_value=-2.81634e-07 4.86644e-05 -1.68501e-05 -0.000163332 -9.59337e-06 -5.02254e-06 5.93166e-05 0.000220112 -2.11418e-05 -0.000142084 -0.000301349 -3.67238e-05 -5.80138e-06 9.85565e-05
internal_weight=2240 566 1674 78 1596 1565 313 75 1252 140 55 85 1112 143
internal_count=2240 566 1674 78 1596 1565 313 75 1252 140 55 85 1112 143
is_linear=0
shrinkage=0.03


Tree=457
num_leaves=15
num_cat=0
split_feature=6 14 18 13 5 11 18 17 11 7 18 17 17 17
split_gain=0.00190312 0.00374494 0.00186284 0.00201913 0.00179703 0.001502 0.00194501 0.00395427 0.0031642 0.0018387 0.00167141 0.00265397 0.00226304 0.00205408
threshold=1.5000000000000002 48.500000000000007 85.375000000000014 1.0000000180025095e-35 32.500000000000007 62.500000000000007 88.125000000000014 19.41158220778323 93.500000000000014 14.500000000000002 89.375000000000014 19.722295657546347 16.998599382077938 20.138804050176944
decision_type=2 2 2 2 2 2 2 2 2 2 2 2 2 2
left_child=1 -1 3 -2 -4 -3 7 8 9 -7 -8 12 -12 -13
right_child=2 5 4 -5 -6 6 10 -9 -10 -11 11 13 -14 -15
leaf_value=0.00038554425823219521 -0.00026654620357375181 -9.0491171933422264e-05 1.8888091790358886e-05 -4.8889995591253243e-06 -0.00027356498179869959 6.3822732546315003e-05 -0.00016937721912675194 0.00039884623308592524 0.00032916841304540866 -0.00019145282054622027 -3.8425762840132742e-05 -0.00027375411164636416 0.00031038913383267552 1.2289739966395867e-05
leaf_weight=27 26 79 31 1570 47 80 43 37 29 36 26 26 45 138
leaf_count=27 26 79 31 1570 47 80 43 37 29 36 26 26 45 138
internal_value=-2.79475e-07 4.72271e-05 -1.63606e-05 -9.31582e-06 -0.000158566 2.95973e-05 5.03727e-05 0.000126323 5.4527e-05 -1.63599e-05 3.7534e-07 3.20225e-05 0.000183895 -3.4443e-05
internal_weight=2240 566 1674 1596 78 539 460 182 145 116 278 235 71 164
internal_count=2240 566 1674 1596 78 539 460 182 145 116 278 235 71 164
is_linear=0
shrinkage=0.03


Tree=458
num_leaves=15
num_cat=0
split_feature=6 14 18 4 14 14 14 13 17 16 18 16 7 16
split_gain=0.00179346 0.00353165 0.00175496 0.00214669 0.00181979 0.00273146 0.00287374 0.00174758 0.00174154 0.00393525 0.00348984 0.00327197 0.00170864 0.00166291
threshold=1.5000000000000002 48.500000000000007 85.375000000000014 1.0000000180025095e-35 100.50000000000001 89.500000000000014 87.500000000000014 1.0000000180025095e-35 18.819946167732713 71.309523809523824 64.625000000000014 78.309523809523824 11.000000000000002 82.309523809523824
decision_type=2 2 2 2 2 2 2 2 2 2 2 2 2 2
left_child=1 -1 3 8 5 6 7 -5 9 10 -2 -11 -4 -9
right_child=2 -3 12 4 -6 -7 -8 13 -10 11 -12 -13 -14 -15
leaf_value=0.00037439101451517277 0.00018759649118531822 2.872884616226656e-05 -0.00030642008986130043 -0.00025884595887166345 0.00022754185950501636 -0.00017073455609230829 0.00029856953857233749 -2.0571281793421866e-05 -6.897349503402517e-05 0.00054764838391465362 -0.00025254830154740522 0.00011783764875297875 -2.5623094936070793e-05 0.00019529186019843275
leaf_weight=27 33 539 35 26 25 107 25 1208 45 28 30 37 43 32
leaf_count=27 33 539 35 26 25 107 25 1208 45 28 30 37 43 32
internal_value=-2.68274e-07 4.58493e-05 -1.58792e-05 -9.04145e-06 -2.11905e-05 -2.5798e-05 -1.36626e-05 -2.00591e-05 9.04376e-05 0.000146581 -2.26674e-05 0.000308479 -0.000153906 -1.48477e-05
internal_weight=2240 566 1674 1596 1423 1398 1291 1266 173 128 63 65 78 1240
internal_count=2240 566 1674 1596 1423 1398 1291 1266 173 128 63 65 78 1240
is_linear=0
shrinkage=0.03


Tree=459
num_leaves=15
num_cat=0
split_feature=4 13 17 17 17 16 16 0 4 5 4 4 14 17
split_gain=0.00171064 0.00286734 0.0015606 0.0035496 0.00169539 0.00141842 0.00216561 0.00121739 0.00221679 0.00161714 0.00566928 0.00147541 0.00137823 0.0011632
threshold=2.5000000000000004 1.0000000180025095e-35 16.690459207925468 15.815904550367518 14.455185261780128 62.928571428571438 53.500000000000007 1.0000000180025095e-35 1.0000000180025095e-35 32.500000000000007 1.5000000000000002 1.5000000000000002 68.500000000000014 20.711165578760166
decision_type=2 2 2 2 2 2 2 2 2 2 2 2 2 2
left_child=1 -1 3 4 5 6 -2 8 -3 10 12 -11 -10 -9
right_child=2 7 -4 -5 -6 -7 -8 13 9 11 -12 -13 -14 -15
leaf_value=0.00028937185767063055 5.5852627466655179e-05 0.00027189250936946618 -0.00022163288920207626 0.00026939856144183845 -0.00032111163526468982 0.00013690043295759501 -0.00032599853862148637 -1.3418541917050802e-05 8.0354253613305361e-05 2.4111768091786775e-05 0.00036455332147180224 -0.00020310986858720963 -0.00018349300769981571 7.3147458583573062e-05
leaf_weight=31 27 38 54 27 25 26 25 1607 32 75 45 38 38 152
leaf_count=31 27 38 54 27 25 26 25 1607 32 75 45 38 38 152
internal_value=-2.48527e-07 7.6103e-06 -8.76288e-05 -3.06986e-05 -0.000111199 -4.0706e-05 -0.000130417 3.15621e-06 6.28462e-05 2.697e-05 0.000105732 -5.34104e-05 -6.34442e-05 -5.90083e-06
internal_weight=2240 2056 184 130 103 78 52 2025 266 228 115 113 70 1759
internal_count=2240 2056 184 130 103 78 52 2025 266 228 115 113 70 1759
is_linear=0
shrinkage=0.03


Tree=460
num_leaves=15
num_cat=0
split_feature=18 13 13 14 16 14 2 17 14 16 13 12 14 13
split_gain=0.00143323 0.00234084 0.00341307 0.00215594 0.00298573 0.00247292 0.00287766 0.00214974 0.00205278 0.00188069 0.00182779 0.00174196 0.00170714 0.00437038
threshold=59.375000000000007 69.500000000000014 67.500000000000014 51.500000000000007 57.500000000000007 45.500000000000007 1.0000000180025095e-35 10.84303594808263 59.500000000000007 59.642857142857146 64.500000000000014 44.500000000000007 77.500000000000014 54.500000000000007
decision_type=2 2 2 2 2 2 2 2 2 2 2 2 2 2
left_child=1 2 3 5 7 6 -1 -5 -9 10 -2 -11 -13 -14
right_child=9 -3 -4 4 -6 -7 -8 8 -10 11 -12 12 13 -15
leaf_value=-4.7119078226387499e-05 -1.296702423132956e-05 0.00027629853831918758 -0.00029900177152335846 0.00011590867899485602 0.00013816730373563538 0.00033801266926386189 0.00030031439927106178 4.2429937777342274e-05 -0.00025706149587083766 -0.0002065348388098825 -0.00036253950920783811 2.4236251226835606e-05 -0.00026753938485392186 -1.4585918096536697e-05
leaf_weight=69 27 36 26 31 75 40 30 29 68 38 26 918 66 747
leaf_count=69 27 36 26 31 75 40 30 29 68 38 26 918 66 747
internal_value=-2.24671e-06 4.88034e-05 2.586e-05 5.13568e-05 -1.10517e-05 0.000141928 6.01141e-05 -9.8878e-05 -0.000168004 -1.35868e-05 -0.000187993 -8.25828e-06 -3.78885e-06 -3.54243e-05
internal_weight=2226 404 368 342 203 139 99 128 97 1822 53 1769 1731 813
internal_count=2226 404 368 342 203 139 99 128 97 1822 53 1769 1731 813
is_linear=0
shrinkage=0.03


Tree=461
num_leaves=15
num_cat=0
split_feature=4 13 17 17 12 17 18 11 14 18 0 18 13 16
split_gain=0.00210495 0.00212822 0.00193659 0.00274925 0.00153779 0.00501306 0.0019615 0.0045559 0.00242906 0.00205588 0.00232391 0.00252162 0.002973 0.00570849
threshold=2.5000000000000004 1.0000000180025095e-35 16.690459207925468 15.815904550367518 41.500000000000007 11.180339887497938 61.291666666666679 49.500000000000007 70.500000000000014 62.875000000000007 5.5000000000000009 63.375000000000007 52.500000000000007 68.309523809523824
decision_type=2 2 2 2 2 2 2 2 2 2 2 2 2 2
left_child=1 -1 3 -2 5 -3 -6 8 -8 -9 11 -11 13 -13
right_child=2 4 -4 -5 6 -7 7 9 -10 10 -12 12 -14 -15
leaf_value=0.00023514081243774851 -0.00010851740818767351 0.00019613421685789944 -0.00025474425855673662 0.00022648191170966518 7.1223151898250806e-05 -0.00033036057742223917 -8.6154203911844104e-05 -0.00019788525563853909 -0.00044077891915578454 0.00023725573411578999 0.00011318811201911965 -1.0735123488884113e-05 1.8725874530680097e-06 -0.0005235477421304275
leaf_weight=35 103 25 51 27 353 43 41 43 30 37 173 60 1177 28
leaf_count=35 103 25 51 27 353 43 41 43 30 37 173 60 1177 28
internal_value=-2.18243e-06 6.51552e-06 -9.99507e-05 -3.77429e-05 2.41953e-06 -0.000136759 7.36081e-06 -6.86223e-06 -0.000240036 4.19465e-06 1.02159e-05 -3.54267e-06 -1.07676e-05 -0.000177952
internal_weight=2226 2045 181 130 2010 68 1942 1589 71 1518 1475 1302 1265 88
internal_count=2226 2045 181 130 2010 68 1942 1589 71 1518 1475 1302 1265 88
is_linear=0
shrinkage=0.03


Tree=462
num_leaves=15
num_cat=0
split_feature=4 12 16 12 16 18 11 12 12 14 0 12 18 16
split_gain=0.001981 0.00195325 0.00176156 0.0012063 0.00309219 0.00182357 0.00461201 0.0024893 0.00227934 0.00203702 0.00199463 0.00274626 0.00248789 0.00316179
threshold=2.5000000000000004 33.500000000000007 72.154761904761912 41.500000000000007 54.071428571428577 61.625000000000007 49.500000000000007 73.500000000000014 49.500000000000007 70.500000000000014 5.5000000000000009 51.500000000000007 75.625000000000014 70.773809523809533
decision_type=2 2 2 2 2 2 2 2 2 2 2 2 2 2
left_child=1 -1 -2 4 -3 7 9 8 -5 -7 -8 -12 13 -13
right_child=2 3 -4 5 -6 6 10 -9 -10 -11 11 12 -14 -15
leaf_value=0.00023885224989498964 -3.6839010397670786e-05 5.994110114573102e-05 -0.00024264754239856351 0.00015252849840214716 -0.00036861086613498623 -9.6876951328550386e-05 -9.0673414311365049e-06 0.00028756336533328198 -1.6597149647794204e-05 -0.00042798211146521589 -0.00016822357254568486 2.6884488994255663e-05 3.2432448663582493e-05 0.00042956138741768269
leaf_weight=31 129 34 52 106 26 38 1338 40 217 30 29 29 83 44
leaf_count=31 129 34 52 106 26 38 1338 40 217 30 29 29 83 44
internal_value=-2.1287e-06 6.30928e-06 -9.69747e-05 2.61316e-06 -0.000128763 6.71103e-06 -7.14347e-06 6.7287e-05 3.92048e-05 -0.000247038 3.7226e-06 9.57764e-05 0.000145612 0.000272119
internal_weight=2226 2045 181 2014 60 1954 1591 363 323 68 1523 185 156 73
internal_count=2226 2045 181 2014 60 1954 1591 363 323 68 1523 185 156 73
is_linear=0
shrinkage=0.03


Tree=463
num_leaves=15
num_cat=0
split_feature=4 12 17 17 12 17 18 11 12 12 0 12 18 16
split_gain=0.00186571 0.00184143 0.00177084 0.00260058 0.00113768 0.00509863 0.00171765 0.00434781 0.00234603 0.00214581 0.00187867 0.0025884 0.00234435 0.00297888
threshold=2.5000000000000004 33.500000000000007 16.690459207925468 15.815904550367518 41.500000000000007 11.513966674062187 61.625000000000007 49.500000000000007 73.500000000000014 49.500000000000007 5.5000000000000009 51.500000000000007 75.625000000000014 70.773809523809533
decision_type=2 2 2 2 2 2 2 2 2 2 2 2 2 2
left_child=1 -1 3 -2 5 -3 8 -8 9 -6 -9 -12 13 -13
right_child=2 4 -4 -5 6 -7 7 10 -10 -11 11 12 -14 -15
leaf_value=0.00023191059954115188 -0.00010348623027311987 0.00015840971165744124 -0.00024212796349064983 0.00022231887070769775 0.00014799540940776607 -0.0003868896758649498 -0.00023985540690457286 -8.7955243395066496e-06 0.00027914688199838028 -1.6101520218690984e-05 -0.00016334509279113262 2.6104839751496909e-05 3.1471057674415141e-05 0.00041696092137135564
leaf_weight=31 103 29 51 27 106 31 68 1338 40 217 29 29 83 44
leaf_count=31 103 29 51 27 106 31 68 1338 40 217 29 29 83 44
internal_value=-2.06671e-06 6.12206e-06 -9.41115e-05 -3.46385e-05 2.5333e-06 -0.000125052 6.51293e-06 -6.93318e-06 6.53033e-05 3.80413e-05 3.61706e-06 9.29549e-05 0.000141337 0.00026414
internal_weight=2226 2045 181 130 2014 60 1954 1591 363 323 1523 185 156 73
internal_count=2226 2045 181 130 2014 60 1954 1591 363 323 1523 185 156 73
is_linear=0
shrinkage=0.03


Tree=464
num_leaves=15
num_cat=0
split_feature=4 12 17 17 12 17 14 11 0 0 16 6 16 14
split_gain=0.00175643 0.00173593 0.00166896 0.00245104 0.00107246 0.00480676 0.00131736 0.00293509 0.00179844 0.00195862 0.00327131 0.002467 0.00215747 0.003523
threshold=2.5000000000000004 33.500000000000007 16.690459207925468 15.815904550367518 41.500000000000007 11.513966674062187 77.500000000000014 50.500000000000007 1.0000000180025095e-35 5.5000000000000009 66.071428571428584 3.5000000000000004 90.154761904761912 69.500000000000014
decision_type=2 2 2 2 2 2 2 2 2 2 2 2 2 2
left_child=1 -1 3 -2 5 -3 8 -8 -6 12 11 -11 -10 -14
right_child=2 4 -4 -5 6 -7 7 -9 9 10 -12 -13 13 -15
leaf_value=0.00022517069777677534 -0.00010041149594931434 0.00015381583174166734 -0.00023500382102121457 0.00021588749495939349 0.00012974519595283912 -0.00037564569238838884 -0.00025323710715499746 -8.8804663940367941e-06 8.3784637883602472e-06 -0.00024567099896376021 0.00023863478168745393 0.00010120514863956487 -0.00044124206304191967 1.9257672538515179e-05
leaf_weight=31 103 29 51 27 134 31 46 755 800 29 83 47 25 35
leaf_count=31 103 29 51 27 134 31 46 755 800 29 83 47 25 35
internal_value=-1.99994e-06 5.94539e-06 -9.13085e-05 -3.35721e-05 2.46095e-06 -0.000121413 6.32481e-06 -2.32117e-05 2.68464e-05 1.32011e-05 0.000109581 -3.2627e-05 -4.72459e-06 -0.000176705
internal_weight=2226 2045 181 130 2014 60 1954 801 1153 1019 159 76 860 60
internal_count=2226 2045 181 130 2014 60 1954 801 1153 1019 159 76 860 60
is_linear=0
shrinkage=0.03


Tree=465
num_leaves=15
num_cat=0
split_feature=4 5 0 18 13 0 17 17 0 17 17 14 17 5
split_gain=0.00159421 0.00558796 0.00440051 0.00389099 0.00415131 0.00374447 0.00305167 0.00276301 0.00236033 0.00258864 0.00188565 0.00733397 0.00397165 0.00532299
threshold=1.5000000000000002 32.500000000000007 2.5000000000000004 57.375000000000007 44.500000000000007 4.5000000000000009 12.320132650829953 14.040757000348764 3.5000000000000004 13.60147050873505 17.799143906646734 33.500000000000007 16.791437727377115 32.500000000000007
decision_type=2 2 2 2 2 2 2 2 2 2 2 2 2 2
left_child=10 3 7 6 -5 -4 -2 -3 9 -6 11 -1 13 -13
right_child=1 2 5 4 8 -7 -8 -9 -10 -11 -12 12 -14 -15
leaf_value=0.00053529990364849147 3.6347022318902114e-05 -0.00015878125122981146 0.00010746291065756904 -0.00035558866927046966 -0.00015610247125798858 -0.00018403453422299784 0.00039477103389799593 -0.00045349439519378257 -5.2979156242641189e-05 0.00013418834305474743 -2.4553313810199109e-05 -9.2237024046488438e-05 0.0001806885187929013 7.0638587033643386e-05
leaf_weight=26 44 78 82 28 32 75 41 46 219 173 493 298 138 455
leaf_count=26 44 78 82 28 32 75 41 46 219 173 493 298 138 455
internal_value=3.40625e-06 -2.98892e-05 -0.000138032 2.68511e-05 -8.32251e-06 -3.20709e-05 0.000211814 -0.000270864 1.53929e-05 8.83368e-05 2.27298e-05 4.81494e-05 3.33498e-05 6.14367e-06
internal_weight=2228 818 281 537 452 157 85 124 424 205 1410 917 891 753
internal_count=2228 818 281 537 452 157 85 124 424 205 1410 917 891 753
is_linear=0
shrinkage=0.03


Tree=466
num_leaves=15
num_cat=0
split_feature=4 5 0 18 13 0 17 17 0 17 16 11 11 5
split_gain=0.00150231 0.00526253 0.00414518 0.00366717 0.00391384 0.00352595 0.00287558 0.00260392 0.00222096 0.00243852 0.00188756 0.00179702 0.00417296 0.00358547
threshold=1.5000000000000002 32.500000000000007 2.5000000000000004 57.375000000000007 44.500000000000007 4.5000000000000009 12.320132650829953 14.040757000348764 3.5000000000000004 13.60147050873505 63.071428571428577 85.000000000000014 87.500000000000014 31.500000000000004
decision_type=2 2 2 2 2 2 2 2 2 2 2 2 2 2
left_child=11 3 7 6 -5 10 -2 -3 9 -6 -4 -1 -13 -14
right_child=1 2 5 4 8 -7 -8 -9 -10 -11 -12 12 13 -15
leaf_value=4.6453398250990946e-05 3.5280832627904606e-05 -0.0001540781116929643 0.00024569610374913152 -0.00034528885743227494 -0.00015156130766792391 -0.00017858614424863173 0.00038320988699394674 -0.00044017902699434146 -5.139700539240783e-05 0.0001301858277424642 -3.9623185335325872e-05 -0.00032665477238448434 -0.00016268307537967828 4.5006523564933591e-05
leaf_weight=928 44 78 41 28 32 75 41 46 219 173 41 37 94 351
leaf_count=928 44 78 41 28 32 75 41 46 219 173 41 37 94 351
internal_value=3.30382e-06 -2.90177e-05 -0.000133965 2.60456e-05 -8.10134e-06 -3.11233e-05 0.00020561 -0.000262885 1.49258e-05 8.56835e-05 0.000104278 2.20622e-05 -2.48975e-05 8.68619e-07
internal_weight=2228 818 281 537 452 157 85 124 424 205 82 1410 482 445
internal_count=2228 818 281 537 452 157 85 124 424 205 82 1410 482 445
is_linear=0
shrinkage=0.03


Tree=467
num_leaves=15
num_cat=0
split_feature=4 5 18 13 17 16 2 13 1 13 17 14 6 18
split_gain=0.00141423 0.00495536 0.00345623 0.00368996 0.00270964 0.00226417 0.0020818 0.00346514 0.00233622 0.00207916 0.00176009 0.00690079 0.00394036 0.00320882
threshold=1.5000000000000002 32.500000000000007 57.375000000000007 44.500000000000007 12.320132650829953 75.309523809523824 1.0000000180025095e-35 53.500000000000007 1.0000000180025095e-35 83.500000000000014 17.799143906646734 33.500000000000007 1.5000000000000002 82.875000000000014
decision_type=2 2 2 2 2 2 2 2 2 2 2 2 2 2
left_child=10 2 4 -4 -2 -3 7 -5 -8 -9 11 -1 13 -13
right_child=1 5 3 6 -6 -7 8 9 -10 -11 -12 12 -14 -15
leaf_value=0.00051849368649224431 3.4245934250066057e-05 -0.00010187529128899086 -0.00033528739389770756 0.00024552910588681697 0.00037198731230871215 -0.00039191317537592513 0.00012167490646593558 -0.00021268323850761033 -7.3367563499442234e-05 4.3258235621449006e-05 -2.4289150055573175e-05 0.00049858230024775756 1.3755300201899526e-05 7.3012171403836245e-05
leaf_weight=26 44 255 28 25 41 26 190 91 77 41 493 27 826 38
leaf_count=26 44 255 28 25 41 26 190 91 77 41 493 27 826 38
internal_value=3.19172e-06 -2.81679e-05 2.52643e-05 -7.88599e-06 0.000199588 -0.000130006 1.44729e-05 -7.19383e-05 6.53628e-05 -0.000133459 2.13919e-05 4.59507e-05 3.15958e-05 0.000254663
internal_weight=2228 818 537 452 85 281 424 157 267 132 1410 917 891 65
internal_count=2228 818 537 452 85 281 424 157 267 132 1410 917 891 65
is_linear=0
shrinkage=0.03


Tree=468
num_leaves=15
num_cat=0
split_feature=6 16 12 18 12 11 13 13 16 18 13 16 2 5
split_gain=0.00136687 0.00454654 0.00523614 0.0023972 0.00199952 0.00191823 0.00174152 0.00202011 0.00169732 0.00166042 0.00407319 0.00265465 0.00243202 0.00260072
threshold=3.5000000000000004 61.309523809523817 48.500000000000007 69.291666666666671 79.500000000000014 46.500000000000007 36.500000000000007 42.500000000000007 48.928571428571438 68.583333333333357 52.500000000000007 72.154761904761912 1.0000000180025095e-35 32.500000000000007
decision_type=2 2 2 2 2 2 2 2 2 2 2 2 2 2
left_child=1 2 -1 4 6 -3 -2 -8 -9 12 11 -11 13 -7
right_child=3 5 -4 -5 -6 9 7 8 -10 10 -12 -13 -14 -15
leaf_value=0.00050884241192501842 -0.00026327977529004343 -0.00020931183807300152 5.1533086366432068e-05 -0.00031926437751210934 0.00022748580857296472 -0.00010688067838237899 0.00013310196452039235 -0.0002580428857982042 -3.0225775614056338e-05 -4.7837675062640169e-05 6.175467174511586e-06 -0.00047050395637698882 0.00025277925893793247 0.00010872638137901886
leaf_weight=34 28 36 64 25 26 78 63 31 373 27 1224 26 55 138
leaf_count=34 28 36 64 25 26 78 63 31 373 27 1224 26 55 138
internal_value=3.10649e-06 1.64953e-05 0.000213729 -3.80935e-05 -2.40159e-05 4.16554e-06 -3.76581e-05 -2.35968e-05 -4.83008e-05 9.26205e-06 -5.06895e-06 -0.000260057 7.65626e-05 3.07345e-05
internal_weight=2228 1682 98 546 521 1584 495 467 404 1548 1277 53 271 216
internal_count=2228 1682 98 546 521 1584 495 467 404 1548 1277 53 271 216
is_linear=0
shrinkage=0.03


Tree=469
num_leaves=15
num_cat=0
split_feature=4 2 16 16 18 16 0 17 12 4 17 6 16 19
split_gain=0.00133725 0.00367424 0.00270785 0.00398537 0.00285478 0.0027074 0.00339227 0.00194533 0.0024532 0.00217171 0.00166421 0.00527846 0.00611147 0.00223413
threshold=1.5000000000000002 1.0000000180025095e-35 73.214285714285737 70.154761904761912 64.625000000000014 80.500000000000014 3.5000000000000004 14.566759197530553 53.500000000000007 2.5000000000000004 17.799143906646734 1.5000000000000002 82.773809523809533 1.0000000180025095e-35
decision_type=2 2 2 2 2 2 2 2 2 2 2 2 2 2
left_child=10 2 3 4 -2 6 -4 9 -9 -3 11 12 -1 -12
right_child=1 7 5 -5 -6 -7 -8 8 -10 -11 13 -13 -14 -15
leaf_value=0.00064923271279743254 -2.8312263966654425e-05 0.00034850275903105892 -0.00013582592631012502 0.00023881782247616039 -0.00023784108986437782 -1.0645489532091632e-05 -0.00055629633224358959 -0.00021037692680692997 4.7880258206305372e-05 5.2677930994593867e-05 -0.00014878659276719726 2.4048625577383705e-05 6.882709692987657e-05 8.8083513045749259e-06
leaf_weight=26 268 35 41 40 74 40 30 39 191 60 101 849 42 392
leaf_count=26 268 35 41 40 74 40 30 39 191 60 101 849 42 392
internal_value=3.00768e-06 -2.74866e-05 -7.90463e-05 -4.08944e-05 -7.42101e-05 -0.000208807 -0.000318748 5.07282e-05 3.36767e-06 0.000164161 2.07056e-05 4.45863e-05 0.00029694 -2.37137e-05
internal_weight=2228 818 493 382 342 111 71 325 230 95 1410 917 68 493
internal_count=2228 818 493 382 342 111 71 325 230 95 1410 917 68 493
is_linear=0
shrinkage=0.03


Tree=470
num_leaves=15
num_cat=0
split_feature=12 17 13 17 17 16 16 5 2 5 6 15 16 11
split_gain=0.00204126 0.00134147 0.00173421 0.00156364 0.00211876 0.00200573 0.00152362 0.00195831 0.00158924 0.00515132 0.00240776 0.00506726 0.0022845 0.00207158
threshold=1.0000000180025095e-35 21.716786411066497 117.50000000000001 21.353598648620114 20.092760739253553 93.928571428571445 91.785714285714292 32.500000000000007 1.0000000180025095e-35 31.500000000000004 3.5000000000000004 74.166666666666671 56.357142857142868 41.500000000000007
decision_type=2 2 2 2 2 2 2 2 2 2 2 2 2 2
left_child=-1 2 3 4 6 -6 8 -8 9 -2 11 -10 -12 -11
right_child=1 -3 -4 -5 5 -7 7 -9 10 13 12 -13 -14 -15
leaf_value=0.0002568618427903857 -0.00026704349877881736 -0.0001025294456800062 0.0002433801215374842 0.00021280652847171071 -0.00027727292971982756 5.3449277810824031e-05 0.00034232199806461314 2.2091255232226105e-06 0.00021245477466299287 -0.0001845208636527373 0.00012025990301995276 -7.3784218325135755e-06 -0.00013171315009045966 3.7203787654914751e-06
leaf_weight=27 70 110 26 30 46 25 26 35 158 54 45 232 109 1213
leaf_count=27 70 110 26 30 46 25 26 35 158 54 45 232 109 1213
internal_value=2.34352e-06 -9.26595e-07 4.52212e-06 1.36474e-06 -1.8905e-06 -0.000161696 4.03226e-06 0.000150358 -7.90409e-07 -1.83798e-05 4.23938e-05 8.19978e-05 -5.77838e-05 -4.44173e-06
internal_weight=2206 2179 2069 2043 2013 71 1942 61 1881 1337 544 390 154 1267
internal_count=2206 2179 2069 2043 2013 71 1942 61 1881 1337 544 390 154 1267
is_linear=0
shrinkage=0.03


Tree=471
num_leaves=15
num_cat=0
split_feature=12 17 13 13 16 17 16 16 12 17 11 12 12 12
split_gain=0.00192481 0.00126298 0.00163547 0.00151006 0.00206643 0.00221211 0.00178001 0.0046176 0.00179329 0.0021326 0.0023174 0.00157951 0.0038554 0.00379524
threshold=1.0000000180025095e-35 21.716786411066497 117.50000000000001 107.50000000000001 83.464285714285737 20.092760739253553 86.500000000000014 87.071428571428584 107.50000000000001 16.728931251920667 106.50000000000001 67.500000000000014 65.500000000000014 62.500000000000007
decision_type=2 2 2 2 2 2 2 2 2 2 2 2 2 2
left_child=-1 2 3 4 5 11 -6 -8 9 -9 -11 12 13 -2
right_child=1 -3 -4 -5 6 -7 7 8 -10 10 -12 -13 -14 -15
leaf_value=0.0002494311905216559 3.0799674100799318e-05 -9.9481271797747075e-05 0.0002363491401128057 -0.00018119117046808242 0.00019074717679783739 -0.00024679275171900585 -0.00033521070015720192 -6.8334925204648503e-05 -5.1326441546817395e-05 0.00036296513790730383 2.8431522359530772e-05 -3.1808366115720143e-05 0.00025804148544557391 -0.00018340850818035449
leaf_weight=27 721 110 26 39 89 33 26 27 54 49 30 834 59 82
leaf_count=27 721 110 26 39 89 33 26 27 54 49 30 834 59 82
internal_value=2.2797e-06 -8.95768e-07 4.39113e-06 1.32496e-06 4.96552e-06 -7.19884e-06 8.11951e-05 2.80354e-05 8.87783e-05 0.000159965 0.00023787 -2.39425e-06 2.60683e-05 8.72445e-06
internal_weight=2206 2179 2069 2043 2004 1729 275 186 160 106 79 1696 862 803
internal_count=2206 2179 2069 2043 2004 1729 275 186 160 106 79 1696 862 803
is_linear=0
shrinkage=0.03


Tree=472
num_leaves=15
num_cat=0
split_feature=12 17 17 16 17 0 16 15 15 7 14 2 19 16
split_gain=0.00181506 0.00118897 0.00156492 0.00157436 0.00252512 0.00142029 0.00297146 0.00187292 0.00421902 0.00221189 0.00107331 0.00101092 0.00457827 0.00253758
threshold=1.0000000180025095e-35 21.716786411066497 21.353598648620114 98.214285714285737 20.092760739253553 1.0000000180025095e-35 79.785714285714292 74.833333333333357 72.166666666666671 11.000000000000002 70.500000000000014 1.0000000180025095e-35 1.0000000180025095e-35 64.773809523809533
decision_type=2 2 2 2 2 2 2 2 2 2 2 2 2 2
left_child=-1 2 3 4 5 6 7 8 9 -2 -6 12 -7 -13
right_child=1 -3 -4 -5 10 11 -8 -9 -10 -11 -12 13 -14 -15
leaf_value=0.00024221550980915447 0.00018750704406556904 -9.6523719971505548e-05 0.00020611076530151288 0.00019217915662968728 -0.00033246162227846475 -0.00035509422460260488 0.00034374455865021918 -0.00013019583766649972 0.00042189755114830204 -5.4962570741696722e-05 -8.0656520509173301e-05 -9.2878875550993077e-05 -1.1477497202666111e-05 6.7131866981458662e-05
leaf_weight=27 47 110 33 37 26 35 30 50 26 114 37 116 1143 375
leaf_count=27 47 110 33 37 26 35 30 50 26 114 37 116 1143 375
internal_value=2.21347e-06 -8.70136e-07 4.25953e-06 8.88302e-07 -2.74667e-06 3.38052e-06 6.74887e-05 3.12222e-05 7.48451e-05 1.6541e-05 -0.000188147 -6.90952e-06 -2.19793e-05 2.9217e-05
internal_weight=2206 2179 2069 2036 1999 1936 267 237 187 161 63 1669 1178 491
internal_count=2206 2179 2069 2036 1999 1936 267 237 187 161 63 1669 1178 491
is_linear=0
shrinkage=0.03


Tree=473
num_leaves=15
num_cat=0
split_feature=12 17 13 13 16 17 16 16 15 14 13 13 12 12
split_gain=0.0017115 0.00111942 0.00151441 0.00144897 0.00188508 0.00200892 0.00168176 0.00432018 0.00189906 0.00222985 0.00175166 0.00263003 0.00150684 0.00362322
threshold=1.0000000180025095e-35 21.716786411066497 117.50000000000001 107.50000000000001 83.464285714285737 20.092760739253553 86.500000000000014 87.071428571428584 87.416666666666671 91.500000000000014 98.500000000000014 91.500000000000014 67.500000000000014 65.500000000000014
decision_type=2 2 2 2 2 2 2 2 2 2 2 2 2 2
left_child=-1 2 3 4 5 12 8 -8 9 -6 11 -9 13 -2
right_child=1 -3 -4 -5 6 -7 7 10 -10 -11 -12 -13 -14 -15
leaf_value=0.00023520857203818328 8.699249373787993e-06 -9.3654097086196201e-05 0.00022734554762589848 -0.00017759961025694791 0.00042256447870435339 -0.00023519063739941513 -0.00032544602401483441 0.00010348044330609983 -3.678278801649307e-05 6.5013310241769878e-05 0.00024355896053990968 -0.00022551985036035806 -3.1016530496486382e-05 0.00025039290991844603
leaf_weight=27 803 110 26 39 36 33 26 88 25 28 44 28 834 59
leaf_count=27 803 110 26 39 36 33 26 88 25 28 44 28 834 59
internal_value=2.15396e-06 -8.40394e-07 4.13698e-06 1.1865e-06 4.75272e-06 -6.86561e-06 7.75606e-05 2.58973e-05 0.000184044 0.000269543 8.46574e-05 2.28178e-05 -2.287e-06 2.55131e-05
internal_weight=2206 2179 2069 2043 2004 1729 275 186 89 64 160 116 1696 862
internal_count=2206 2179 2069 2043 2004 1729 275 186 89 64 160 116 1696 862
is_linear=0
shrinkage=0.03


Tree=474
num_leaves=15
num_cat=0
split_feature=12 17 17 16 17 11 0 16 15 15 7 12 12 17
split_gain=0.00161386 0.00105392 0.00144503 0.00142753 0.00231983 0.00250715 0.00134398 0.00279463 0.00175027 0.00398737 0.00208065 0.000972087 0.00364262 0.00406944
threshold=1.0000000180025095e-35 21.716786411066497 21.353598648620114 98.214285714285737 20.092760739253553 88.500000000000014 1.0000000180025095e-35 79.785714285714292 74.833333333333357 72.166666666666671 11.000000000000002 71.500000000000014 74.500000000000014 15.085470777254846
decision_type=2 2 2 2 2 2 2 2 2 2 2 2 2 2
left_child=-1 2 3 4 6 -6 7 8 9 10 -2 -8 -13 -14
right_child=1 -3 -4 -5 5 -7 11 -9 -10 -11 -12 12 13 -15
leaf_value=0.00022840431467297353 0.00018168746881201515 -9.0869786902142026e-05 0.00019798270226387742 0.00018292954342445899 1.2932348677168192e-05 -0.0003623841309242628 1.472198033226044e-05 0.00033346165397820331 -0.00012566455669002605 0.00040993972973309508 -5.3478091349066032e-05 -0.00023295322372912975 0.00010896585852923823 -5.3377172970496237e-05
leaf_weight=27 47 110 33 37 31 32 885 30 50 26 114 72 188 524
leaf_count=27 47 110 33 37 31 32 885 30 50 26 114 72 188 524
internal_value=2.0952e-06 -8.12487e-07 4.01706e-06 7.77571e-07 -2.68371e-06 -0.000180388 3.18917e-06 6.55515e-05 3.03802e-05 7.255e-05 1.58705e-05 -6.82059e-06 -3.11262e-05 -1.04186e-05
internal_weight=2206 2179 2069 2036 1999 63 1936 267 237 187 161 1669 784 712
internal_count=2206 2179 2069 2036 1999 63 1936 267 237 187 161 1669 784 712
is_linear=0
shrinkage=0.03


Tree=475
num_leaves=15
num_cat=0
split_feature=15 6 16 12 0 17 18 18 12 5 12 12 12 15
split_gain=0.00119849 0.00185139 0.00344542 0.00307288 0.00280606 0.00306284 0.00169337 0.00284682 0.00207018 0.00192088 0.0021323 0.00197461 0.00181185 0.00165371
threshold=102.16666666666669 1.5000000000000002 75.309523809523824 33.500000000000007 1.5000000000000002 16.871362026965976 79.875000000000014 82.291666666666671 65.500000000000014 31.500000000000004 76.500000000000014 92.500000000000014 102.50000000000001 107.16666666666667
decision_type=2 2 2 2 2 2 2 2 2 2 2 2 2 2
left_child=1 2 4 -3 -1 -6 -4 -8 -9 -10 -11 -12 -13 -2
right_child=13 3 6 -5 5 -7 7 8 9 10 11 12 -14 -15
leaf_value=-3.055253882848774e-06 -0.00029061651359734239 -0.00032517266160409365 -0.00010867188131301133 -8.1788946098539684e-06 0.00056623644810691802 0.00011243210820895102 0.00030596904200244944 -0.00019731996939905609 -6.2476846404624465e-05 0.00028212846715662939 -0.00016776701299785337 0.00031649993299247899 2.8926529258023946e-05 3.5062488297828364e-05
leaf_weight=31 29 27 78 1619 28 26 33 35 96 44 30 26 74 26
leaf_count=31 29 27 78 1619 28 26 33 35 96 44 30 26 74 26
internal_value=-1.77195e-06 1.80084e-06 5.22367e-05 -1.35729e-05 0.000225102 0.000353755 1.64606e-05 4.55728e-05 1.64909e-05 4.4833e-05 0.000104057 4.20932e-05 0.000106089 -0.000138782
internal_weight=2202 2147 501 1646 85 54 416 338 305 270 174 130 100 55
internal_count=2202 2147 501 1646 85 54 416 338 305 270 174 130 100 55
is_linear=0
shrinkage=0.03


Tree=476
num_leaves=15
num_cat=0
split_feature=11 11 7 17 18 15 15 11 17 2 11 5 17 13
split_gain=0.00125737 0.00308719 0.00426848 0.00223357 0.00248664 0.00189802 0.00253314 0.0018846 0.00307278 0.0019419 0.00703837 0.00259453 0.00224062 0.0022419
threshold=89.500000000000014 92.500000000000014 11.000000000000002 18.034358742081427 95.875000000000014 94.166666666666671 87.416666666666671 87.500000000000014 16.99439683570813 1.0000000180025095e-35 85.000000000000014 31.500000000000004 19.345231260953817 99.500000000000014
decision_type=2 2 2 2 2 2 2 2 2 2 2 2 2 2
left_child=7 -2 3 -3 -5 6 -4 9 -9 10 11 -1 13 -13
right_child=1 2 5 4 -6 -7 -8 8 -10 -11 -12 12 -14 -15
leaf_value=-0.00019388990924550941 -0.00016881959309686154 3.6083664185403345e-05 0.00011621745102393501 -0.00036100925667028607 -5.1047884726938989e-05 0.00021619711953254798 -0.00015266097740095574 0.00041344171732715846 -5.0002345680975571e-06 5.2431077688683198e-05 -0.00046359530259524619 7.9070030775991207e-07 0.00015255560488798819 -0.00026702349411387896
leaf_weight=61 130 51 91 47 46 69 47 26 38 514 30 939 85 28
leaf_count=61 130 51 91 47 46 69 47 26 38 514 30 939 85 28
internal_value=-1.7122e-06 -4.45407e-05 1.83731e-06 -0.000123113 -0.000209869 8.89331e-05 2.42034e-05 1.02768e-05 0.000168737 4.05834e-06 -1.77214e-05 -5.29786e-06 5.81136e-06 -7.23184e-06
internal_weight=2202 481 351 144 93 207 138 1721 64 1657 1143 1113 1052 967
internal_count=2202 481 351 144 93 207 138 1721 64 1657 1143 1113 1052 967
is_linear=0
shrinkage=0.03


Tree=477
num_leaves=15
num_cat=0
split_feature=11 11 7 16 15 17 16 11 17 2 11 4 5 11
split_gain=0.00118383 0.0029055 0.00402026 0.00285089 0.00343493 0.00210524 0.00288082 0.0017777 0.00289778 0.00182838 0.00663553 0.00271399 0.00409672 0.00214093
threshold=89.500000000000014 92.500000000000014 11.000000000000002 79.642857142857153 94.166666666666671 18.291293791622341 87.071428571428584 87.500000000000014 16.99439683570813 1.0000000180025095e-35 85.000000000000014 1.5000000000000002 31.500000000000004 76.500000000000014
decision_type=2 2 2 2 2 2 2 2 2 2 2 2 2 2
left_child=7 -2 5 -4 -5 -3 -7 9 -9 10 11 12 -1 -14
right_child=1 2 3 4 -6 6 -8 8 -10 -11 -12 -13 13 -15
leaf_value=-0.00030456953730824735 -0.0001637936684832631 2.2166585609927003e-05 0.00029770442302105946 -8.8472796333007866e-05 0.00018906110768591094 -0.00047707418822728165 -9.8552645116190734e-05 0.0004014978553944578 -4.854072237951466e-06 5.0861199714754283e-05 -0.00045013607059034608 -6.3442083226189971e-05 2.339772701857124e-05 0.00016717412980737996
leaf_weight=30 130 57 44 95 68 25 62 26 38 514 30 436 535 112
leaf_count=30 130 57 44 95 68 25 62 26 38 514 30 436 535 112
internal_value=-1.67003e-06 -4.32272e-05 1.76546e-06 8.6291e-05 2.7755e-05 -0.000119497 -0.000211508 9.96309e-06 0.000163864 3.92359e-06 -1.721e-05 -5.14721e-06 3.24339e-05 4.8506e-05
internal_weight=2202 481 351 207 163 144 87 1721 64 1657 1143 1113 677 647
internal_count=2202 481 351 207 163 144 87 1721 64 1657 1143 1113 677 647
is_linear=0
shrinkage=0.03


Tree=478
num_leaves=15
num_cat=0
split_feature=15 11 11 15 13 11 11 16 14 11 17 2 11 15
split_gain=0.00115567 0.00231921 0.00273785 0.00154917 0.00130178 0.000977274 0.0018592 0.00290267 0.00193806 0.00170219 0.00273275 0.00163916 0.00623239 0.00231323
threshold=102.16666666666669 117.50000000000001 107.50000000000001 107.16666666666667 111.50000000000001 89.500000000000014 92.500000000000014 77.214285714285737 61.500000000000007 87.500000000000014 16.99439683570813 1.0000000180025095e-35 85.000000000000014 73.833333333333357
decision_type=2 2 2 2 2 2 2 2 2 2 2 2 2 2
left_child=1 2 4 -2 5 9 -7 -8 -9 11 -11 12 13 -1
right_child=3 -3 -4 -5 -6 6 7 8 -10 10 -12 -13 -14 -15
leaf_value=-3.1920627769854735e-05 -0.00028311713924631478 0.00025536965243190936 -0.00025774888524382906 3.2153777299552322e-05 0.0001699679394865908 -0.00013804170669136224 0.0003039950973890462 -0.00023925355983117378 1.0232377866486786e-05 0.0003898990191777961 -4.7121844769348029e-06 4.7321468178049005e-05 -0.00043706761800774163 6.663375666729025e-05
leaf_weight=805 29 31 36 26 40 126 25 33 159 26 38 507 30 291
leaf_count=805 29 31 36 26 40 126 25 33 159 26 38 507 30 291
internal_value=-1.62673e-06 1.8816e-06 -1.95094e-06 -0.000136167 2.59806e-06 -7.65373e-07 -4.68746e-05 6.45152e-06 -3.36655e-05 8.57641e-06 0.000159131 2.58215e-06 -1.75866e-05 -5.71647e-06
internal_weight=2202 2147 2116 55 2080 2040 343 217 192 1697 64 1633 1126 1096
internal_count=2202 2147 2116 55 2080 2040 343 217 192 1697 64 1633 1126 1096
is_linear=0
shrinkage=0.03


Tree=479
num_leaves=15
num_cat=0
split_feature=15 6 16 12 0 18 18 12 5 12 12 12 15 18
split_gain=0.00108958 0.00178486 0.00332291 0.00292978 0.00260142 0.00155038 0.00270204 0.00179779 0.00181548 0.00190751 0.00175506 0.00168918 0.00146065 0.00141753
threshold=102.16666666666669 1.5000000000000002 75.309523809523824 33.500000000000007 1.5000000000000002 79.875000000000014 82.291666666666671 65.500000000000014 31.500000000000004 76.500000000000014 92.500000000000014 102.50000000000001 107.16666666666667 95.875000000000014
decision_type=2 2 2 2 2 2 2 2 2 2 2 2 2 2
left_child=1 2 4 -3 -1 -4 -7 -8 13 -10 -11 -12 -2 -9
right_child=12 3 5 -5 -6 6 7 8 9 10 11 -13 -14 -15
leaf_value=1.2956486034454427e-06 -0.00027490673353895543 -0.00031752579196888422 -0.00010352066521314738 -8.0010793563579447e-06 0.00034498548734171144 0.00029775714376763273 -0.00018351300908155582 -0.00014109850816153497 0.0002681562316138297 -0.00015675861456979727 0.00030459370937832217 2.6943774975370612e-05 3.1224893108527689e-05 0.00010257229186208859
leaf_weight=31 29 27 78 1619 54 33 35 65 44 30 26 74 26 31
leaf_count=31 29 27 78 1619 54 33 35 65 44 30 26 74 26 31
internal_value=-1.57951e-06 1.82704e-06 5.13485e-05 -1.3268e-05 0.000221112 1.62141e-05 4.40691e-05 1.57375e-05 4.21481e-05 9.97276e-05 4.11091e-05 0.000101434 -0.000132217 -6.21669e-05
internal_weight=2202 2147 501 1646 85 416 338 305 270 174 130 100 55 96
internal_count=2202 2147 501 1646 85 416 338 305 270 174 130 100 55 96
is_linear=0
shrinkage=0.03


Tree=480
num_leaves=15
num_cat=0
split_feature=17 17 17 16 16 11 17 17 12 17 18 18 5 11
split_gain=0.00171253 0.00218858 0.00161784 0.00369152 0.00404827 0.00265995 0.00179442 0.00316496 0.00235334 0.00403156 0.00277138 0.00263381 0.00453058 0.00233512
threshold=23.664709775247481 22.298302248130305 16.032704395266652 64.928571428571445 68.309523809523824 51.500000000000007 15.522640838454585 15.42647598432376 82.500000000000014 15.298614622216322 71.375000000000014 71.375000000000014 32.500000000000007 79.500000000000014
decision_type=2 2 2 2 2 2 2 2 2 2 2 2 2 2
left_child=1 2 6 -4 -5 -6 7 8 9 11 -10 13 -13 -1
right_child=-2 -3 3 4 5 -7 -8 -9 10 -11 -12 12 -14 -15
leaf_value=6.0207379920029777e-06 -0.0002039651728035616 0.00025001958502054381 -0.00030284757062540069 0.00029133657842497708 -0.00029782382748840799 -1.5112929326362923e-05 0.00016335595470836115 -0.00026290810370950828 0.00037611637700216046 0.0003715885394356317 6.0108273464720691e-05 5.6706514968447241e-05 -0.00034029283003362182 0.00023859746825243146
leaf_weight=743 34 32 40 37 30 892 81 34 34 26 89 51 51 40
leaf_count=743 34 32 40 37 30 892 81 34 34 26 89 51 51 40
internal_value=4.22261e-06 7.5616e-06 3.8349e-06 -2.40743e-05 -1.21433e-05 -2.46245e-05 2.81005e-05 1.76991e-05 2.71712e-05 1.04697e-05 0.000149789 -5.46911e-07 -0.00014317 1.81912e-05
internal_weight=2214 2180 2148 999 959 922 1149 1068 1034 911 123 885 102 783
internal_count=2214 2180 2148 999 959 922 1149 1068 1034 911 123 885 102 783
is_linear=0
shrinkage=0.03


Tree=481
num_leaves=15
num_cat=0
split_feature=17 17 17 14 6 16 14 14 14 17 17 16 16 14
split_gain=0.00161419 0.00206307 0.00152386 0.00452719 0.00378075 0.00289496 0.00249007 0.00443565 0.00443656 0.00276502 0.00325682 0.00308893 0.002685 0.00276964
threshold=23.664709775247481 22.298302248130305 16.032704395266652 55.500000000000007 2.5000000000000004 75.464285714285737 75.500000000000014 69.500000000000014 64.500000000000014 16.948100048031602 17.799143906646734 76.500000000000014 75.642857142857153 61.500000000000007
decision_type=2 2 2 2 2 2 2 2 2 2 2 2 2 2
left_child=1 2 -1 4 5 -4 7 8 12 11 -11 -8 -5 -14
right_child=-2 -3 3 6 -6 -7 9 -9 -10 10 -12 -13 13 -15
leaf_value=2.7274923445514538e-05 -0.00019802104173868428 0.00024274627985009417 -0.00017160065852460155 0.00032777389564040684 -1.0648762451625135e-06 -0.00052857941462970042 -0.00028447580875113737 0.00030499136163393076 -0.00030998504573290117 0.00015097444864049729 -3.724590303637132e-05 -1.5174305231613646e-05 -0.00012693696773626029 0.0001566403815333263
leaf_weight=1149 34 32 65 30 72 30 69 61 31 110 324 85 61 61
leaf_count=1149 34 32 65 30 72 30 69 61 31 110 324 85 61 61
internal_value=4.10122e-06 7.34294e-06 3.72467e-06 -2.33618e-05 -0.000165413 -0.000288663 5.31512e-06 8.56839e-05 1.13211e-05 -2.8124e-05 1.06971e-05 -0.000136892 7.84484e-05 1.49725e-05
internal_weight=2214 2180 2148 999 167 95 832 244 183 588 434 154 152 122
internal_count=2214 2180 2148 999 167 95 832 244 183 588 434 154 152 122
is_linear=0
shrinkage=0.03


Tree=482
num_leaves=15
num_cat=0
split_feature=17 17 17 18 18 13 13 13 13 14 17 12 17 11
split_gain=0.00152133 0.00194496 0.00147319 0.00225517 0.00286489 0.00191462 0.00212802 0.0040698 0.00400819 0.00282054 0.0041603 0.00190516 0.00215945 0.00140474
threshold=23.664709775247481 22.298302248130305 21.92736928611231 102.62500000000001 99.875000000000014 104.50000000000001 89.500000000000014 87.500000000000014 90.500000000000014 103.50000000000001 20.33534252269698 77.500000000000014 16.336489467617959 91.500000000000014
decision_type=2 2 2 2 2 2 2 2 2 2 2 2 2 2
left_child=1 2 3 4 5 6 7 9 -8 10 -1 12 -10 -13
right_child=-2 -3 -4 -5 -6 -7 8 -9 11 -11 -12 13 -14 -15
leaf_value=7.4987464778134284e-06 -0.00019225014547867301 0.00023568457384085786 -0.00019529659047045489 0.0002843830198309241 -0.00029285704759190437 0.00017159826529208538 -0.00031905226020468517 0.00025609390156011507 0.00030411912745106602 0.00028539932260173372 -0.00035511291039914917 -4.8083429891658641e-05 -2.4395989595070526e-06 -0.00027910390711059009
leaf_weight=1576 34 32 32 25 28 61 48 60 25 31 28 103 101 30
leaf_count=1576 34 32 32 25 28 61 48 60 25 31 28 103 101 30
internal_value=3.97192e-06 7.11901e-06 3.60585e-06 6.70465e-06 3.25038e-06 7.40923e-06 2.32329e-06 1.54963e-05 -7.02214e-05 6.51591e-06 9.51557e-07 -2.30563e-05 6.03012e-05 -0.000101887
internal_weight=2214 2180 2148 2116 2091 2063 2002 1695 307 1635 1604 259 126 133
internal_count=2214 2180 2148 2116 2091 2063 2002 1695 307 1635 1604 259 126 133
is_linear=0
shrinkage=0.03


Tree=483
num_leaves=15
num_cat=0
split_feature=17 17 17 14 6 16 14 14 14 12 17 17 16 5
split_gain=0.00143387 0.00183354 0.00142004 0.00419222 0.00355333 0.00269393 0.00236349 0.0042027 0.00416298 0.00304787 0.00258522 0.00305097 0.00288506 0.00221155
threshold=23.664709775247481 22.298302248130305 16.032704395266652 55.500000000000007 2.5000000000000004 75.464285714285737 75.500000000000014 69.500000000000014 64.500000000000014 73.500000000000014 16.948100048031602 17.799143906646734 76.500000000000014 32.500000000000007
decision_type=2 2 2 2 2 2 2 2 2 2 2 2 2 2
left_child=1 2 -1 4 5 -4 7 8 9 -5 12 -12 13 -8
right_child=-2 -3 3 6 -6 -7 10 -9 -10 -11 11 -13 -14 -15
leaf_value=2.6229017473372591e-05 -0.00018664742733484933 0.00022882829498319717 -0.00016589997080576391 0.00026807567502837629 -3.2780333964332733e-08 -0.00051027502241213956 -0.00048290954204276203 0.0002967141012777574 -0.00030038098320801511 -1.7243336133280814e-05 0.00014567697176086792 -3.649769960128861e-05 -1.5167529128903391e-05 -0.00013393306234299183
leaf_weight=1149 34 32 65 49 72 30 27 61 31 103 110 324 85 42
leaf_count=1149 34 32 65 49 72 30 27 61 31 103 110 324 85 42
internal_value=3.85087e-06 6.90616e-06 3.49512e-06 -2.26524e-05 -0.000159347 -0.000278833 4.94352e-06 8.32431e-05 1.08602e-05 7.58855e-05 -2.76343e-05 9.90435e-06 -0.000132806 -0.000275437
internal_weight=2214 2180 2148 999 167 95 832 244 183 152 588 434 154 69
internal_count=2214 2180 2148 999 167 95 832 244 183 152 588 434 154 69
is_linear=0
shrinkage=0.03


Tree=484
num_leaves=15
num_cat=0
split_feature=17 17 17 13 13 13 13 13 14 17 13 17 2 11
split_gain=0.00135129 0.00172867 0.00141087 0.00165664 0.00169255 0.00223862 0.00340746 0.00380932 0.00295397 0.00359028 0.0027479 0.001935 0.00248558 0.00179487
threshold=23.664709775247481 22.298302248130305 21.716786411066497 117.50000000000001 107.50000000000001 100.50000000000001 89.500000000000014 87.500000000000014 103.50000000000001 20.33534252269698 90.500000000000014 18.539270003090742 1.0000000180025095e-35 62.500000000000007
decision_type=2 2 2 2 2 2 2 2 2 2 2 2 2 2
left_child=1 2 3 4 5 6 7 8 9 -1 -8 12 -12 -7
right_child=-2 -3 -4 -5 -6 13 10 -9 -10 -11 11 -13 -14 -15
leaf_value=6.3938811351589328e-06 -0.00018120798840287275 0.00022217148145666047 -0.0001591856494308152 0.00024048864062125279 -0.00018929217001277719 -7.681399182830419e-05 -0.00030894190928903504 0.00024735863498492227 0.00027469954125990625 -0.00030977146080906758 0.0001052757523496669 -0.00020900628846421193 -0.00018023778920329142 0.00020561310679305974
leaf_weight=1580 34 32 46 26 39 26 48 60 35 32 82 50 40 84
leaf_count=1580 34 32 46 26 39 26 48 60 35 32 82 50 40 84
internal_value=3.72338e-06 6.68939e-06 3.37734e-06 7.00886e-06 3.97036e-06 7.76159e-06 2.15245e-07 1.45576e-05 5.93171e-06 -7.05097e-08 -0.00011063 -5.38219e-05 1.09605e-05 0.000138767
internal_weight=2214 2180 2148 2102 2076 2037 1927 1707 1647 1612 220 172 122 110
internal_count=2214 2180 2148 2102 2076 2037 1927 1707 1647 1612 220 172 122 110
is_linear=0
shrinkage=0.03


Tree=485
num_leaves=15
num_cat=0
split_feature=6 15 17 11 17 13 11 4 2 18 5 13 15 7
split_gain=0.00236953 0.00376756 0.00452991 0.00157409 0.00575997 0.00223035 0.00258683 0.00183983 0.00327714 0.00300125 0.00636591 0.00442124 0.00341898 0.00213762
threshold=3.5000000000000004 59.500000000000007 12.742877948736886 55.500000000000007 14.971401308589998 81.500000000000014 50.500000000000007 1.5000000000000002 1.0000000180025095e-35 69.583333333333357 32.500000000000007 54.500000000000007 70.166666666666671 14.500000000000002
decision_type=2 2 2 2 2 2 2 2 2 2 2 2 2 2
left_child=1 2 -1 4 -3 6 -6 9 -9 10 -5 -11 -13 -10
right_child=-2 3 -4 7 5 -7 -8 8 13 11 -12 12 -14 -15
leaf_value=0.00049354934931670862 -4.8841309719987093e-05 0.00020640145143810309 6.7750397317398051e-05 -4.5165937927473961e-05 -0.00048507827641775029 -3.9559137101228957e-06 -0.00014372580619237852 -0.00010315625978081767 -1.7703559075016528e-06 -0.0002868340707286016 0.00045863932284587259 0.00031477596118929796 2.9949031721513766e-05 0.0002090507579803253
leaf_weight=31 551 52 77 44 27 57 75 237 149 37 45 39 741 60
leaf_count=31 551 52 77 44 27 57 75 237 149 37 45 39 741 60
internal_value=5.05443e-06 2.28447e-05 0.000193377 1.09452e-05 -6.50732e-05 -0.000154592 -0.000237916 2.28484e-05 -2.69903e-05 4.73853e-05 0.000211833 2.92341e-05 4.45752e-05 5.94597e-05
internal_weight=2222 1671 108 1563 211 159 102 1352 446 906 89 817 780 209
internal_count=2222 1671 108 1563 211 159 102 1352 446 906 89 817 780 209
is_linear=0
shrinkage=0.03


Tree=486
num_leaves=15
num_cat=0
split_feature=6 15 17 18 12 12 12 17 11 4 5 18 15 15
split_gain=0.00223048 0.00355097 0.00427674 0.00157302 0.0019705 0.00236863 0.00388656 0.00150629 0.00247018 0.00215853 0.00614501 0.00190497 0.00180704 0.00295375
threshold=3.5000000000000004 59.500000000000007 12.654756305154349 68.291666666666671 78.500000000000014 71.500000000000014 69.500000000000014 11.858290248557434 74.500000000000014 1.5000000000000002 32.500000000000007 52.125000000000007 52.500000000000007 55.166666666666679
decision_type=2 2 2 2 2 2 2 2 2 2 2 2 2 2
left_child=1 2 -1 4 5 6 7 9 12 10 -2 -11 -9 -14
right_child=3 -3 -4 -5 -6 -7 -8 8 -10 11 -12 -13 13 -15
leaf_value=0.00049287435499718413 -0.00013507660230501525 1.0619710471096986e-05 7.0954686692857645e-05 -0.00023639398783514579 0.00017433931953076496 -0.00025738636291741082 0.00027947172714287743 8.0225497214613773e-06 0.00013420416601002215 1.2099018264658903e-05 0.00047388338526020403 -0.00028789139522884328 -0.00044830248909420332 -0.00012362971160777175
leaf_weight=29 30 1563 79 36 37 44 33 56 34 71 28 25 31 126
leaf_count=29 30 1563 79 36 37 44 33 56 34 71 28 25 31 126
internal_value=4.91173e-06 2.21721e-05 0.00018773 -4.73787e-05 -3.37335e-05 -5.01699e-05 -2.86184e-05 -5.46045e-05 -0.000100372 1.89755e-05 0.000161953 -6.81861e-05 -0.000138268 -0.000190169
internal_weight=2222 1671 108 551 515 478 434 401 247 154 58 96 213 157
internal_count=2222 1671 108 551 515 478 434 401 247 154 58 96 213 157
is_linear=0
shrinkage=0.03


Tree=487
num_leaves=15
num_cat=0
split_feature=4 17 16 16 18 11 11 11 11 16 13 14 12 12
split_gain=0.00121789 0.00211673 0.00225511 0.00230427 0.00173078 0.00180553 0.00305024 0.00233683 0.00264355 0.00226297 0.00254973 0.00160672 0.00154558 0.00378581
threshold=1.0000000180025095e-35 14.687212806202838 72.071428571428584 78.309523809523824 102.62500000000001 107.50000000000001 111.50000000000001 92.500000000000014 91.500000000000014 77.214285714285737 87.500000000000014 88.500000000000014 93.500000000000014 91.500000000000014
decision_type=2 2 2 2 2 2 2 2 2 2 2 2 2 2
left_child=1 -1 -3 -4 5 7 -7 8 12 -9 -11 -12 13 -2
right_child=4 2 3 -5 -6 6 -8 9 -10 10 11 -13 -14 -15
leaf_value=0.00025954169882295123 -7.5102943667602993e-06 -0.00018383413635954065 0.00030171823858836432 2.4292152469612338e-05 0.00023482584808435703 -0.00039820616166772588 2.3964394116774199e-05 0.00035874053379162573 -0.00021947588129680499 -3.0898165369196575e-05 0.00038622940450699792 6.4604125963664799e-05 7.5769129431611641e-05 -0.00027852368280036901
leaf_weight=41 1385 37 31 172 26 27 34 25 53 105 26 30 183 47
leaf_count=41 1385 37 31 172 26 27 34 25 53 105 26 30 183 47
internal_value=4.76664e-06 6.30233e-05 2.85138e-05 6.7929e-05 -3.69533e-06 -7.05461e-06 -0.000166307 -1.72809e-06 -1.2995e-05 9.88394e-05 5.65168e-05 0.000218086 -6.08718e-06 -1.65934e-05
internal_weight=2222 281 240 203 1941 1915 61 1854 1668 186 161 56 1615 1432
internal_count=2222 281 240 203 1941 1915 61 1854 1668 186 161 56 1615 1432
is_linear=0
shrinkage=0.03


Tree=488
num_leaves=15
num_cat=0
split_feature=6 18 11 17 14 12 16 15 15 0 13 15 0 19
split_gain=0.00208364 0.00349188 0.00320726 0.00291622 0.00437736 0.00265379 0.00465444 0.00242824 0.00413208 0.00227504 0.00197314 0.00293595 0.00193551 0.00183782
threshold=3.5000000000000004 68.583333333333357 55.500000000000007 12.893889275369188 64.500000000000014 54.500000000000007 71.928571428571445 62.833333333333336 64.166666666666671 5.5000000000000009 54.500000000000007 70.166666666666671 1.5000000000000002 1.0000000180025095e-35
decision_type=2 2 2 2 2 2 2 2 2 2 2 2 2 2
left_child=1 3 -3 4 -1 6 -4 13 -9 -10 -7 -12 -13 -5
right_child=-2 2 5 7 -6 10 -8 8 9 -11 11 12 -14 -15
leaf_value=0.00052638525812653825 -4.5907978807878424e-05 -0.00016005390145131562 0.00010064159138974818 0.00018019681045753432 6.0500122739800379e-05 -0.00011790553484024711 -0.00030791336636974519 0.00046778076324179501 0.00013209961382393178 -0.00014286662320539889 0.00029563501115741309 0.00010183708530789753 2.3738726083448199e-06 -8.7371467112150542e-05
leaf_weight=32 551 106 43 28 41 79 58 27 120 34 37 232 721 113
leaf_count=32 551 106 43 28 41 79 58 27 120 34 37 232 721 113
internal_value=4.63189e-06 2.13145e-05 -2.83537e-06 9.9138e-05 0.000269077 1.15329e-05 -0.000134693 5.98977e-05 0.000132316 7.08627e-05 2.54614e-05 3.70092e-05 2.66687e-05 -3.33425e-05
internal_weight=2222 1671 1276 395 73 1170 101 322 181 154 1069 990 953 141
internal_count=2222 1671 1276 395 73 1170 101 322 181 154 1069 990 953 141
is_linear=0
shrinkage=0.03


Tree=489
num_leaves=15
num_cat=0
split_feature=6 15 17 18 13 13 13 11 11 13 13 16 16 17
split_gain=0.00196178 0.00329427 0.00385696 0.00146271 0.00186264 0.00322429 0.00528109 0.00173497 0.00266561 0.00192682 0.00205901 0.00247436 0.002369 0.00316635
threshold=3.5000000000000004 59.500000000000007 12.742877948736886 68.291666666666671 79.500000000000014 71.500000000000014 69.500000000000014 74.500000000000014 71.500000000000014 54.500000000000007 41.500000000000007 53.500000000000007 50.071428571428577 11.858290248557434
decision_type=2 2 2 2 2 2 2 2 2 2 2 2 2 2
left_child=1 2 -1 4 5 6 7 8 9 10 11 -2 -12 -14
right_child=3 -3 -4 -5 -6 -7 -8 -9 -10 -11 12 -13 13 -15
leaf_value=0.00045714420404692642 3.2512700389539215e-05 9.5673688213925841e-06 6.4209273729759909e-05 -0.00022679504116043776 0.00021620922027907978 -0.00025869818956477633 0.00034229823511422555 0.00018104160264816269 -0.00034561844018753617 -0.0001200047987259759 -0.00015327900673987136 -0.00032604563831617787 0.00043434340431953647 5.5087091772293205e-05
leaf_weight=31 45 1563 77 36 25 55 33 27 27 154 26 27 27 69
leaf_count=31 45 1563 77 36 25 55 33 27 27 154 26 27 27 69
internal_value=4.5065e-06 2.0694e-05 0.000180155 -4.45332e-05 -3.13778e-05 -4.44244e-05 -1.68011e-05 -4.70556e-05 -6.39164e-05 -4.11325e-05 2.17717e-05 -0.000104571 9.65787e-05 0.000165131
internal_weight=2222 1671 108 551 515 490 435 402 375 348 194 72 122 96
internal_count=2222 1671 108 551 515 490 435 402 375 348 194 72 122 96
is_linear=0
shrinkage=0.03


Tree=490
num_leaves=15
num_cat=0
split_feature=6 13 18 14 16 14 11 14 11 17 14 14 16 18
split_gain=0.00260821 0.00338797 0.00231825 0.00196689 0.00281269 0.00211037 0.00332974 0.00206132 0.00292958 0.002668 0.00175491 0.00140296 0.00138813 0.0018961
threshold=3.5000000000000004 39.500000000000007 68.291666666666671 39.500000000000007 53.785714285714292 50.500000000000007 50.500000000000007 65.500000000000014 59.500000000000007 11.858290248557434 47.500000000000007 61.500000000000007 58.226190476190482 59.875000000000007
decision_type=2 2 2 2 2 2 2 2 2 2 2 2 2 2
left_child=1 -1 3 4 -2 6 -5 8 -7 -9 -8 -10 -11 -14
right_child=2 -3 -4 5 -6 7 10 9 11 12 -12 -13 13 -15
leaf_value=0.00030699208092742732 -8.4745978286567456e-06 8.6714145851628687e-06 -0.00028057134982373099 0.00029798722747431764 -0.0003978667085902998 -3.7477056863398525e-05 -0.00013038009230513124 0.00029036474293276954 -0.00015845782571705059 -0.00021769023877793862 0.0001500470728478831 -0.00046468499742331911 0.00018533883199435533 -7.6536171242734877e-05
leaf_weight=34 35 1630 39 42 31 92 53 25 29 30 31 27 36 75
leaf_count=34 35 1630 39 42 31 92 53 25 29 30 31 27 36 75
internal_value=-3.71305e-06 1.49476e-05 -6.06111e-05 -4.31377e-05 -0.000194579 -2.00317e-05 8.32632e-05 -6.1614e-05 -0.000142619 1.10292e-05 -2.63414e-05 -0.000311665 -4.01944e-05 9.29275e-06
internal_weight=2209 1664 545 506 66 440 126 314 148 166 84 56 141 111
internal_count=2209 1664 545 506 66 440 126 314 148 166 84 56 141 111
is_linear=0
shrinkage=0.03


Tree=491
num_leaves=15
num_cat=0
split_feature=6 13 18 14 16 14 14 16 14 13 2 14 14 16
split_gain=0.00245757 0.00319354 0.00218459 0.00185439 0.00265159 0.00198906 0.00228126 0.00236571 0.00194381 0.00184699 0.00176449 0.00158615 0.00259652 0.00196453
threshold=3.5000000000000004 39.500000000000007 68.291666666666671 39.500000000000007 53.785714285714292 50.500000000000007 47.500000000000007 55.071428571428577 65.500000000000014 53.500000000000007 1.0000000180025095e-35 71.500000000000014 74.500000000000014 60.785714285714292
decision_type=2 2 2 2 2 2 2 2 2 2 2 2 2 2
left_child=1 -1 3 4 -2 6 7 -5 9 -7 -11 13 -13 -10
right_child=2 -3 -4 5 -6 8 -8 -9 11 10 -12 12 -14 -15
leaf_value=0.00029804545441376311 -8.227423046870778e-06 8.4114322531010117e-06 -0.00027236463144072326 0.00014243075147617694 -0.00038630372238912969 -2.7355403575105204e-05 0.00025248327026686945 -0.00017608635655672449 0.00027378003262648625 -0.00033729628782789661 -3.024227573335408e-05 -0.00030037135576769228 4.7017791993522014e-05 -1.7762549803312419e-05
leaf_weight=34 35 1630 39 42 31 71 44 40 34 52 25 30 51 51
leaf_count=34 35 1630 39 42 31 71 44 40 34 52 25 30 51 51
internal_value=-3.60889e-06 1.45049e-05 -5.88394e-05 -4.18771e-05 -0.000188924 -1.94417e-05 8.08404e-05 -1.3193e-05 -5.98112e-05 -0.000138474 -0.000239269 1.07309e-05 -8.37389e-05 0.000100682
internal_weight=2209 1664 545 506 66 440 126 82 314 148 77 166 81 85
internal_count=2209 1664 545 506 66 440 126 82 314 148 77 166 81 85
is_linear=0
shrinkage=0.03


Tree=492
num_leaves=15
num_cat=0
split_feature=6 13 18 14 16 14 14 16 14 15 0 14 14 18
split_gain=0.00231569 0.00301026 0.00205862 0.00174829 0.00249972 0.00187395 0.00214944 0.00222918 0.00183095 0.00180064 0.00151768 0.00118644 0.00186548 0.00561859
threshold=3.5000000000000004 39.500000000000007 68.291666666666671 39.500000000000007 53.785714285714292 50.500000000000007 47.500000000000007 55.071428571428577 65.500000000000014 47.166666666666679 1.5000000000000002 85.000000000000014 82.500000000000014 76.583333333333357
decision_type=2 2 2 2 2 2 2 2 2 2 2 2 2 2
left_child=1 -1 3 4 -2 6 7 -5 9 -7 -10 12 -3 -14
right_child=2 11 -4 5 -6 8 -8 -9 10 -11 -12 -13 13 -15
leaf_value=0.00028935955597886016 -7.987459224144307e-06 1.7268682785591522e-05 -0.00026439796683553143 0.00013825719550706792 -0.00037507675833694517 7.1270029922391496e-05 0.0002450770978660633 -0.00017093260863387002 0.00021197936261419922 -0.00018684732238260712 -2.9978875736040728e-05 -2.5393316202826098e-05 0.00049349030600218428 -6.9468198792795491e-05
leaf_weight=34 35 968 39 42 31 30 44 40 27 118 139 599 28 35
leaf_count=34 35 968 39 42 31 30 44 40 27 118 139 599 28 35
internal_value=-3.50787e-06 1.40753e-05 -5.71204e-05 -4.06544e-05 -0.000183433 -1.88703e-05 7.84669e-05 -1.28094e-05 -5.80542e-05 -0.000134399 1.04095e-05 8.15924e-06 2.76586e-05 0.000184537
internal_weight=2209 1664 545 506 66 440 126 82 314 148 166 1630 1031 63
internal_count=2209 1664 545 506 66 440 126 82 314 148 166 1630 1031 63
is_linear=0
shrinkage=0.03


Tree=493
num_leaves=15
num_cat=0
split_feature=6 18 14 15 5 17 5 16 12 16 15 7 0 18
split_gain=0.00218091 0.0022443 0.0054072 0.00325255 0.00241649 0.00505807 0.00262646 0.0027651 0.00233618 0.00288873 0.0021068 0.00204881 0.00198075 0.00194039
threshold=3.5000000000000004 73.625000000000014 39.500000000000007 71.500000000000014 31.500000000000004 13.825442385068433 32.500000000000007 66.500000000000014 55.500000000000007 73.690476190476204 66.500000000000014 11.000000000000002 5.5000000000000009 68.291666666666671
decision_type=2 2 2 2 2 2 2 2 2 2 2 2 2 2
left_child=1 2 -1 4 -4 11 10 -8 9 -3 -7 -6 -10 -2
right_child=13 8 3 -5 5 6 7 -9 12 -11 -12 -13 -14 -15
leaf_value=0.00046556807152228427 -3.9440960291901893e-05 8.1240557315490701e-05 0.00011213473755812558 0.00016782802166366256 0.00026683006623259527 -0.00015474728039667493 -0.0001892275085645871 7.9920333507151834e-05 -1.4743265907944895e-05 -0.00031372531244414857 -0.00048738478951585986 1.869286604492767e-05 0.0001369703319060671 -0.00025666432901562077
leaf_weight=27 506 25 129 136 46 55 64 72 871 47 25 83 84 39
leaf_count=27 506 25 129 136 46 55 64 72 871 47 25 83 84 39
internal_value=-3.39807e-06 1.36657e-05 5.78583e-05 3.90797e-05 1.86373e-06 -3.9573e-05 -0.000128127 -4.71942e-05 -1.37745e-05 -0.00017735 -0.00026343 0.000108548 -1.26951e-06 -5.5427e-05
internal_weight=2209 1664 637 610 474 345 216 136 1027 72 80 129 955 545
internal_count=2209 1664 637 610 474 345 216 136 1027 72 80 129 955 545
is_linear=0
shrinkage=0.03


Tree=494
num_leaves=15
num_cat=0
split_feature=2 4 15 5 18 18 5 0 15 18 0 0 15 5
split_gain=0.0011673 0.0034787 0.00345464 0.00321373 0.00207617 0.00274866 0.00239506 0.00303085 0.00249607 0.00339943 0.00420368 0.00242256 0.00203393 0.0101039
threshold=1.0000000180025095e-35 1.5000000000000002 70.166666666666671 31.500000000000004 74.875000000000014 79.125000000000014 32.500000000000007 1.5000000000000002 69.500000000000014 55.125000000000007 2.5000000000000004 4.5000000000000009 73.833333333333357 32.500000000000007
decision_type=2 2 2 2 2 2 2 2 2 2 2 2 2 2
left_child=1 3 -2 -1 6 -6 8 -8 9 -3 -11 -9 13 -5
right_child=2 4 -4 12 5 -7 7 11 -10 10 -12 -13 -14 -15
leaf_value=-0.0002498408040039521 0.00011049363482289732 0.00021923652592752325 -2.6853774300797797e-05 -0.00030506775279658598 -0.00042554059775926252 -8.5973262513241517e-05 -0.00026329011122205756 4.4878457104603415e-05 0.00029230364526076046 0.00014717087514740836 -0.00028343306715315617 -0.00018042491617329092 6.3690983327736221e-05 4.8762691969992982e-05
leaf_weight=39 278 37 402 90 33 60 78 113 28 32 53 68 539 359
leaf_count=39 278 37 402 90 33 60 78 113 28 32 53 68 539 359
internal_value=-3.29785e-06 -1.78391e-05 2.93769e-05 1.38063e-05 -8.24787e-05 -0.00020971 -5.31074e-05 -0.000108204 4.21129e-05 -1.72176e-05 -0.000121497 -4.02922e-05 2.44555e-05 -2.26813e-05
internal_weight=2209 1529 680 1027 502 93 409 259 150 122 85 181 988 449
internal_count=2209 1529 680 1027 502 93 409 259 150 122 85 181 988 449
is_linear=0
shrinkage=0.03


Tree=495
num_leaves=15
num_cat=0
split_feature=12 6 16 16 14 14 16 0 15 13 15 11 12 12
split_gain=0.00119302 0.00184868 0.00241681 0.00230876 0.00301632 0.00361603 0.00434051 0.00287128 0.00190596 0.00315759 0.00207144 0.00159795 0.0018764 0.00331833
threshold=107.50000000000001 1.5000000000000002 86.928571428571445 75.309523809523824 62.500000000000007 76.500000000000014 90.785714285714292 1.5000000000000002 80.833333333333357 76.500000000000014 77.416666666666671 41.500000000000007 89.500000000000014 86.500000000000014
decision_type=2 2 2 2 2 2 2 2 2 2 2 2 2 2
left_child=1 3 11 7 -5 6 -6 -1 10 -10 -7 -3 13 -13
right_child=-2 2 -4 4 5 8 -8 -9 9 -11 -12 12 -14 -15
leaf_value=-3.2096787171828885e-05 -9.4882998782107886e-05 -0.0001213268367881825 -0.00026947188406484197 -0.00020385093829285915 0.00046585112362383652 6.9472081072903655e-06 1.7792447251849808e-05 0.00032950228619340217 0.00027180381675010563 -1.1805491238027621e-05 -0.00032446452257967653 1.1304976071440755e-05 -7.9122493687983864e-05 0.00023264703861514135
leaf_weight=30 97 88 29 42 38 43 39 56 46 142 27 1286 188 63
leaf_count=30 97 88 29 42 38 43 39 56 46 142 27 1286 188 63
internal_value=7.45471e-06 1.21864e-05 -2.65709e-06 6.51039e-05 3.28613e-05 6.3057e-05 0.00024205 0.000204444 8.90836e-06 5.86592e-05 -0.000123653 2.26733e-06 9.41792e-06 2.18066e-05
internal_weight=2214 2117 1654 463 377 335 77 86 258 188 70 1625 1537 1349
internal_count=2214 2117 1654 463 377 335 77 86 258 188 70 1625 1537 1349
is_linear=0
shrinkage=0.03


Tree=496
num_leaves=15
num_cat=0
split_feature=4 15 13 11 6 18 4 15 7 16 14 14 14 16
split_gain=0.00130664 0.00246196 0.00151056 0.00243155 0.00216541 0.00187815 0.00282235 0.00134198 0.00123627 0.00117236 0.0011161 0.00305658 0.00159883 0.00115928
threshold=2.5000000000000004 70.416666666666671 39.500000000000007 41.500000000000007 3.5000000000000004 53.625000000000007 1.5000000000000002 52.833333333333336 14.500000000000002 64.773809523809533 107.50000000000001 105.50000000000001 120.00000000000001 92.928571428571445
decision_type=2 2 2 2 2 2 2 2 2 2 2 2 2 2
left_child=2 8 4 -4 -1 6 -5 -7 9 -2 11 -9 13 -12
right_child=1 -3 3 5 -6 7 -8 10 -10 -11 12 -13 -14 -15
leaf_value=0.00036706315044564405 -3.7832267599452918e-05 -0.00023526144416661867 -0.00018771759884376397 0.00039363858896179191 3.2110567747925715e-05 -0.0001752886335515151 1.0422514189320448e-05 1.2682169340223481e-05 -0.00011520678670756157 0.00019106824982736726 -3.3865018668652265e-05 0.00032875514668765905 7.6176140004203513e-05 -0.00029589359569774171
leaf_weight=25 40 55 54 28 53 34 43 1673 48 39 28 27 34 33
leaf_count=25 40 55 54 28 53 34 43 1673 48 39 28 27 34 33
internal_value=7.23376e-06 -6.95528e-05 1.41421e-05 8.93777e-06 0.000142755 1.46227e-05 0.000164918 8.70147e-06 3.48808e-06 7.61451e-05 1.22822e-05 1.78925e-05 -8.72532e-05 -0.000178104
internal_weight=2214 182 2032 1954 78 1900 71 1829 127 79 1795 1700 95 61
internal_count=2214 182 2032 1954 78 1900 71 1829 127 79 1795 1700 95 61
is_linear=0
shrinkage=0.03


Tree=497
num_leaves=15
num_cat=0
split_feature=4 15 13 11 6 18 7 6 16 17 16 15 17 7
split_gain=0.00123063 0.00231916 0.00142456 0.00229035 0.00204253 0.00177112 0.00279215 0.00126662 0.00226661 0.00410579 0.00328463 0.00217301 0.0019096 0.00261161
threshold=2.5000000000000004 70.416666666666671 39.500000000000007 41.500000000000007 3.5000000000000004 53.625000000000007 14.500000000000002 3.5000000000000004 63.071428571428577 13.825442385068433 60.500000000000007 63.500000000000007 14.687212806202838 14.500000000000002
decision_type=2 2 2 2 2 2 2 2 2 2 2 2 2 2
left_child=2 -2 4 -4 -1 6 -5 8 9 10 -7 12 -10 -14
right_child=1 -3 3 5 -6 7 -8 -9 11 -11 -12 -13 13 -15
leaf_value=0.00035647480247112418 3.3923539672287005e-06 -0.00022832963140120098 -0.00018218846252420916 -1.1422639712691307e-05 3.1165089474395948e-05 0.00010339587048656541 0.00036323980698150322 -4.4103730211181405e-05 -0.00030471689523463801 -9.2586166982073335e-05 0.00052052770136675288 2.0087051005145439e-05 -0.00020754619295158507 0.0001827315230259736
leaf_weight=25 127 55 54 39 53 39 32 336 34 39 30 1291 32 28
leaf_count=25 127 55 54 39 53 39 32 336 34 39 30 1291 32 28
internal_value=7.02123e-06 -6.74986e-05 1.37257e-05 8.67161e-06 0.000138624 1.4189e-05 0.000160139 8.43899e-06 2.02854e-05 0.000152007 0.000289603 9.91167e-06 -0.000128578 -2.54067e-05
internal_weight=2214 182 2032 1954 78 1900 71 1829 1493 108 69 1385 94 60
internal_count=2214 182 2032 1954 78 1900 71 1829 1493 108 69 1385 94 60
is_linear=0
shrinkage=0.03


Tree=498
num_leaves=15
num_cat=0
split_feature=4 15 18 13 11 12 12 8 15 16 18 13 12 11
split_gain=0.0011593 0.00218449 0.00138163 0.00373864 0.00181936 0.00126247 0.00162541 0.00116481 0.00110593 0.00110479 0.0010445 0.00165946 0.000986846 0.000907993
threshold=2.5000000000000004 70.416666666666671 51.583333333333336 45.500000000000007 41.500000000000007 107.50000000000001 105.50000000000001 5.8000000000000007 50.166666666666679 64.773809523809533 98.833333333333357 111.50000000000001 111.50000000000001 53.500000000000007
decision_type=2 2 2 2 2 2 2 2 2 2 2 2 2 2
left_child=2 7 3 -1 -4 6 10 9 -5 -2 11 13 -7 -6
right_child=1 -3 4 8 5 12 -8 -9 -10 -11 -12 -13 -14 -15
leaf_value=0.00032539639025344511 -3.6824269805148971e-05 -0.00022160206114936695 -0.00020988563125309367 -0.00017588396149221806 6.650302903946751e-05 -0.00023012201231722428 0.00023259217234989328 -0.00011192081378516266 8.4425460832614086e-05 0.00018538027867907658 -0.0001309162963265077 0.00023830436062416993 -2.6628834913474325e-05 4.178102953091249e-06
leaf_weight=44 40 55 33 27 245 31 30 48 30 39 43 29 66 1454
leaf_count=44 40 55 33 27 245 31 30 48 30 39 43 29 66 1454
internal_value=6.8175e-06 -6.55105e-05 1.33247e-05 0.000120934 7.6366e-06 1.15271e-05 1.72242e-05 3.29138e-06 -3.97855e-05 7.38177e-05 1.34468e-05 1.71128e-05 -9.33473e-05 1.31993e-05
internal_weight=2214 182 2032 101 1931 1898 1801 127 57 79 1771 1728 97 1699
internal_count=2214 182 2032 101 1931 1898 1801 127 57 79 1771 1728 97 1699
is_linear=0
shrinkage=0.03


Tree=499
num_leaves=15
num_cat=0
split_feature=6 16 4 13 13 12 12 12 15 16 0 0 13 16
split_gain=0.00111797 0.00403281 0.00671506 0.00238508 0.00209842 0.00206907 0.00203992 0.001713 0.00168774 0.00191528 0.00159467 0.00131727 0.00172426 0.00558276
threshold=3.5000000000000004 63.071428571428577 1.5000000000000002 36.500000000000007 53.500000000000007 53.500000000000007 65.500000000000014 71.500000000000014 50.500000000000007 60.500000000000007 3.5000000000000004 5.5000000000000009 52.500000000000007 68.309523809523824
decision_type=2 2 2 2 2 2 2 2 2 2 2 2 2 2
left_child=1 2 -1 -2 -5 8 10 -8 -6 -10 -7 12 13 -3
right_child=3 11 -4 4 5 6 7 -9 9 -11 -12 -13 -14 -15
leaf_value=0.00060671805108610823 -0.00030554394793903659 0.00010805867987741924 7.4061165161600157e-05 6.0675204076687797e-05 -0.00019588544918625649 -0.00042308948992626934 6.3319973079108781e-05 -0.00018299674194149329 0.00015638563748660472 -6.9516529214614246e-05 -0.00011076648754533381 7.3189272171666112e-05 3.0677324955619722e-06 -0.00033487743982631298
leaf_weight=25 26 48 120 197 28 31 52 48 75 60 29 214 1208 53
leaf_count=25 26 48 120 197 28 31 52 48 75 60 29 214 1208 53
internal_value=6.61288e-06 1.8809e-05 0.000169425 -3.06117e-05 -1.6305e-05 -6.32982e-05 -0.000139582 -5.55533e-05 1.19764e-05 5.62118e-05 -0.000276424 4.3675e-06 -6.93101e-06 -0.000125378
internal_weight=2214 1668 145 546 520 323 160 100 163 135 60 1523 1309 101
internal_count=2214 1668 145 546 520 323 160 100 163 135 60 1523 1309 101
is_linear=0
shrinkage=0.03


end of trees

feature_importances:
rolling_mean_7=914
day_of_week=653
same_dow_last_4w_mean=589
rolling_std_7=580
lag_2_sold=564
weather_code=516
lag_1_sold=502
lag_7_sold=472
category_id=451
lag_3_sold=438
price=381
rolling_mean_3=329
is_exam_week=234
temp_max_c=214
is_weekend=86
unit_cost=54
is_school_holiday=23

parameters:
[boosting: gbdt]
[objective: regression]
[metric: l2]
[tree_learner: serial]
[device_type: cpu]
[data_sample_strategy: bagging]
[data: ]
[valid: ]
[num_iterations: 500]
[learning_rate: 0.03]
[num_leaves: 15]
[num_threads: 24]
[seed: 42]
[deterministic: 0]
[force_col_wise: 0]
[force_row_wise: 0]
[histogram_pool_size: -1]
[max_depth: -1]
[min_data_in_leaf: 25]
[min_sum_hessian_in_leaf: 0.001]
[bagging_fraction: 0.85]
[pos_bagging_fraction: 1]
[neg_bagging_fraction: 1]
[bagging_freq: 5]
[bagging_seed: 400]
[bagging_by_query: 0]
[feature_fraction: 0.85]
[feature_fraction_bynode: 1]
[feature_fraction_seed: 30056]
[extra_trees: 0]
[extra_seed: 12879]
[early_stopping_round: 0]
[early_stopping_min_delta: 0]
[first_metric_only: 0]
[max_delta_step: 0]
[lambda_l1: 0]
[lambda_l2: 1]
[linear_lambda: 0]
[min_gain_to_split: 0]
[drop_rate: 0.1]
[max_drop: 50]
[skip_drop: 0.5]
[xgboost_dart_mode: 0]
[uniform_drop: 0]
[drop_seed: 17869]
[top_rate: 0.2]
[other_rate: 0.1]
[min_data_per_group: 100]
[max_cat_threshold: 32]
[cat_l2: 10]
[cat_smooth: 10]
[max_cat_to_onehot: 4]
[top_k: 20]
[monotone_constraints: ]
[monotone_constraints_method: basic]
[monotone_penalty: 0]
[feature_contri: ]
[forcedsplits_filename: ]
[refit_decay_rate: 0.9]
[cegb_tradeoff: 1]
[cegb_penalty_split: 0]
[cegb_penalty_feature_lazy: ]
[cegb_penalty_feature_coupled: ]
[path_smooth: 0]
[interaction_constraints: ]
[verbosity: -1]
[saved_feature_importance_type: 0]
[use_quantized_grad: 0]
[num_grad_quant_bins: 4]
[quant_train_renew_leaf: 0]
[stochastic_rounding: 1]
[linear_tree: 0]
[max_bin: 255]
[max_bin_by_feature: ]
[min_data_in_bin: 3]
[bin_construct_sample_cnt: 200000]
[data_random_seed: 175]
[is_enable_sparse: 1]
[enable_bundle: 1]
[use_missing: 1]
[zero_as_missing: 0]
[feature_pre_filter: 1]
[pre_partition: 0]
[two_round: 0]
[header: 0]
[label_column: ]
[weight_column: ]
[group_column: ]
[ignore_column: ]
[categorical_feature: ]
[forcedbins_filename: ]
[precise_float_parser: 0]
[parser_config_file: ]
[objective_seed: 16083]
[num_class: 1]
[is_unbalance: 0]
[scale_pos_weight: 1]
[sigmoid: 1]
[boost_from_average: 1]
[reg_sqrt: 0]
[alpha: 0.9]
[fair_c: 1]
[poisson_max_delta_step: 0.7]
[tweedie_variance_power: 1.5]
[lambdarank_truncation_level: 30]
[lambdarank_norm: 1]
[label_gain: ]
[lambdarank_position_bias_regularization: 0]
[eval_at: ]
[multi_error_top_k: 1]
[auc_mu_weights: ]
[num_machines: 1]
[local_listen_port: 12400]
[time_out: 120]
[machine_list_filename: ]
[machines: ]
[gpu_platform_id: -1]
[gpu_device_id: -1]
[gpu_use_dp: 0]
[num_gpu: 1]

end of parameters

pandas_categorical:[]
